4.073189912990415451e+03 1.926779751476560705e+03 0.000000000000000000e+00 4.699999999991560458e+02 0.000000000000000000e+00 0.000000000000000000e+00 0.000000000000000000e+00 4.699999999990124024e+02 0.000000000000000000e+00 0.000000000000000000e+00 0.000000000000000000e+00 4.699999999990124024e+02 0.000000000000000000e+00 0.000000000000000000e+00 0.000000000000000000e+00 4.699999999991560458e+02 0.000000000000000000e+00 0.000000000000000000e+00 0.000000000000000000e+00
4.073188930784125205e+03 2.273188930783046544e+03 0.000000000000000000e+00 4.699999999990953370e+02 0.000000000000000000e+00 0.000000000000000000e+00 0.000000000000000000e+00 4.699999999990046717e+02 0.000000000000000000e+00 0.000000000000000000e+00 0.000000000000000000e+00 4.699999999990046717e+02 0.000000000000000000e+00 0.000000000000000000e+00 0.000000000000000000e+00 4.699999999990953370e+02 0.000000000000000000e+00 0.000000000000000000e+00 0.000000000000000000e+00
3.726757172100077696e+03 1.926757172101458991e+03 0.000000000000000000e+00 4.699999999991635491e+02 0.000000000000000000e+00 0.000000000000000000e+00 0.000000000000000000e+00 4.699999999990718038e+02 0.000000000000000000e+00 0.000000000000000000e+00 0.000000000000000000e+00 4.699999999990718038e+02 0.000000000000000000e+00 0.000000000000000000e+00 0.000000000000000000e+00 4.699999999991635491e+02 0.000000000000000000e+00 0.000000000000000000e+00 0.000000000000000000e+00
3.726765615777362655e+03 2.273175777291543909e+03 0.000000000000000000e+00 4.699999999991030109e+02 0.000000000000000000e+00 0.000000000000000000e+00 0.000000000000000000e+00 4.699999999990640731e+02 0.000000000000000000e+00 0.000000000000000000e+00 0.000000000000000000e+00 4.699999999990640731e+02 0.000000000000000000e+00 0.000000000000000000e+00 0.000000000000000000e+00 4.699999999991030109e+02 0.000000000000000000e+00 0.000000000000000000e+00 0.000000000000000000e+00
3.726769133083525503e+03 2.526769133083407269e+03 0.000000000000000000e+00 4.699999999990758397e+02 0.000000000000000000e+00 0.000000000000000000e+00 0.000000000000000000e+00 4.699999999990155857e+02 0.000000000000000000e+00 0.000000000000000000e+00 0.000000000000000000e+00 4.699999999990155857e+02 0.000000000000000000e+00 0.000000000000000000e+00 0.000000000000000000e+00 4.699999999990758397e+02 0.000000000000000000e+00 0.000000000000000000e+00 0.000000000000000000e+00
4.073193524948957474e+03 2.526783363433555223e+03 0.000000000000000000e+00 4.699999999990679953e+02 0.000000000000000000e+00 0.000000000000000000e+00 0.000000000000000000e+00 4.699999999989547064e+02 0.000000000000000000e+00 0.000000000000000000e+00 0.000000000000000000e+00 4.699999999989547064e+02 0.000000000000000000e+00 0.000000000000000000e+00 0.000000000000000000e+00 4.699999999990679953e+02 0.000000000000000000e+00 0.000000000000000000e+00 0.000000000000000000e+00
3.726779807664214786e+03 2.873189969177207786e+03 0.000000000000000000e+00 4.699999999990781134e+02 0.000000000000000000e+00 0.000000000000000000e+00 0.000000000000000000e+00 4.699999999990158699e+02 0.000000000000000000e+00 0.000000000000000000e+00 0.000000000000000000e+00 4.699999999990158699e+02 0.000000000000000000e+00 0.000000000000000000e+00 0.000000000000000000e+00 4.699999999990781134e+02 0.000000000000000000e+00 0.000000000000000000e+00 0.000000000000000000e+00
4.073197549848155177e+03 2.873197549846238871e+03 0.000000000000000000e+00 4.699999999990703827e+02 0.000000000000000000e+00 0.000000000000000000e+00 0.000000000000000000e+00 4.699999999989549906e+02 0.000000000000000000e+00 0.000000000000000000e+00 0.000000000000000000e+00 4.699999999989549906e+02 0.000000000000000000e+00 0.000000000000000000e+00 0.000000000000000000e+00 4.699999999990703827e+02 0.000000000000000000e+00 0.000000000000000000e+00 0.000000000000000000e+00
7.218277258655784863e+02 7.218277258690814051e+02 0.000000000000000000e+00 4.699999999982714485e+02 0.000000000000000000e+00 0.000000000000000000e+00 0.000000000000000000e+00 4.699999999982086365e+02 0.000000000000000000e+00 0.000000000000000000e+00 0.000000000000000000e+00 4.699999999982086365e+02 0.000000000000000000e+00 0.000000000000000000e+00 0.000000000000000000e+00 4.699999999982714485e+02 0.000000000000000000e+00 0.000000000000000000e+00 0.000000000000000000e+00
1.067597766223534791e+03 7.211876047132233225e+02 0.000000000000000000e+00 4.699999999983065209e+02 0.000000000000000000e+00 0.000000000000000000e+00 0.000000000000000000e+00 4.699999999984828492e+02 0.000000000000000000e+00 0.000000000000000000e+00 0.000000000000000000e+00 4.699999999984828492e+02 0.000000000000000000e+00 0.000000000000000000e+00 0.000000000000000000e+00 4.699999999983065209e+02 0.000000000000000000e+00 0.000000000000000000e+00 0.000000000000000000e+00
7.210067348134853091e+02 1.067416896331892076e+03 0.000000000000000000e+00 4.699999999982380245e+02 0.000000000000000000e+00 0.000000000000000000e+00 0.000000000000000000e+00 4.699999999982046575e+02 0.000000000000000000e+00 0.000000000000000000e+00 0.000000000000000000e+00 4.699999999982046575e+02 0.000000000000000000e+00 0.000000000000000000e+00 0.000000000000000000e+00 4.699999999982380245e+02 0.000000000000000000e+00 0.000000000000000000e+00 0.000000000000000000e+00
1.068546725236312568e+03 1.068546725239927582e+03 0.000000000000000000e+00 4.699999999982730401e+02 0.000000000000000000e+00 0.000000000000000000e+00 0.000000000000000000e+00 4.699999999984781311e+02 0.000000000000000000e+00 0.000000000000000000e+00 0.000000000000000000e+00 4.699999999984781311e+02 0.000000000000000000e+00 0.000000000000000000e+00 0.000000000000000000e+00 4.699999999982730401e+02 0.000000000000000000e+00 0.000000000000000000e+00 0.000000000000000000e+00
3.126750355597728230e+03 3.126750355597946054e+03 0.000000000000000000e+00 4.699999999991484287e+02 0.000000000000000000e+00 0.000000000000000000e+00 0.000000000000000000e+00 4.699999999990859010e+02 0.000000000000000000e+00 0.000000000000000000e+00 0.000000000000000000e+00 4.699999999990859010e+02 0.000000000000000000e+00 0.000000000000000000e+00 0.000000000000000000e+00 4.699999999991484287e+02 0.000000000000000000e+00 0.000000000000000000e+00 0.000000000000000000e+00
3.473187222676402143e+03 3.126777061162080372e+03 0.000000000000000000e+00 4.699999999991484856e+02 0.000000000000000000e+00 0.000000000000000000e+00 0.000000000000000000e+00 4.699999999990858441e+02 0.000000000000000000e+00 0.000000000000000000e+00 0.000000000000000000e+00 4.699999999990858441e+02 0.000000000000000000e+00 0.000000000000000000e+00 0.000000000000000000e+00 4.699999999991484856e+02 0.000000000000000000e+00 0.000000000000000000e+00 0.000000000000000000e+00
3.126778861185842743e+03 3.473189022698882582e+03 0.000000000000000000e+00 4.699999999992115818e+02 0.000000000000000000e+00 0.000000000000000000e+00 0.000000000000000000e+00 4.699999999990940864e+02 0.000000000000000000e+00 0.000000000000000000e+00 0.000000000000000000e+00 4.699999999990940864e+02 0.000000000000000000e+00 0.000000000000000000e+00 0.000000000000000000e+00 4.699999999992115818e+02 0.000000000000000000e+00 0.000000000000000000e+00 0.000000000000000000e+00
3.473192247756559027e+03 3.473192247755403514e+03 0.000000000000000000e+00 4.699999999992116386e+02 0.000000000000000000e+00 0.000000000000000000e+00 0.000000000000000000e+00 4.699999999990939159e+02 0.000000000000000000e+00 0.000000000000000000e+00 0.000000000000000000e+00 4.699999999990939159e+02 0.000000000000000000e+00 0.000000000000000000e+00 0.000000000000000000e+00 4.699999999992116386e+02 0.000000000000000000e+00 0.000000000000000000e+00 0.000000000000000000e+00
2.273054759974193985e+03 3.126644598462443355e+03 0.000000000000000000e+00 4.699999999989610160e+02 0.000000000000000000e+00 0.000000000000000000e+00 0.000000000000000000e+00 4.699999999989217940e+02 0.000000000000000000e+00 0.000000000000000000e+00 0.000000000000000000e+00 4.699999999989217940e+02 0.000000000000000000e+00 0.000000000000000000e+00 0.000000000000000000e+00 4.699999999989610160e+02 0.000000000000000000e+00 0.000000000000000000e+00 0.000000000000000000e+00
2.273126540747374747e+03 3.473126540748628486e+03 0.000000000000000000e+00 4.699999999990094466e+02 0.000000000000000000e+00 0.000000000000000000e+00 0.000000000000000000e+00 4.699999999989280468e+02 0.000000000000000000e+00 0.000000000000000000e+00 0.000000000000000000e+00 4.699999999989280468e+02 0.000000000000000000e+00 0.000000000000000000e+00 0.000000000000000000e+00 4.699999999990094466e+02 0.000000000000000000e+00 0.000000000000000000e+00 0.000000000000000000e+00
1.926599698988675755e+03 3.126599698991789865e+03 0.000000000000000000e+00 4.699999999989453840e+02 0.000000000000000000e+00 0.000000000000000000e+00 0.000000000000000000e+00 4.699999999988007175e+02 0.000000000000000000e+00 0.000000000000000000e+00 0.000000000000000000e+00 4.699999999988007175e+02 0.000000000000000000e+00 0.000000000000000000e+00 0.000000000000000000e+00 4.699999999989453840e+02 0.000000000000000000e+00 0.000000000000000000e+00 0.000000000000000000e+00
1.926697782038069590e+03 3.473107943554545272e+03 0.000000000000000000e+00 4.699999999989939852e+02 0.000000000000000000e+00 0.000000000000000000e+00 0.000000000000000000e+00 4.699999999988069135e+02 0.000000000000000000e+00 0.000000000000000000e+00 0.000000000000000000e+00 4.699999999988069135e+02 0.000000000000000000e+00 0.000000000000000000e+00 0.000000000000000000e+00 4.699999999989939852e+02 0.000000000000000000e+00 0.000000000000000000e+00 0.000000000000000000e+00
2.873166792681261086e+03 3.473166792681002789e+03 0.000000000000000000e+00 4.699999999991541699e+02 0.000000000000000000e+00 0.000000000000000000e+00 0.000000000000000000e+00 4.699999999990663468e+02 0.000000000000000000e+00 0.000000000000000000e+00 0.000000000000000000e+00 4.699999999990663468e+02 0.000000000000000000e+00 0.000000000000000000e+00 0.000000000000000000e+00 4.699999999991541699e+02 0.000000000000000000e+00 0.000000000000000000e+00 0.000000000000000000e+00
2.526744846775938640e+03 3.473155008290264504e+03 0.000000000000000000e+00 4.699999999991468940e+02 0.000000000000000000e+00 0.000000000000000000e+00 0.000000000000000000e+00 4.699999999990096740e+02 0.000000000000000000e+00 0.000000000000000000e+00 0.000000000000000000e+00 4.699999999990096740e+02 0.000000000000000000e+00 0.000000000000000000e+00 0.000000000000000000e+00 4.699999999991468940e+02 0.000000000000000000e+00 0.000000000000000000e+00 0.000000000000000000e+00
2.873143465284923423e+03 3.126733303771834471e+03 0.000000000000000000e+00 4.699999999991018740e+02 0.000000000000000000e+00 0.000000000000000000e+00 0.000000000000000000e+00 4.699999999990595825e+02 0.000000000000000000e+00 0.000000000000000000e+00 0.000000000000000000e+00 4.699999999990595825e+02 0.000000000000000000e+00 0.000000000000000000e+00 0.000000000000000000e+00 4.699999999991018740e+02 0.000000000000000000e+00 0.000000000000000000e+00 0.000000000000000000e+00
2.526667698788349753e+03 3.126667698789633050e+03 0.000000000000000000e+00 4.699999999990946549e+02 0.000000000000000000e+00 0.000000000000000000e+00 0.000000000000000000e+00 4.699999999990029664e+02 0.000000000000000000e+00 0.000000000000000000e+00 0.000000000000000000e+00 4.699999999990029664e+02 0.000000000000000000e+00 0.000000000000000000e+00 0.000000000000000000e+00 4.699999999990946549e+02 0.000000000000000000e+00 0.000000000000000000e+00 0.000000000000000000e+00
1.673202544924567519e+03 4.673202544922823108e+03 0.000000000000000000e+00 4.699999999992149924e+02 0.000000000000000000e+00 0.000000000000000000e+00 0.000000000000000000e+00 4.699999999990442348e+02 0.000000000000000000e+00 0.000000000000000000e+00 0.000000000000000000e+00 4.699999999990442348e+02 0.000000000000000000e+00 0.000000000000000000e+00 0.000000000000000000e+00 4.699999999992149924e+02 0.000000000000000000e+00 0.000000000000000000e+00 0.000000000000000000e+00
1.326792406683765421e+03 4.673202568198057634e+03 0.000000000000000000e+00 4.699999999991948698e+02 0.000000000000000000e+00 0.000000000000000000e+00 0.000000000000000000e+00 4.699999999988868922e+02 0.000000000000000000e+00 0.000000000000000000e+00 0.000000000000000000e+00 4.699999999988868922e+02 0.000000000000000000e+00 0.000000000000000000e+00 0.000000000000000000e+00 4.699999999991948698e+02 0.000000000000000000e+00 0.000000000000000000e+00 0.000000000000000000e+00
1.673196865247643245e+03 4.326786703734483126e+03 0.000000000000000000e+00 4.699999999990650963e+02 0.000000000000000000e+00 0.000000000000000000e+00 0.000000000000000000e+00 4.699999999990250785e+02 0.000000000000000000e+00 0.000000000000000000e+00 0.000000000000000000e+00 4.699999999990250785e+02 0.000000000000000000e+00 0.000000000000000000e+00 0.000000000000000000e+00 4.699999999990650963e+02 0.000000000000000000e+00 0.000000000000000000e+00 0.000000000000000000e+00
1.326786751615317144e+03 4.326786751618143171e+03 0.000000000000000000e+00 4.699999999990449169e+02 0.000000000000000000e+00 0.000000000000000000e+00 0.000000000000000000e+00 4.699999999988676791e+02 0.000000000000000000e+00 0.000000000000000000e+00 0.000000000000000000e+00 4.699999999988676791e+02 0.000000000000000000e+00 0.000000000000000000e+00 0.000000000000000000e+00 4.699999999990449169e+02 0.000000000000000000e+00 0.000000000000000000e+00 0.000000000000000000e+00
3.473167013115626105e+03 2.873167013115617465e+03 0.000000000000000000e+00 4.699999999991224513e+02 0.000000000000000000e+00 0.000000000000000000e+00 0.000000000000000000e+00 4.699999999990445190e+02 0.000000000000000000e+00 0.000000000000000000e+00 0.000000000000000000e+00 4.699999999990445190e+02 0.000000000000000000e+00 0.000000000000000000e+00 0.000000000000000000e+00 4.699999999991224513e+02 0.000000000000000000e+00 0.000000000000000000e+00 0.000000000000000000e+00
3.126735048439468756e+03 2.873145209953974700e+03 0.000000000000000000e+00 4.699999999991227924e+02 0.000000000000000000e+00 0.000000000000000000e+00 0.000000000000000000e+00 4.699999999990473611e+02 0.000000000000000000e+00 0.000000000000000000e+00 0.000000000000000000e+00 4.699999999990473611e+02 0.000000000000000000e+00 0.000000000000000000e+00 0.000000000000000000e+00 4.699999999991227924e+02 0.000000000000000000e+00 0.000000000000000000e+00 0.000000000000000000e+00
3.473160113485863803e+03 2.526749951972716644e+03 0.000000000000000000e+00 4.699999999991280788e+02 0.000000000000000000e+00 0.000000000000000000e+00 0.000000000000000000e+00 4.699999999990452579e+02 0.000000000000000000e+00 0.000000000000000000e+00 0.000000000000000000e+00 4.699999999990452579e+02 0.000000000000000000e+00 0.000000000000000000e+00 0.000000000000000000e+00 4.699999999991280788e+02 0.000000000000000000e+00 0.000000000000000000e+00 0.000000000000000000e+00
3.126678445256581199e+03 2.526678445257979547e+03 0.000000000000000000e+00 4.699999999991284767e+02 0.000000000000000000e+00 0.000000000000000000e+00 0.000000000000000000e+00 4.699999999990481001e+02 0.000000000000000000e+00 0.000000000000000000e+00 0.000000000000000000e+00 4.699999999990481001e+02 0.000000000000000000e+00 0.000000000000000000e+00 0.000000000000000000e+00 4.699999999991284199e+02 0.000000000000000000e+00 0.000000000000000000e+00 0.000000000000000000e+00
1.073205035829752660e+03 5.526794874311595777e+03 0.000000000000000000e+00 4.699999999994423092e+02 0.000000000000000000e+00 0.000000000000000000e+00 0.000000000000000000e+00 4.699999999993262350e+02 0.000000000000000000e+00 0.000000000000000000e+00 0.000000000000000000e+00 4.699999999993262350e+02 0.000000000000000000e+00 0.000000000000000000e+00 0.000000000000000000e+00 4.699999999994423092e+02 0.000000000000000000e+00 0.000000000000000000e+00 0.000000000000000000e+00
1.073205073837529426e+03 5.873205073830748006e+03 0.000000000000000000e+00 4.699999999997627924e+02 0.000000000000000000e+00 0.000000000000000000e+00 0.000000000000000000e+00 4.699999999993673327e+02 0.000000000000000000e+00 0.000000000000000000e+00 0.000000000000000000e+00 4.699999999993673327e+02 0.000000000000000000e+00 0.000000000000000000e+00 0.000000000000000000e+00 4.699999999997627924e+02 0.000000000000000000e+00 0.000000000000000000e+00 0.000000000000000000e+00
7.267949044139710395e+02 5.526794904411870448e+03 0.000000000000000000e+00 4.699999999994101927e+02 0.000000000000000000e+00 0.000000000000000000e+00 0.000000000000000000e+00 4.699999999990758965e+02 0.000000000000000000e+00 0.000000000000000000e+00 0.000000000000000000e+00 4.699999999990759534e+02 0.000000000000000000e+00 0.000000000000000000e+00 0.000000000000000000e+00 4.699999999994101927e+02 0.000000000000000000e+00 0.000000000000000000e+00 0.000000000000000000e+00
7.267949101601791426e+02 5.873205071669644894e+03 0.000000000000000000e+00 4.699999999997306759e+02 0.000000000000000000e+00 0.000000000000000000e+00 0.000000000000000000e+00 4.699999999991170512e+02 0.000000000000000000e+00 0.000000000000000000e+00 0.000000000000000000e+00 4.699999999991170512e+02 0.000000000000000000e+00 0.000000000000000000e+00 0.000000000000000000e+00 4.699999999997306759e+02 0.000000000000000000e+00 0.000000000000000000e+00 0.000000000000000000e+00
5.526794919244035555e+03 4.926794919239381670e+03 0.000000000000000000e+00 4.699999999983784846e+02 0.000000000000000000e+00 0.000000000000000000e+00 0.000000000000000000e+00 4.699999999987000479e+02 0.000000000000000000e+00 0.000000000000000000e+00 0.000000000000000000e+00 4.699999999987000479e+02 0.000000000000000000e+00 0.000000000000000000e+00 0.000000000000000000e+00 4.699999999983784846e+02 0.000000000000000000e+00 0.000000000000000000e+00 0.000000000000000000e+00
5.873205080757243195e+03 4.926794919237232534e+03 0.000000000000000000e+00 4.699999999983660359e+02 0.000000000000000000e+00 0.000000000000000000e+00 0.000000000000000000e+00 4.699999999986029593e+02 0.000000000000000000e+00 0.000000000000000000e+00 0.000000000000000000e+00 4.699999999986029593e+02 0.000000000000000000e+00 0.000000000000000000e+00 0.000000000000000000e+00 4.699999999983660359e+02 0.000000000000000000e+00 0.000000000000000000e+00 0.000000000000000000e+00
5.526794919244671291e+03 5.273205080754203664e+03 0.000000000000000000e+00 4.699999999985279828e+02 0.000000000000000000e+00 0.000000000000000000e+00 0.000000000000000000e+00 4.699999999987192041e+02 0.000000000000000000e+00 0.000000000000000000e+00 0.000000000000000000e+00 4.699999999987192041e+02 0.000000000000000000e+00 0.000000000000000000e+00 0.000000000000000000e+00 4.699999999985279828e+02 0.000000000000000000e+00 0.000000000000000000e+00 0.000000000000000000e+00
5.873205080757197720e+03 5.273205080753156835e+03 0.000000000000000000e+00 4.699999999985154773e+02 0.000000000000000000e+00 0.000000000000000000e+00 0.000000000000000000e+00 4.699999999986221724e+02 0.000000000000000000e+00 0.000000000000000000e+00 0.000000000000000000e+00 4.699999999986221724e+02 0.000000000000000000e+00 0.000000000000000000e+00 0.000000000000000000e+00 4.699999999985154773e+02 0.000000000000000000e+00 0.000000000000000000e+00 0.000000000000000000e+00
4.926794886875271004e+03 4.732050483929069742e+02 0.000000000000000000e+00 4.699999999993741540e+02 0.000000000000000000e+00 0.000000000000000000e+00 0.000000000000000000e+00 4.699999999993009965e+02 0.000000000000000000e+00 0.000000000000000000e+00 0.000000000000000000e+00 4.699999999993009965e+02 0.000000000000000000e+00 0.000000000000000000e+00 0.000000000000000000e+00 4.699999999993741540e+02 0.000000000000000000e+00 0.000000000000000000e+00 0.000000000000000000e+00
4.926794915244953700e+03 1.267949152507628696e+02 0.000000000000000000e+00 4.699999999996668976e+02 0.000000000000000000e+00 0.000000000000000000e+00 0.000000000000000000e+00 4.699999999993385700e+02 0.000000000000000000e+00 0.000000000000000000e+00 0.000000000000000000e+00 4.699999999993385700e+02 0.000000000000000000e+00 0.000000000000000000e+00 0.000000000000000000e+00 4.699999999996668976e+02 0.000000000000000000e+00 0.000000000000000000e+00 0.000000000000000000e+00
5.273205075938079062e+03 4.732050759402724225e+02 0.000000000000000000e+00 4.699999999993455049e+02 0.000000000000000000e+00 0.000000000000000000e+00 0.000000000000000000e+00 4.699999999990795345e+02 0.000000000000000000e+00 0.000000000000000000e+00 0.000000000000000000e+00 4.699999999990795345e+02 0.000000000000000000e+00 0.000000000000000000e+00 0.000000000000000000e+00 4.699999999993455049e+02 0.000000000000000000e+00 0.000000000000000000e+00 0.000000000000000000e+00
5.273205074783021701e+03 1.267949132729510211e+02 0.000000000000000000e+00 4.699999999996385895e+02 0.000000000000000000e+00 0.000000000000000000e+00 0.000000000000000000e+00 4.699999999991171649e+02 0.000000000000000000e+00 0.000000000000000000e+00 0.000000000000000000e+00 4.699999999991171649e+02 0.000000000000000000e+00 0.000000000000000000e+00 0.000000000000000000e+00 4.699999999996385895e+02 0.000000000000000000e+00 0.000000000000000000e+00 0.000000000000000000e+00
1.267949174910549459e+02 5.873205079004689651e+03 0.000000000000000000e+00 4.699999999991628101e+02 0.000000000000000000e+00 0.000000000000000000e+00 0.000000000000000000e+00 4.699999999987034585e+02 0.000000000000000000e+00 0.000000000000000000e+00 0.000000000000000000e+00 4.699999999987034585e+02 0.000000000000000000e+00 0.000000000000000000e+00 0.000000000000000000e+00 4.699999999991628101e+02 0.000000000000000000e+00 0.000000000000000000e+00 0.000000000000000000e+00
1.267949181026885128e+02 5.526794918104364115e+03 0.000000000000000000e+00 4.699999999989832986e+02 0.000000000000000000e+00 0.000000000000000000e+00 0.000000000000000000e+00 4.699999999986804369e+02 0.000000000000000000e+00 0.000000000000000000e+00 0.000000000000000000e+00 4.699999999986804369e+02 0.000000000000000000e+00 0.000000000000000000e+00 0.000000000000000000e+00 4.699999999989832986e+02 0.000000000000000000e+00 0.000000000000000000e+00 0.000000000000000000e+00
4.732050796189230368e+02 5.873205079616293915e+03 0.000000000000000000e+00 4.699999999991868549e+02 0.000000000000000000e+00 0.000000000000000000e+00 0.000000000000000000e+00 4.699999999988900754e+02 0.000000000000000000e+00 0.000000000000000000e+00 0.000000000000000000e+00 4.699999999988900754e+02 0.000000000000000000e+00 0.000000000000000000e+00 0.000000000000000000e+00 4.699999999991868549e+02 0.000000000000000000e+00 0.000000000000000000e+00 0.000000000000000000e+00
4.732050710999660055e+02 5.526794909585812093e+03 0.000000000000000000e+00 4.699999999990072865e+02 0.000000000000000000e+00 0.000000000000000000e+00 0.000000000000000000e+00 4.699999999988669970e+02 0.000000000000000000e+00 0.000000000000000000e+00 0.000000000000000000e+00 4.699999999988669970e+02 0.000000000000000000e+00 0.000000000000000000e+00 0.000000000000000000e+00 4.699999999990072865e+02 0.000000000000000000e+00 0.000000000000000000e+00 0.000000000000000000e+00
5.873205080757421456e+03 5.873205080756376447e+03 0.000000000000000000e+00 4.699999999987077786e+02 0.000000000000000000e+00 0.000000000000000000e+00 0.000000000000000000e+00 4.699999999989404387e+02 0.000000000000000000e+00 0.000000000000000000e+00 0.000000000000000000e+00 4.699999999989404387e+02 0.000000000000000000e+00 0.000000000000000000e+00 0.000000000000000000e+00 4.699999999987077786e+02 0.000000000000000000e+00 0.000000000000000000e+00 0.000000000000000000e+00
5.526794919245540768e+03 5.873205080756290045e+03 0.000000000000000000e+00 4.699999999987152819e+02 0.000000000000000000e+00 0.000000000000000000e+00 0.000000000000000000e+00 4.699999999989988737e+02 0.000000000000000000e+00 0.000000000000000000e+00 0.000000000000000000e+00 4.699999999989988737e+02 0.000000000000000000e+00 0.000000000000000000e+00 0.000000000000000000e+00 4.699999999987152819e+02 0.000000000000000000e+00 0.000000000000000000e+00 0.000000000000000000e+00
5.873205080757470569e+03 5.526794919240440322e+03 0.000000000000000000e+00 4.699999999986350758e+02 0.000000000000000000e+00 0.000000000000000000e+00 0.000000000000000000e+00 4.699999999989310027e+02 0.000000000000000000e+00 0.000000000000000000e+00 0.000000000000000000e+00 4.699999999989310027e+02 0.000000000000000000e+00 0.000000000000000000e+00 0.000000000000000000e+00 4.699999999986350758e+02 0.000000000000000000e+00 0.000000000000000000e+00 0.000000000000000000e+00
5.526794919244849552e+03 5.526794919241647221e+03 0.000000000000000000e+00 4.699999999986425792e+02 0.000000000000000000e+00 0.000000000000000000e+00 0.000000000000000000e+00 4.699999999989895514e+02 0.000000000000000000e+00 0.000000000000000000e+00 0.000000000000000000e+00 4.699999999989895514e+02 0.000000000000000000e+00 0.000000000000000000e+00 0.000000000000000000e+00 4.699999999986425792e+02 0.000000000000000000e+00 0.000000000000000000e+00 0.000000000000000000e+00
4.326791662938414447e+03 1.326791662939935122e+03 0.000000000000000000e+00 4.699999999991892423e+02 0.000000000000000000e+00 0.000000000000000000e+00 0.000000000000000000e+00 4.699999999990673132e+02 0.000000000000000000e+00 0.000000000000000000e+00 0.000000000000000000e+00 4.699999999990673132e+02 0.000000000000000000e+00 0.000000000000000000e+00 0.000000000000000000e+00 4.699999999991892423e+02 0.000000000000000000e+00 0.000000000000000000e+00 0.000000000000000000e+00
4.673203486394524589e+03 1.326793324880671207e+03 0.000000000000000000e+00 4.699999999991757136e+02 0.000000000000000000e+00 0.000000000000000000e+00 0.000000000000000000e+00 4.699999999989619255e+02 0.000000000000000000e+00 0.000000000000000000e+00 0.000000000000000000e+00 4.699999999989619255e+02 0.000000000000000000e+00 0.000000000000000000e+00 0.000000000000000000e+00 4.699999999991757136e+02 0.000000000000000000e+00 0.000000000000000000e+00 0.000000000000000000e+00
4.326788333653096743e+03 1.673198495166654311e+03 0.000000000000000000e+00 4.699999999990839683e+02 0.000000000000000000e+00 0.000000000000000000e+00 0.000000000000000000e+00 4.699999999990537844e+02 0.000000000000000000e+00 0.000000000000000000e+00 0.000000000000000000e+00 4.699999999990537844e+02 0.000000000000000000e+00 0.000000000000000000e+00 0.000000000000000000e+00 4.699999999990839683e+02 0.000000000000000000e+00 0.000000000000000000e+00 0.000000000000000000e+00
4.673203381108061876e+03 1.673203381106123970e+03 0.000000000000000000e+00 4.699999999990704964e+02 0.000000000000000000e+00 0.000000000000000000e+00 0.000000000000000000e+00 4.699999999989483968e+02 0.000000000000000000e+00 0.000000000000000000e+00 0.000000000000000000e+00 4.699999999989483968e+02 0.000000000000000000e+00 0.000000000000000000e+00 0.000000000000000000e+00 4.699999999990704964e+02 0.000000000000000000e+00 0.000000000000000000e+00 0.000000000000000000e+00
5.273205080739988261e+03 4.926794919221717464e+03 0.000000000000000000e+00 4.699999999989142339e+02 0.000000000000000000e+00 0.000000000000000000e+00 0.000000000000000000e+00 4.699999999988946797e+02 0.000000000000000000e+00 0.000000000000000000e+00 0.000000000000000000e+00 4.699999999988946797e+02 0.000000000000000000e+00 0.000000000000000000e+00 0.000000000000000000e+00 4.699999999989142339e+02 0.000000000000000000e+00 0.000000000000000000e+00 0.000000000000000000e+00
5.273205080730538612e+03 5.273205080726644155e+03 0.000000000000000000e+00 4.699999999989885850e+02 0.000000000000000000e+00 0.000000000000000000e+00 0.000000000000000000e+00 4.699999999989041726e+02 0.000000000000000000e+00 0.000000000000000000e+00 0.000000000000000000e+00 4.699999999989041726e+02 0.000000000000000000e+00 0.000000000000000000e+00 0.000000000000000000e+00 4.699999999989885850e+02 0.000000000000000000e+00 0.000000000000000000e+00 0.000000000000000000e+00
4.926794919087896233e+03 4.926794919083938112e+03 0.000000000000000000e+00 4.699999999989465778e+02 0.000000000000000000e+00 0.000000000000000000e+00 0.000000000000000000e+00 4.699999999991471213e+02 0.000000000000000000e+00 0.000000000000000000e+00 0.000000000000000000e+00 4.699999999991471213e+02 0.000000000000000000e+00 0.000000000000000000e+00 0.000000000000000000e+00 4.699999999989465778e+02 0.000000000000000000e+00 0.000000000000000000e+00 0.000000000000000000e+00
4.926794919228324943e+03 5.273205080737674507e+03 0.000000000000000000e+00 4.699999999990209858e+02 0.000000000000000000e+00 0.000000000000000000e+00 0.000000000000000000e+00 4.699999999991567279e+02 0.000000000000000000e+00 0.000000000000000000e+00 0.000000000000000000e+00 4.699999999991567279e+02 0.000000000000000000e+00 0.000000000000000000e+00 0.000000000000000000e+00 4.699999999990209858e+02 0.000000000000000000e+00 0.000000000000000000e+00 0.000000000000000000e+00
4.686919943064365270e+02 1.322281832799294307e+03 0.000000000000000000e+00 4.699999999975843821e+02 0.000000000000000000e+00 0.000000000000000000e+00 0.000000000000000000e+00 4.699999999976889740e+02 0.000000000000000000e+00 0.000000000000000000e+00 0.000000000000000000e+00 4.699999999976890308e+02 0.000000000000000000e+00 0.000000000000000000e+00 0.000000000000000000e+00 4.699999999975843821e+02 0.000000000000000000e+00 0.000000000000000000e+00 0.000000000000000000e+00
4.707715883777777890e+02 1.670771588385722453e+03 0.000000000000000000e+00 4.699999999975401579e+02 0.000000000000000000e+00 0.000000000000000000e+00 0.000000000000000000e+00 4.699999999976821528e+02 0.000000000000000000e+00 0.000000000000000000e+00 0.000000000000000000e+00 4.699999999976822096e+02 0.000000000000000000e+00 0.000000000000000000e+00 0.000000000000000000e+00 4.699999999975401579e+02 0.000000000000000000e+00 0.000000000000000000e+00 0.000000000000000000e+00
1.259389082176725196e+02 1.325938908226150488e+03 0.000000000000000000e+00 4.699999999975511855e+02 0.000000000000000000e+00 0.000000000000000000e+00 0.000000000000000000e+00 4.699999999974273237e+02 0.000000000000000000e+00 0.000000000000000000e+00 0.000000000000000000e+00 4.699999999974273805e+02 0.000000000000000000e+00 0.000000000000000000e+00 0.000000000000000000e+00 4.699999999975511855e+02 0.000000000000000000e+00 0.000000000000000000e+00 0.000000000000000000e+00
1.257896000810119972e+02 1.672199761605810863e+03 0.000000000000000000e+00 4.699999999975069613e+02 0.000000000000000000e+00 0.000000000000000000e+00 0.000000000000000000e+00 4.699999999974213551e+02 0.000000000000000000e+00 0.000000000000000000e+00 0.000000000000000000e+00 4.699999999974213551e+02 0.000000000000000000e+00 0.000000000000000000e+00 0.000000000000000000e+00 4.699999999975069613e+02 0.000000000000000000e+00 0.000000000000000000e+00 0.000000000000000000e+00
5.526794919243900949e+03 4.673205080751889909e+03 0.000000000000000000e+00 4.699999999982422878e+02 0.000000000000000000e+00 0.000000000000000000e+00 0.000000000000000000e+00 4.699999999983153316e+02 0.000000000000000000e+00 0.000000000000000000e+00 0.000000000000000000e+00 4.699999999983153316e+02 0.000000000000000000e+00 0.000000000000000000e+00 0.000000000000000000e+00 4.699999999982422878e+02 0.000000000000000000e+00 0.000000000000000000e+00 0.000000000000000000e+00
5.526794919243529876e+03 4.326794919236895112e+03 0.000000000000000000e+00 4.699999999981503720e+02 0.000000000000000000e+00 0.000000000000000000e+00 0.000000000000000000e+00 4.699999999983035650e+02 0.000000000000000000e+00 0.000000000000000000e+00 0.000000000000000000e+00 4.699999999983035650e+02 0.000000000000000000e+00 0.000000000000000000e+00 0.000000000000000000e+00 4.699999999981503720e+02 0.000000000000000000e+00 0.000000000000000000e+00 0.000000000000000000e+00
5.873205080757035830e+03 4.673205080749875378e+03 0.000000000000000000e+00 4.699999999982118766e+02 0.000000000000000000e+00 0.000000000000000000e+00 0.000000000000000000e+00 4.699999999980784082e+02 0.000000000000000000e+00 0.000000000000000000e+00 0.000000000000000000e+00 4.699999999980784082e+02 0.000000000000000000e+00 0.000000000000000000e+00 0.000000000000000000e+00 4.699999999982118766e+02 0.000000000000000000e+00 0.000000000000000000e+00 0.000000000000000000e+00
5.873205080757062206e+03 4.326794919233960172e+03 0.000000000000000000e+00 4.699999999981199039e+02 0.000000000000000000e+00 0.000000000000000000e+00 0.000000000000000000e+00 4.699999999980666416e+02 0.000000000000000000e+00 0.000000000000000000e+00 0.000000000000000000e+00 4.699999999980666416e+02 0.000000000000000000e+00 0.000000000000000000e+00 0.000000000000000000e+00 4.699999999981199039e+02 0.000000000000000000e+00 0.000000000000000000e+00 0.000000000000000000e+00
1.069089365092699154e+03 1.322679203583167237e+03 0.000000000000000000e+00 4.699999999982261443e+02 0.000000000000000000e+00 0.000000000000000000e+00 0.000000000000000000e+00 4.699999999982637746e+02 0.000000000000000000e+00 0.000000000000000000e+00 0.000000000000000000e+00 4.699999999982637746e+02 0.000000000000000000e+00 0.000000000000000000e+00 0.000000000000000000e+00 4.699999999982261443e+02 0.000000000000000000e+00 0.000000000000000000e+00 0.000000000000000000e+00
1.070064010840240599e+03 1.670064010844771019e+03 0.000000000000000000e+00 4.699999999981988594e+02 0.000000000000000000e+00 0.000000000000000000e+00 0.000000000000000000e+00 4.699999999982592271e+02 0.000000000000000000e+00 0.000000000000000000e+00 0.000000000000000000e+00 4.699999999982592271e+02 0.000000000000000000e+00 0.000000000000000000e+00 0.000000000000000000e+00 4.699999999981988594e+02 0.000000000000000000e+00 0.000000000000000000e+00 0.000000000000000000e+00
7.215993269640478047e+02 1.321599326969162803e+03 0.000000000000000000e+00 4.699999999981872634e+02 0.000000000000000000e+00 0.000000000000000000e+00 0.000000000000000000e+00 4.699999999979623340e+02 0.000000000000000000e+00 0.000000000000000000e+00 0.000000000000000000e+00 4.699999999979623340e+02 0.000000000000000000e+00 0.000000000000000000e+00 0.000000000000000000e+00 4.699999999981872634e+02 0.000000000000000000e+00 0.000000000000000000e+00 0.000000000000000000e+00
7.235982247771839866e+02 1.670008386297547986e+03 0.000000000000000000e+00 4.699999999981602059e+02 0.000000000000000000e+00 0.000000000000000000e+00 0.000000000000000000e+00 4.699999999979573886e+02 0.000000000000000000e+00 0.000000000000000000e+00 0.000000000000000000e+00 4.699999999979573886e+02 0.000000000000000000e+00 0.000000000000000000e+00 0.000000000000000000e+00 4.699999999981602059e+02 0.000000000000000000e+00 0.000000000000000000e+00 0.000000000000000000e+00
4.926794919033163751e+03 4.673205080542739779e+03 0.000000000000000000e+00 4.699999999988532409e+02 0.000000000000000000e+00 0.000000000000000000e+00 0.000000000000000000e+00 4.699999999988405079e+02 0.000000000000000000e+00 0.000000000000000000e+00 0.000000000000000000e+00 4.699999999988405079e+02 0.000000000000000000e+00 0.000000000000000000e+00 0.000000000000000000e+00 4.699999999988532409e+02 0.000000000000000000e+00 0.000000000000000000e+00 0.000000000000000000e+00
4.926794918766684532e+03 4.326794918762750967e+03 0.000000000000000000e+00 4.699999999987774117e+02 0.000000000000000000e+00 0.000000000000000000e+00 0.000000000000000000e+00 4.699999999988307309e+02 0.000000000000000000e+00 0.000000000000000000e+00 0.000000000000000000e+00 4.699999999988307309e+02 0.000000000000000000e+00 0.000000000000000000e+00 0.000000000000000000e+00 4.699999999987774117e+02 0.000000000000000000e+00 0.000000000000000000e+00 0.000000000000000000e+00
5.273205080656109203e+03 4.673205080651528988e+03 0.000000000000000000e+00 4.699999999988187369e+02 0.000000000000000000e+00 0.000000000000000000e+00 0.000000000000000000e+00 4.699999999985715249e+02 0.000000000000000000e+00 0.000000000000000000e+00 0.000000000000000000e+00 4.699999999985715249e+02 0.000000000000000000e+00 0.000000000000000000e+00 0.000000000000000000e+00 4.699999999988187369e+02 0.000000000000000000e+00 0.000000000000000000e+00 0.000000000000000000e+00
5.273205080674871169e+03 4.326794919155494426e+03 0.000000000000000000e+00 4.699999999987429078e+02 0.000000000000000000e+00 0.000000000000000000e+00 0.000000000000000000e+00 4.699999999985617478e+02 0.000000000000000000e+00 0.000000000000000000e+00 0.000000000000000000e+00 4.699999999985617478e+02 0.000000000000000000e+00 0.000000000000000000e+00 0.000000000000000000e+00 4.699999999987429078e+02 0.000000000000000000e+00 0.000000000000000000e+00 0.000000000000000000e+00
4.073204399871545320e+03 3.726794238355244488e+03 0.000000000000000000e+00 4.699999999992384687e+02 0.000000000000000000e+00 0.000000000000000000e+00 0.000000000000000000e+00 4.699999999991194386e+02 0.000000000000000000e+00 0.000000000000000000e+00 0.000000000000000000e+00 4.699999999991194386e+02 0.000000000000000000e+00 0.000000000000000000e+00 0.000000000000000000e+00 4.699999999992384687e+02 0.000000000000000000e+00 0.000000000000000000e+00 0.000000000000000000e+00
4.073204439335249845e+03 4.073204439332623224e+03 0.000000000000000000e+00 4.699999999993590336e+02 0.000000000000000000e+00 0.000000000000000000e+00 0.000000000000000000e+00 4.699999999991349569e+02 0.000000000000000000e+00 0.000000000000000000e+00 0.000000000000000000e+00 4.699999999991349569e+02 0.000000000000000000e+00 0.000000000000000000e+00 0.000000000000000000e+00 4.699999999993590336e+02 0.000000000000000000e+00 0.000000000000000000e+00 0.000000000000000000e+00
3.726791909148219929e+03 3.726791909146247690e+03 0.000000000000000000e+00 4.699999999992490984e+02 0.000000000000000000e+00 0.000000000000000000e+00 0.000000000000000000e+00 4.699999999992022026e+02 0.000000000000000000e+00 0.000000000000000000e+00 0.000000000000000000e+00 4.699999999992022026e+02 0.000000000000000000e+00 0.000000000000000000e+00 0.000000000000000000e+00 4.699999999992490984e+02 0.000000000000000000e+00 0.000000000000000000e+00 0.000000000000000000e+00
3.726794162629350467e+03 4.073204324140117933e+03 0.000000000000000000e+00 4.699999999993697202e+02 0.000000000000000000e+00 0.000000000000000000e+00 0.000000000000000000e+00 4.699999999992176640e+02 0.000000000000000000e+00 0.000000000000000000e+00 0.000000000000000000e+00 4.699999999992176640e+02 0.000000000000000000e+00 0.000000000000000000e+00 0.000000000000000000e+00 4.699999999993696633e+02 0.000000000000000000e+00 0.000000000000000000e+00 0.000000000000000000e+00
1.326794572754619594e+03 4.926794572753244211e+03 0.000000000000000000e+00 4.699999999993766551e+02 0.000000000000000000e+00 0.000000000000000000e+00 0.000000000000000000e+00 4.699999999991455297e+02 0.000000000000000000e+00 0.000000000000000000e+00 0.000000000000000000e+00 4.699999999991455866e+02 0.000000000000000000e+00 0.000000000000000000e+00 0.000000000000000000e+00 4.699999999993766551e+02 0.000000000000000000e+00 0.000000000000000000e+00 0.000000000000000000e+00
1.673204704646507253e+03 4.926794543129100930e+03 0.000000000000000000e+00 4.699999999994021209e+02 0.000000000000000000e+00 0.000000000000000000e+00 0.000000000000000000e+00 4.699999999993439133e+02 0.000000000000000000e+00 0.000000000000000000e+00 0.000000000000000000e+00 4.699999999993439133e+02 0.000000000000000000e+00 0.000000000000000000e+00 0.000000000000000000e+00 4.699999999994021209e+02 0.000000000000000000e+00 0.000000000000000000e+00 0.000000000000000000e+00
1.326794779440077491e+03 5.273204940949667616e+03 0.000000000000000000e+00 4.699999999996394422e+02 0.000000000000000000e+00 0.000000000000000000e+00 0.000000000000000000e+00 4.699999999991792947e+02 0.000000000000000000e+00 0.000000000000000000e+00 0.000000000000000000e+00 4.699999999991792947e+02 0.000000000000000000e+00 0.000000000000000000e+00 0.000000000000000000e+00 4.699999999996394422e+02 0.000000000000000000e+00 0.000000000000000000e+00 0.000000000000000000e+00
1.673204981501373368e+03 5.273204981494900494e+03 0.000000000000000000e+00 4.699999999996649080e+02 0.000000000000000000e+00 0.000000000000000000e+00 0.000000000000000000e+00 4.699999999993776783e+02 0.000000000000000000e+00 0.000000000000000000e+00 0.000000000000000000e+00 4.699999999993776783e+02 0.000000000000000000e+00 0.000000000000000000e+00 0.000000000000000000e+00 4.699999999996649080e+02 0.000000000000000000e+00 0.000000000000000000e+00 0.000000000000000000e+00
5.526794919121527528e+03 1.267949191239551112e+02 0.000000000000000000e+00 4.699999999991287609e+02 0.000000000000000000e+00 0.000000000000000000e+00 0.000000000000000000e+00 4.699999999989266826e+02 0.000000000000000000e+00 0.000000000000000000e+00 0.000000000000000000e+00 4.699999999989266826e+02 0.000000000000000000e+00 0.000000000000000000e+00 0.000000000000000000e+00 4.699999999991287609e+02 0.000000000000000000e+00 0.000000000000000000e+00 0.000000000000000000e+00
5.873205080573739906e+03 1.267949190602623446e+02 0.000000000000000000e+00 4.699999999991126742e+02 0.000000000000000000e+00 0.000000000000000000e+00 0.000000000000000000e+00 4.699999999988008881e+02 0.000000000000000000e+00 0.000000000000000000e+00 0.000000000000000000e+00 4.699999999988008881e+02 0.000000000000000000e+00 0.000000000000000000e+00 0.000000000000000000e+00 4.699999999991126742e+02 0.000000000000000000e+00 0.000000000000000000e+00 0.000000000000000000e+00
5.526794918235164914e+03 4.732050797497719259e+02 0.000000000000000000e+00 4.699999999990025685e+02 0.000000000000000000e+00 0.000000000000000000e+00 0.000000000000000000e+00 4.699999999989104822e+02 0.000000000000000000e+00 0.000000000000000000e+00 0.000000000000000000e+00 4.699999999989104822e+02 0.000000000000000000e+00 0.000000000000000000e+00 0.000000000000000000e+00 4.699999999990025685e+02 0.000000000000000000e+00 0.000000000000000000e+00 0.000000000000000000e+00
5.873205080637378160e+03 4.732050806368980034e+02 0.000000000000000000e+00 4.699999999989865387e+02 0.000000000000000000e+00 0.000000000000000000e+00 0.000000000000000000e+00 4.699999999987846877e+02 0.000000000000000000e+00 0.000000000000000000e+00 0.000000000000000000e+00 4.699999999987846877e+02 0.000000000000000000e+00 0.000000000000000000e+00 0.000000000000000000e+00 4.699999999989865387e+02 0.000000000000000000e+00 0.000000000000000000e+00 0.000000000000000000e+00
4.673204661050967843e+03 1.073204661052369829e+03 0.000000000000000000e+00 4.699999999993185043e+02 0.000000000000000000e+00 0.000000000000000000e+00 0.000000000000000000e+00 4.699999999991446771e+02 0.000000000000000000e+00 0.000000000000000000e+00 0.000000000000000000e+00 4.699999999991446771e+02 0.000000000000000000e+00 0.000000000000000000e+00 0.000000000000000000e+00 4.699999999993185043e+02 0.000000000000000000e+00 0.000000000000000000e+00 0.000000000000000000e+00
4.326792477963834244e+03 1.073202639480615971e+03 0.000000000000000000e+00 4.699999999993386837e+02 0.000000000000000000e+00 0.000000000000000000e+00 0.000000000000000000e+00 4.699999999993024744e+02 0.000000000000000000e+00 0.000000000000000000e+00 0.000000000000000000e+00 4.699999999993024744e+02 0.000000000000000000e+00 0.000000000000000000e+00 0.000000000000000000e+00 4.699999999993386837e+02 0.000000000000000000e+00 0.000000000000000000e+00 0.000000000000000000e+00
4.673204589397969357e+03 7.267944278878317164e+02 0.000000000000000000e+00 4.699999999995450253e+02 0.000000000000000000e+00 0.000000000000000000e+00 0.000000000000000000e+00 4.699999999991737809e+02 0.000000000000000000e+00 0.000000000000000000e+00 0.000000000000000000e+00 4.699999999991737809e+02 0.000000000000000000e+00 0.000000000000000000e+00 0.000000000000000000e+00 4.699999999995450253e+02 0.000000000000000000e+00 0.000000000000000000e+00 0.000000000000000000e+00
4.326794550956991770e+03 7.267945509622679765e+02 0.000000000000000000e+00 4.699999999995652047e+02 0.000000000000000000e+00 0.000000000000000000e+00 0.000000000000000000e+00 4.699999999993315214e+02 0.000000000000000000e+00 0.000000000000000000e+00 0.000000000000000000e+00 4.699999999993315214e+02 0.000000000000000000e+00 0.000000000000000000e+00 0.000000000000000000e+00 4.699999999995652047e+02 0.000000000000000000e+00 0.000000000000000000e+00 0.000000000000000000e+00
1.326794914078055626e+03 5.873205075583324287e+03 0.000000000000000000e+00 4.704141608908066132e+02 0.000000000000000000e+00 0.000000000000000000e+00 0.000000000000000000e+00 4.699999999996509814e+02 0.000000000000000000e+00 0.000000000000000000e+00 0.000000000000000000e+00 4.699999999996509814e+02 0.000000000000000000e+00 0.000000000000000000e+00 0.000000000000000000e+00 4.704141608908066132e+02 0.000000000000000000e+00 0.000000000000000000e+00 0.000000000000000000e+00
1.326794875458804881e+03 5.526794875452672386e+03 0.000000000000000000e+00 4.699999999999511147e+02 0.000000000000000000e+00 0.000000000000000000e+00 0.000000000000000000e+00 4.699999999995924895e+02 0.000000000000000000e+00 0.000000000000000000e+00 0.000000000000000000e+00 4.699999999995924895e+02 0.000000000000000000e+00 0.000000000000000000e+00 0.000000000000000000e+00 4.699999999999511147e+02 0.000000000000000000e+00 0.000000000000000000e+00 0.000000000000000000e+00
1.673205072821704334e+03 5.873205072810720594e+03 0.000000000000000000e+00 4.704141608908066132e+02 0.000000000000000000e+00 0.000000000000000000e+00 0.000000000000000000e+00 4.699999999999590727e+02 0.000000000000000000e+00 0.000000000000000000e+00 0.000000000000000000e+00 4.699999999999590727e+02 0.000000000000000000e+00 0.000000000000000000e+00 0.000000000000000000e+00 4.704141608908066132e+02 0.000000000000000000e+00 0.000000000000000000e+00 0.000000000000000000e+00
1.673205075592231196e+03 5.526794914070050254e+03 0.000000000000000000e+00 4.699999999999906777e+02 0.000000000000000000e+00 0.000000000000000000e+00 0.000000000000000000e+00 4.699999999999005240e+02 0.000000000000000000e+00 0.000000000000000000e+00 0.000000000000000000e+00 4.699999999999005240e+02 0.000000000000000000e+00 0.000000000000000000e+00 0.000000000000000000e+00 4.699999999999906777e+02 0.000000000000000000e+00 0.000000000000000000e+00 0.000000000000000000e+00
4.673205066524463291e+03 1.267949050178361290e+02 0.000000000000000000e+00 4.704141608908046237e+02 0.000000000000000000e+00 0.000000000000000000e+00 0.000000000000000000e+00 4.699999999995903863e+02 0.000000000000000000e+00 0.000000000000000000e+00 0.000000000000000000e+00 4.699999999995903863e+02 0.000000000000000000e+00 0.000000000000000000e+00 0.000000000000000000e+00 4.704141608908046237e+02 0.000000000000000000e+00 0.000000000000000000e+00 0.000000000000000000e+00
4.673205041725141200e+03 4.732050417304045595e+02 0.000000000000000000e+00 4.699999999998257749e+02 0.000000000000000000e+00 0.000000000000000000e+00 0.000000000000000000e+00 4.699999999995359303e+02 0.000000000000000000e+00 0.000000000000000000e+00 0.000000000000000000e+00 4.699999999995359303e+02 0.000000000000000000e+00 0.000000000000000000e+00 0.000000000000000000e+00 4.699999999998257749e+02 0.000000000000000000e+00 0.000000000000000000e+00 0.000000000000000000e+00
4.326794906601186995e+03 1.267949066104485780e+02 0.000000000000000000e+00 4.704141608908046237e+02 0.000000000000000000e+00 0.000000000000000000e+00 0.000000000000000000e+00 4.699999999998605631e+02 0.000000000000000000e+00 0.000000000000000000e+00 0.000000000000000000e+00 4.699999999998605631e+02 0.000000000000000000e+00 0.000000000000000000e+00 0.000000000000000000e+00 4.704141608908046237e+02 0.000000000000000000e+00 0.000000000000000000e+00 0.000000000000000000e+00
4.326794858027534247e+03 4.732050195481747892e+02 0.000000000000000000e+00 4.699999999998603357e+02 0.000000000000000000e+00 0.000000000000000000e+00 0.000000000000000000e+00 4.699999999998061639e+02 0.000000000000000000e+00 0.000000000000000000e+00 0.000000000000000000e+00 4.699999999998061639e+02 0.000000000000000000e+00 0.000000000000000000e+00 0.000000000000000000e+00 4.699999999998603357e+02 0.000000000000000000e+00 0.000000000000000000e+00 0.000000000000000000e+00
4.692715279050962067e+02 7.228613663955536595e+02 0.000000000000000000e+00 4.699999999977902689e+02 0.000000000000000000e+00 0.000000000000000000e+00 0.000000000000000000e+00 4.699999999980012717e+02 0.000000000000000000e+00 0.000000000000000000e+00 0.000000000000000000e+00 4.699999999980012717e+02 0.000000000000000000e+00 0.000000000000000000e+00 0.000000000000000000e+00 4.699999999977902689e+02 0.000000000000000000e+00 0.000000000000000000e+00 0.000000000000000000e+00
4.685147681174221361e+02 1.068514768122609667e+03 0.000000000000000000e+00 4.699999999976847675e+02 0.000000000000000000e+00 0.000000000000000000e+00 0.000000000000000000e+00 4.699999999979879135e+02 0.000000000000000000e+00 0.000000000000000000e+00 0.000000000000000000e+00 4.699999999979879135e+02 0.000000000000000000e+00 0.000000000000000000e+00 0.000000000000000000e+00 4.699999999976847675e+02 0.000000000000000000e+00 0.000000000000000000e+00 0.000000000000000000e+00
1.256123738919976063e+02 7.256123738966530254e+02 0.000000000000000000e+00 4.699999999977752623e+02 0.000000000000000000e+00 0.000000000000000000e+00 0.000000000000000000e+00 4.699999999978772962e+02 0.000000000000000000e+00 0.000000000000000000e+00 0.000000000000000000e+00 4.699999999978772962e+02 0.000000000000000000e+00 0.000000000000000000e+00 0.000000000000000000e+00 4.699999999977752623e+02 0.000000000000000000e+00 0.000000000000000000e+00 0.000000000000000000e+00
1.256667068002099938e+02 1.072076868321208622e+03 0.000000000000000000e+00 4.699999999976699314e+02 0.000000000000000000e+00 0.000000000000000000e+00 0.000000000000000000e+00 4.699999999978638243e+02 0.000000000000000000e+00 0.000000000000000000e+00 0.000000000000000000e+00 4.699999999978638243e+02 0.000000000000000000e+00 0.000000000000000000e+00 0.000000000000000000e+00 4.699999999976699314e+02 0.000000000000000000e+00 0.000000000000000000e+00 0.000000000000000000e+00
2.872961121558973900e+03 1.926550960048397883e+03 0.000000000000000000e+00 4.699999999992319886e+02 0.000000000000000000e+00 0.000000000000000000e+00 0.000000000000000000e+00 4.699999999991035224e+02 0.000000000000000000e+00 0.000000000000000000e+00 0.000000000000000000e+00 4.699999999991035224e+02 0.000000000000000000e+00 0.000000000000000000e+00 0.000000000000000000e+00 4.699999999992319886e+02 0.000000000000000000e+00 0.000000000000000000e+00 0.000000000000000000e+00
2.872967797731348583e+03 2.272967797733614589e+03 0.000000000000000000e+00 4.699999999991443929e+02 0.000000000000000000e+00 0.000000000000000000e+00 0.000000000000000000e+00 4.699999999990922674e+02 0.000000000000000000e+00 0.000000000000000000e+00 0.000000000000000000e+00 4.699999999990922674e+02 0.000000000000000000e+00 0.000000000000000000e+00 0.000000000000000000e+00 4.699999999991443929e+02 0.000000000000000000e+00 0.000000000000000000e+00 0.000000000000000000e+00
2.526260918929950549e+03 1.926260918932937329e+03 0.000000000000000000e+00 4.699999999992245421e+02 0.000000000000000000e+00 0.000000000000000000e+00 0.000000000000000000e+00 4.699999999990461674e+02 0.000000000000000000e+00 0.000000000000000000e+00 0.000000000000000000e+00 4.699999999990461674e+02 0.000000000000000000e+00 0.000000000000000000e+00 0.000000000000000000e+00 4.699999999992245421e+02 0.000000000000000000e+00 0.000000000000000000e+00 0.000000000000000000e+00
2.526449264576980568e+03 2.272859426093486491e+03 0.000000000000000000e+00 4.699999999991370601e+02 0.000000000000000000e+00 0.000000000000000000e+00 0.000000000000000000e+00 4.699999999990349124e+02 0.000000000000000000e+00 0.000000000000000000e+00 0.000000000000000000e+00 4.699999999990349124e+02 0.000000000000000000e+00 0.000000000000000000e+00 0.000000000000000000e+00 4.699999999991370601e+02 0.000000000000000000e+00 0.000000000000000000e+00 0.000000000000000000e+00
4.732050619701344658e+02 5.273205061971205396e+03 0.000000000000000000e+00 4.699999999988602895e+02 0.000000000000000000e+00 0.000000000000000000e+00 0.000000000000000000e+00 4.699999999986170565e+02 0.000000000000000000e+00 0.000000000000000000e+00 0.000000000000000000e+00 4.699999999986170565e+02 0.000000000000000000e+00 0.000000000000000000e+00 0.000000000000000000e+00 4.699999999988602895e+02 0.000000000000000000e+00 0.000000000000000000e+00 0.000000000000000000e+00
1.267949040801950673e+02 5.273205065597220710e+03 0.000000000000000000e+00 4.699999999988322088e+02 0.000000000000000000e+00 0.000000000000000000e+00 0.000000000000000000e+00 4.699999999983987209e+02 0.000000000000000000e+00 0.000000000000000000e+00 0.000000000000000000e+00 4.699999999983987209e+02 0.000000000000000000e+00 0.000000000000000000e+00 0.000000000000000000e+00 4.699999999988322088e+02 0.000000000000000000e+00 0.000000000000000000e+00 0.000000000000000000e+00
4.732050023431014552e+02 4.926794840833211310e+03 0.000000000000000000e+00 4.699999999987206252e+02 0.000000000000000000e+00 0.000000000000000000e+00 0.000000000000000000e+00 4.699999999985991508e+02 0.000000000000000000e+00 0.000000000000000000e+00 0.000000000000000000e+00 4.699999999985991508e+02 0.000000000000000000e+00 0.000000000000000000e+00 0.000000000000000000e+00 4.699999999987206252e+02 0.000000000000000000e+00 0.000000000000000000e+00 0.000000000000000000e+00
1.267949083612234347e+02 4.926794908365854099e+03 0.000000000000000000e+00 4.699999999986926014e+02 0.000000000000000000e+00 0.000000000000000000e+00 0.000000000000000000e+00 4.699999999983807584e+02 0.000000000000000000e+00 0.000000000000000000e+00 0.000000000000000000e+00 4.699999999983807584e+02 0.000000000000000000e+00 0.000000000000000000e+00 0.000000000000000000e+00 4.699999999986926014e+02 0.000000000000000000e+00 0.000000000000000000e+00 0.000000000000000000e+00
5.273205080759755219e+03 5.526794919241962816e+03 0.000000000000000000e+00 4.699999999990398010e+02 0.000000000000000000e+00 0.000000000000000000e+00 0.000000000000000000e+00 4.699999999991582627e+02 0.000000000000000000e+00 0.000000000000000000e+00 0.000000000000000000e+00 4.699999999991582627e+02 0.000000000000000000e+00 0.000000000000000000e+00 0.000000000000000000e+00 4.699999999990398010e+02 0.000000000000000000e+00 0.000000000000000000e+00 0.000000000000000000e+00
5.273205080760400961e+03 5.873205080756774805e+03 0.000000000000000000e+00 4.699999999990170636e+02 0.000000000000000000e+00 0.000000000000000000e+00 0.000000000000000000e+00 4.699999999991553068e+02 0.000000000000000000e+00 0.000000000000000000e+00 0.000000000000000000e+00 4.699999999991553068e+02 0.000000000000000000e+00 0.000000000000000000e+00 0.000000000000000000e+00 4.699999999990170636e+02 0.000000000000000000e+00 0.000000000000000000e+00 0.000000000000000000e+00
4.926794919247505277e+03 5.526794919243107870e+03 0.000000000000000000e+00 4.699999999990743049e+02 0.000000000000000000e+00 0.000000000000000000e+00 0.000000000000000000e+00 4.699999999994267910e+02 0.000000000000000000e+00 0.000000000000000000e+00 0.000000000000000000e+00 4.699999999994267910e+02 0.000000000000000000e+00 0.000000000000000000e+00 0.000000000000000000e+00 4.699999999990743049e+02 0.000000000000000000e+00 0.000000000000000000e+00 0.000000000000000000e+00
4.926794919248098267e+03 5.873205080756692041e+03 0.000000000000000000e+00 4.699999999990515676e+02 0.000000000000000000e+00 0.000000000000000000e+00 0.000000000000000000e+00 4.699999999994238919e+02 0.000000000000000000e+00 0.000000000000000000e+00 0.000000000000000000e+00 4.699999999994238919e+02 0.000000000000000000e+00 0.000000000000000000e+00 0.000000000000000000e+00 4.699999999990515676e+02 0.000000000000000000e+00 0.000000000000000000e+00 0.000000000000000000e+00
2.272505967232666080e+03 1.926095805722012756e+03 0.000000000000000000e+00 4.699999999990470769e+02 0.000000000000000000e+00 0.000000000000000000e+00 0.000000000000000000e+00 4.699999999989489652e+02 0.000000000000000000e+00 0.000000000000000000e+00 0.000000000000000000e+00 4.699999999989489652e+02 0.000000000000000000e+00 0.000000000000000000e+00 0.000000000000000000e+00 4.699999999990470769e+02 0.000000000000000000e+00 0.000000000000000000e+00 0.000000000000000000e+00
2.272662312791575914e+03 2.272662312794348509e+03 0.000000000000000000e+00 4.699999999989808543e+02 0.000000000000000000e+00 0.000000000000000000e+00 0.000000000000000000e+00 4.699999999989403250e+02 0.000000000000000000e+00 0.000000000000000000e+00 0.000000000000000000e+00 4.699999999989403250e+02 0.000000000000000000e+00 0.000000000000000000e+00 0.000000000000000000e+00 4.699999999989808543e+02 0.000000000000000000e+00 0.000000000000000000e+00 0.000000000000000000e+00
1.925652184309802806e+03 1.925652184312685904e+03 0.000000000000000000e+00 4.699999999990279207e+02 0.000000000000000000e+00 0.000000000000000000e+00 0.000000000000000000e+00 4.699999999987989554e+02 0.000000000000000000e+00 0.000000000000000000e+00 0.000000000000000000e+00 4.699999999987989554e+02 0.000000000000000000e+00 0.000000000000000000e+00 0.000000000000000000e+00 4.699999999990279207e+02 0.000000000000000000e+00 0.000000000000000000e+00 0.000000000000000000e+00
1.926104564212902915e+03 2.272514725729926340e+03 0.000000000000000000e+00 4.699999999989615844e+02 0.000000000000000000e+00 0.000000000000000000e+00 0.000000000000000000e+00 4.699999999987902584e+02 0.000000000000000000e+00 0.000000000000000000e+00 0.000000000000000000e+00 4.699999999987902584e+02 0.000000000000000000e+00 0.000000000000000000e+00 0.000000000000000000e+00 4.699999999989615844e+02 0.000000000000000000e+00 0.000000000000000000e+00 0.000000000000000000e+00
2.526730914958778158e+03 1.267309149671761475e+02 0.000000000000000000e+00 4.704141608908025773e+02 0.000000000000000000e+00 0.000000000000000000e+00 0.000000000000000000e+00 4.699999999999262172e+02 0.000000000000000000e+00 0.000000000000000000e+00 0.000000000000000000e+00 4.699999999999262172e+02 0.000000000000000000e+00 0.000000000000000000e+00 0.000000000000000000e+00 4.704141608908025773e+02 0.000000000000000000e+00 0.000000000000000000e+00 0.000000000000000000e+00
2.873120702290673307e+03 1.267105407858293233e+02 0.000000000000000000e+00 4.704141608908025773e+02 0.000000000000000000e+00 0.000000000000000000e+00 0.000000000000000000e+00 4.704141608908011563e+02 0.000000000000000000e+00 0.000000000000000000e+00 0.000000000000000000e+00 4.704141608908011563e+02 0.000000000000000000e+00 0.000000000000000000e+00 0.000000000000000000e+00 4.704141608908025773e+02 0.000000000000000000e+00 0.000000000000000000e+00 0.000000000000000000e+00
2.526376145417287262e+03 4.727863069379933449e+02 0.000000000000000000e+00 4.699999999999741931e+02 0.000000000000000000e+00 0.000000000000000000e+00 0.000000000000000000e+00 4.699999999999050146e+02 0.000000000000000000e+00 0.000000000000000000e+00 0.000000000000000000e+00 4.699999999999050146e+02 0.000000000000000000e+00 0.000000000000000000e+00 0.000000000000000000e+00 4.699999999999741931e+02 0.000000000000000000e+00 0.000000000000000000e+00 0.000000000000000000e+00
2.873070082668760278e+03 4.730700826764425528e+02 0.000000000000000000e+00 4.699999999999921556e+02 0.000000000000000000e+00 0.000000000000000000e+00 0.000000000000000000e+00 4.704141608908011563e+02 0.000000000000000000e+00 0.000000000000000000e+00 0.000000000000000000e+00 4.704141608908011563e+02 0.000000000000000000e+00 0.000000000000000000e+00 0.000000000000000000e+00 4.699999999999921556e+02 0.000000000000000000e+00 0.000000000000000000e+00 0.000000000000000000e+00
3.126794918129046891e+03 5.873205079630586624e+03 0.000000000000000000e+00 4.704141608908099101e+02 0.000000000000000000e+00 0.000000000000000000e+00 0.000000000000000000e+00 4.704141608908057606e+02 0.000000000000000000e+00 0.000000000000000000e+00 0.000000000000000000e+00 4.704141608908057606e+02 0.000000000000000000e+00 0.000000000000000000e+00 0.000000000000000000e+00 4.704141608908099101e+02 0.000000000000000000e+00 0.000000000000000000e+00 0.000000000000000000e+00
3.126794909719286807e+03 5.526794909708517480e+03 0.000000000000000000e+00 4.704141608908063290e+02 0.000000000000000000e+00 0.000000000000000000e+00 0.000000000000000000e+00 4.704141608908057606e+02 0.000000000000000000e+00 0.000000000000000000e+00 0.000000000000000000e+00 4.704141608908057606e+02 0.000000000000000000e+00 0.000000000000000000e+00 0.000000000000000000e+00 4.704141608908063290e+02 0.000000000000000000e+00 0.000000000000000000e+00 0.000000000000000000e+00
3.473205079038949862e+03 5.873205079026837666e+03 0.000000000000000000e+00 4.704141608908099101e+02 0.000000000000000000e+00 0.000000000000000000e+00 0.000000000000000000e+00 4.704141608908052490e+02 0.000000000000000000e+00 0.000000000000000000e+00 0.000000000000000000e+00 4.704141608908052490e+02 0.000000000000000000e+00 0.000000000000000000e+00 0.000000000000000000e+00 4.704141608908099101e+02 0.000000000000000000e+00 0.000000000000000000e+00 0.000000000000000000e+00
3.473205079641474185e+03 5.526794918117658199e+03 0.000000000000000000e+00 4.704141608908063290e+02 0.000000000000000000e+00 0.000000000000000000e+00 0.000000000000000000e+00 4.704141608908052490e+02 0.000000000000000000e+00 0.000000000000000000e+00 0.000000000000000000e+00 4.704141608908052490e+02 0.000000000000000000e+00 0.000000000000000000e+00 0.000000000000000000e+00 4.704141608908063290e+02 0.000000000000000000e+00 0.000000000000000000e+00 0.000000000000000000e+00
1.321825263163008458e+03 7.218252631662611520e+02 0.000000000000000000e+00 4.699999999989212256e+02 0.000000000000000000e+00 0.000000000000000000e+00 0.000000000000000000e+00 4.699999999987498427e+02 0.000000000000000000e+00 0.000000000000000000e+00 0.000000000000000000e+00 4.699999999987498427e+02 0.000000000000000000e+00 0.000000000000000000e+00 0.000000000000000000e+00 4.699999999989212256e+02 0.000000000000000000e+00 0.000000000000000000e+00 0.000000000000000000e+00
1.670020508942393917e+03 7.236103474326062042e+02 0.000000000000000000e+00 4.699999999989546495e+02 0.000000000000000000e+00 0.000000000000000000e+00 0.000000000000000000e+00 4.699999999990070023e+02 0.000000000000000000e+00 0.000000000000000000e+00 0.000000000000000000e+00 4.699999999990070023e+02 0.000000000000000000e+00 0.000000000000000000e+00 0.000000000000000000e+00 4.699999999989546495e+02 0.000000000000000000e+00 0.000000000000000000e+00 0.000000000000000000e+00
1.322706595494869816e+03 1.069116757012192920e+03 0.000000000000000000e+00 4.699999999988512513e+02 0.000000000000000000e+00 0.000000000000000000e+00 0.000000000000000000e+00 4.699999999987403498e+02 0.000000000000000000e+00 0.000000000000000000e+00 0.000000000000000000e+00 4.699999999987404067e+02 0.000000000000000000e+00 0.000000000000000000e+00 0.000000000000000000e+00 4.699999999988512513e+02 0.000000000000000000e+00 0.000000000000000000e+00 0.000000000000000000e+00
1.670141436045896626e+03 1.070141436049002778e+03 0.000000000000000000e+00 4.699999999988845047e+02 0.000000000000000000e+00 0.000000000000000000e+00 0.000000000000000000e+00 4.699999999989977937e+02 0.000000000000000000e+00 0.000000000000000000e+00 0.000000000000000000e+00 4.699999999989977937e+02 0.000000000000000000e+00 0.000000000000000000e+00 0.000000000000000000e+00 4.699999999988845047e+02 0.000000000000000000e+00 0.000000000000000000e+00 0.000000000000000000e+00
4.712198631465172411e+02 1.924809701641645233e+03 0.000000000000000000e+00 4.699999999975132141e+02 0.000000000000000000e+00 0.000000000000000000e+00 0.000000000000000000e+00 4.699999999975190690e+02 0.000000000000000000e+00 0.000000000000000000e+00 0.000000000000000000e+00 4.699999999975190690e+02 0.000000000000000000e+00 0.000000000000000000e+00 0.000000000000000000e+00 4.699999999975132141e+02 0.000000000000000000e+00 0.000000000000000000e+00 0.000000000000000000e+00
4.724862375005498052e+02 2.272486237510571300e+03 0.000000000000000000e+00 4.699999999975499350e+02 0.000000000000000000e+00 0.000000000000000000e+00 0.000000000000000000e+00 4.699999999975228206e+02 0.000000000000000000e+00 0.000000000000000000e+00 0.000000000000000000e+00 4.699999999975228206e+02 0.000000000000000000e+00 0.000000000000000000e+00 0.000000000000000000e+00 4.699999999975499350e+02 0.000000000000000000e+00 0.000000000000000000e+00 0.000000000000000000e+00
1.264781045742934964e+02 1.926478104586254176e+03 0.000000000000000000e+00 4.699999999974662046e+02 0.000000000000000000e+00 0.000000000000000000e+00 0.000000000000000000e+00 4.699999999971546458e+02 0.000000000000000000e+00 0.000000000000000000e+00 0.000000000000000000e+00 4.699999999971546458e+02 0.000000000000000000e+00 0.000000000000000000e+00 0.000000000000000000e+00 4.699999999974662046e+02 0.000000000000000000e+00 0.000000000000000000e+00 0.000000000000000000e+00
1.263871829864120002e+02 2.272797344512353447e+03 0.000000000000000000e+00 4.699999999975031528e+02 0.000000000000000000e+00 0.000000000000000000e+00 0.000000000000000000e+00 4.699999999971591365e+02 0.000000000000000000e+00 0.000000000000000000e+00 0.000000000000000000e+00 4.699999999971591365e+02 0.000000000000000000e+00 0.000000000000000000e+00 0.000000000000000000e+00 4.699999999975031528e+02 0.000000000000000000e+00 0.000000000000000000e+00 0.000000000000000000e+00
2.526765702120427250e+03 3.726765702120064816e+03 0.000000000000000000e+00 4.699999999992282369e+02 0.000000000000000000e+00 0.000000000000000000e+00 0.000000000000000000e+00 4.699999999991370601e+02 0.000000000000000000e+00 0.000000000000000000e+00 0.000000000000000000e+00 4.699999999991370601e+02 0.000000000000000000e+00 0.000000000000000000e+00 0.000000000000000000e+00 4.699999999992282369e+02 0.000000000000000000e+00 0.000000000000000000e+00 0.000000000000000000e+00
2.873192297691427484e+03 3.726782136176496351e+03 0.000000000000000000e+00 4.699999999992365929e+02 0.000000000000000000e+00 0.000000000000000000e+00 0.000000000000000000e+00 4.699999999992026574e+02 0.000000000000000000e+00 0.000000000000000000e+00 0.000000000000000000e+00 4.699999999992026574e+02 0.000000000000000000e+00 0.000000000000000000e+00 0.000000000000000000e+00 4.699999999992365929e+02 0.000000000000000000e+00 0.000000000000000000e+00 0.000000000000000000e+00
2.526786589132124391e+03 4.073196750643904124e+03 0.000000000000000000e+00 4.699999999993568167e+02 0.000000000000000000e+00 0.000000000000000000e+00 0.000000000000000000e+00 4.699999999991536015e+02 0.000000000000000000e+00 0.000000000000000000e+00 0.000000000000000000e+00 4.699999999991536015e+02 0.000000000000000000e+00 0.000000000000000000e+00 0.000000000000000000e+00 4.699999999993568167e+02 0.000000000000000000e+00 0.000000000000000000e+00 0.000000000000000000e+00
2.873197594140179717e+03 4.073197594137383021e+03 0.000000000000000000e+00 4.699999999993652295e+02 0.000000000000000000e+00 0.000000000000000000e+00 0.000000000000000000e+00 4.699999999992191988e+02 0.000000000000000000e+00 0.000000000000000000e+00 0.000000000000000000e+00 4.699999999992191988e+02 0.000000000000000000e+00 0.000000000000000000e+00 0.000000000000000000e+00 4.699999999993652295e+02 0.000000000000000000e+00 0.000000000000000000e+00 0.000000000000000000e+00
5.526794917836949026e+03 7.267949178368036200e+02 0.000000000000000000e+00 4.699999999989076400e+02 0.000000000000000000e+00 0.000000000000000000e+00 0.000000000000000000e+00 4.699999999987591650e+02 0.000000000000000000e+00 0.000000000000000000e+00 0.000000000000000000e+00 4.699999999987592219e+02 0.000000000000000000e+00 0.000000000000000000e+00 0.000000000000000000e+00 4.699999999989076400e+02 0.000000000000000000e+00 0.000000000000000000e+00 0.000000000000000000e+00
5.873205080025759344e+03 7.267949185104114349e+02 0.000000000000000000e+00 4.699999999988888248e+02 0.000000000000000000e+00 0.000000000000000000e+00 0.000000000000000000e+00 4.699999999986120542e+02 0.000000000000000000e+00 0.000000000000000000e+00 0.000000000000000000e+00 4.699999999986120542e+02 0.000000000000000000e+00 0.000000000000000000e+00 0.000000000000000000e+00 4.699999999988888248e+02 0.000000000000000000e+00 0.000000000000000000e+00 0.000000000000000000e+00
5.526794915750989276e+03 1.073205077262529812e+03 0.000000000000000000e+00 4.699999999988236254e+02 0.000000000000000000e+00 0.000000000000000000e+00 0.000000000000000000e+00 4.699999999987484216e+02 0.000000000000000000e+00 0.000000000000000000e+00 0.000000000000000000e+00 4.699999999987484216e+02 0.000000000000000000e+00 0.000000000000000000e+00 0.000000000000000000e+00 4.699999999988236254e+02 0.000000000000000000e+00 0.000000000000000000e+00 0.000000000000000000e+00
5.873205080175524017e+03 1.073205080172761882e+03 0.000000000000000000e+00 4.699999999988048103e+02 0.000000000000000000e+00 0.000000000000000000e+00 0.000000000000000000e+00 4.699999999986012540e+02 0.000000000000000000e+00 0.000000000000000000e+00 0.000000000000000000e+00 4.699999999986012540e+02 0.000000000000000000e+00 0.000000000000000000e+00 0.000000000000000000e+00 4.699999999988048103e+02 0.000000000000000000e+00 0.000000000000000000e+00 0.000000000000000000e+00
5.526794919098955688e+03 4.073205080605426247e+03 0.000000000000000000e+00 4.699999999980901748e+02 0.000000000000000000e+00 0.000000000000000000e+00 0.000000000000000000e+00 4.699999999980753387e+02 0.000000000000000000e+00 0.000000000000000000e+00 0.000000000000000000e+00 4.699999999980753387e+02 0.000000000000000000e+00 0.000000000000000000e+00 0.000000000000000000e+00 4.699999999980901748e+02 0.000000000000000000e+00 0.000000000000000000e+00 0.000000000000000000e+00
5.526794918020208570e+03 3.726794918012148628e+03 0.000000000000000000e+00 4.699999999980962002e+02 0.000000000000000000e+00 0.000000000000000000e+00 0.000000000000000000e+00 4.699999999980761345e+02 0.000000000000000000e+00 0.000000000000000000e+00 0.000000000000000000e+00 4.699999999980761345e+02 0.000000000000000000e+00 0.000000000000000000e+00 0.000000000000000000e+00 4.699999999980962002e+02 0.000000000000000000e+00 0.000000000000000000e+00 0.000000000000000000e+00
5.873205080535010893e+03 4.073205080525039193e+03 0.000000000000000000e+00 4.699999999980447569e+02 0.000000000000000000e+00 0.000000000000000000e+00 0.000000000000000000e+00 4.699999999977221705e+02 0.000000000000000000e+00 0.000000000000000000e+00 0.000000000000000000e+00 4.699999999977221705e+02 0.000000000000000000e+00 0.000000000000000000e+00 0.000000000000000000e+00 4.699999999980447569e+02 0.000000000000000000e+00 0.000000000000000000e+00 0.000000000000000000e+00
5.873205080612461643e+03 3.726794919088893948e+03 0.000000000000000000e+00 4.699999999980508960e+02 0.000000000000000000e+00 0.000000000000000000e+00 0.000000000000000000e+00 4.699999999977229663e+02 0.000000000000000000e+00 0.000000000000000000e+00 0.000000000000000000e+00 4.699999999977229663e+02 0.000000000000000000e+00 0.000000000000000000e+00 0.000000000000000000e+00 4.699999999980508960e+02 0.000000000000000000e+00 0.000000000000000000e+00 0.000000000000000000e+00
2.273205080769406777e+03 5.873205080757058568e+03 0.000000000000000000e+00 4.704141608908112744e+02 0.000000000000000000e+00 0.000000000000000000e+00 0.000000000000000000e+00 4.704141608908044532e+02 0.000000000000000000e+00 0.000000000000000000e+00 0.000000000000000000e+00 4.704141608908044532e+02 0.000000000000000000e+00 0.000000000000000000e+00 0.000000000000000000e+00 4.704141608908112744e+02 0.000000000000000000e+00 0.000000000000000000e+00 0.000000000000000000e+00
1.926794919255431523e+03 5.873205080757052201e+03 0.000000000000000000e+00 4.704141608908112744e+02 0.000000000000000000e+00 0.000000000000000000e+00 0.000000000000000000e+00 4.704141608908017247e+02 0.000000000000000000e+00 0.000000000000000000e+00 0.000000000000000000e+00 4.704141608908017247e+02 0.000000000000000000e+00 0.000000000000000000e+00 0.000000000000000000e+00 4.704141608908112744e+02 0.000000000000000000e+00 0.000000000000000000e+00 0.000000000000000000e+00
2.273205080768274911e+03 5.526794919243693585e+03 0.000000000000000000e+00 4.704141608908057037e+02 0.000000000000000000e+00 0.000000000000000000e+00 0.000000000000000000e+00 4.704141608908044532e+02 0.000000000000000000e+00 0.000000000000000000e+00 0.000000000000000000e+00 4.704141608908044532e+02 0.000000000000000000e+00 0.000000000000000000e+00 0.000000000000000000e+00 4.704141608908057037e+02 0.000000000000000000e+00 0.000000000000000000e+00 0.000000000000000000e+00
1.926794919253301941e+03 5.526794919243785444e+03 0.000000000000000000e+00 4.704141608908057037e+02 0.000000000000000000e+00 0.000000000000000000e+00 0.000000000000000000e+00 4.704141608908017247e+02 0.000000000000000000e+00 0.000000000000000000e+00 0.000000000000000000e+00 4.704141608908017247e+02 0.000000000000000000e+00 0.000000000000000000e+00 0.000000000000000000e+00 4.704141608908057037e+02 0.000000000000000000e+00 0.000000000000000000e+00 0.000000000000000000e+00
3.726783394347198282e+03 3.126783394346171008e+03 0.000000000000000000e+00 4.699999999991056825e+02 0.000000000000000000e+00 0.000000000000000000e+00 0.000000000000000000e+00 4.699999999990544097e+02 0.000000000000000000e+00 0.000000000000000000e+00 0.000000000000000000e+00 4.699999999990544097e+02 0.000000000000000000e+00 0.000000000000000000e+00 0.000000000000000000e+00 4.699999999991056825e+02 0.000000000000000000e+00 0.000000000000000000e+00 0.000000000000000000e+00
4.073202034104355334e+03 3.126791872588341903e+03 0.000000000000000000e+00 4.699999999990964170e+02 0.000000000000000000e+00 0.000000000000000000e+00 0.000000000000000000e+00 4.699999999989823891e+02 0.000000000000000000e+00 0.000000000000000000e+00 0.000000000000000000e+00 4.699999999989823891e+02 0.000000000000000000e+00 0.000000000000000000e+00 0.000000000000000000e+00 4.699999999990964170e+02 0.000000000000000000e+00 0.000000000000000000e+00 0.000000000000000000e+00
3.726790444452161410e+03 3.473200605964225815e+03 0.000000000000000000e+00 4.699999999991659365e+02 0.000000000000000000e+00 0.000000000000000000e+00 0.000000000000000000e+00 4.699999999990621404e+02 0.000000000000000000e+00 0.000000000000000000e+00 0.000000000000000000e+00 4.699999999990621404e+02 0.000000000000000000e+00 0.000000000000000000e+00 0.000000000000000000e+00 4.699999999991659365e+02 0.000000000000000000e+00 0.000000000000000000e+00 0.000000000000000000e+00
4.073202334735421573e+03 3.473202334733271073e+03 0.000000000000000000e+00 4.699999999991567847e+02 0.000000000000000000e+00 0.000000000000000000e+00 0.000000000000000000e+00 4.699999999989901767e+02 0.000000000000000000e+00 0.000000000000000000e+00 0.000000000000000000e+00 4.699999999989901767e+02 0.000000000000000000e+00 0.000000000000000000e+00 0.000000000000000000e+00 4.699999999991567847e+02 0.000000000000000000e+00 0.000000000000000000e+00 0.000000000000000000e+00
7.256777506023490787e+02 2.272087912124427021e+03 0.000000000000000000e+00 4.699999999981150154e+02 0.000000000000000000e+00 0.000000000000000000e+00 0.000000000000000000e+00 4.699999999978294909e+02 0.000000000000000000e+00 0.000000000000000000e+00 0.000000000000000000e+00 4.699999999978294909e+02 0.000000000000000000e+00 0.000000000000000000e+00 0.000000000000000000e+00 4.699999999981150154e+02 0.000000000000000000e+00 0.000000000000000000e+00 0.000000000000000000e+00
7.244829718311615352e+02 1.924482971838399408e+03 0.000000000000000000e+00 4.699999999981294536e+02 0.000000000000000000e+00 0.000000000000000000e+00 0.000000000000000000e+00 4.699999999978322762e+02 0.000000000000000000e+00 0.000000000000000000e+00 0.000000000000000000e+00 4.699999999978322762e+02 0.000000000000000000e+00 0.000000000000000000e+00 0.000000000000000000e+00 4.699999999981294536e+02 0.000000000000000000e+00 0.000000000000000000e+00 0.000000000000000000e+00
1.071942972018081946e+03 2.271942972024308801e+03 0.000000000000000000e+00 4.699999999981533279e+02 0.000000000000000000e+00 0.000000000000000000e+00 0.000000000000000000e+00 4.699999999981273504e+02 0.000000000000000000e+00 0.000000000000000000e+00 0.000000000000000000e+00 4.699999999981273504e+02 0.000000000000000000e+00 0.000000000000000000e+00 0.000000000000000000e+00 4.699999999981533279e+02 0.000000000000000000e+00 0.000000000000000000e+00 0.000000000000000000e+00
1.071036695777710293e+03 1.924626534269201102e+03 0.000000000000000000e+00 4.699999999981677661e+02 0.000000000000000000e+00 0.000000000000000000e+00 0.000000000000000000e+00 4.699999999981300220e+02 0.000000000000000000e+00 0.000000000000000000e+00 0.000000000000000000e+00 4.699999999981300220e+02 0.000000000000000000e+00 0.000000000000000000e+00 0.000000000000000000e+00 4.699999999981677661e+02 0.000000000000000000e+00 0.000000000000000000e+00 0.000000000000000000e+00
1.267779512255081897e+02 3.473188112751517110e+03 0.000000000000000000e+00 4.699999999976630534e+02 0.000000000000000000e+00 0.000000000000000000e+00 0.000000000000000000e+00 4.699999999971697093e+02 0.000000000000000000e+00 0.000000000000000000e+00 0.000000000000000000e+00 4.699999999971697093e+02 0.000000000000000000e+00 0.000000000000000000e+00 0.000000000000000000e+00 4.699999999976630534e+02 0.000000000000000000e+00 0.000000000000000000e+00 0.000000000000000000e+00
1.267819376319588685e+02 3.126781937644347181e+03 0.000000000000000000e+00 4.699999999975729565e+02 0.000000000000000000e+00 0.000000000000000000e+00 0.000000000000000000e+00 4.699999999971581701e+02 0.000000000000000000e+00 0.000000000000000000e+00 0.000000000000000000e+00 4.699999999971581701e+02 0.000000000000000000e+00 0.000000000000000000e+00 0.000000000000000000e+00 4.699999999975729565e+02 0.000000000000000000e+00 0.000000000000000000e+00 0.000000000000000000e+00
4.731769557283939776e+02 3.473176955739161713e+03 0.000000000000000000e+00 4.699999999977103471e+02 0.000000000000000000e+00 0.000000000000000000e+00 0.000000000000000000e+00 4.699999999975367473e+02 0.000000000000000000e+00 0.000000000000000000e+00 0.000000000000000000e+00 4.699999999975367473e+02 0.000000000000000000e+00 0.000000000000000000e+00 0.000000000000000000e+00 4.699999999977103471e+02 0.000000000000000000e+00 0.000000000000000000e+00 0.000000000000000000e+00
4.731214322491905477e+02 3.126711270746477112e+03 0.000000000000000000e+00 4.699999999976200797e+02 0.000000000000000000e+00 0.000000000000000000e+00 0.000000000000000000e+00 4.699999999975251512e+02 0.000000000000000000e+00 0.000000000000000000e+00 0.000000000000000000e+00 4.699999999975251512e+02 0.000000000000000000e+00 0.000000000000000000e+00 0.000000000000000000e+00 4.699999999976200797e+02 0.000000000000000000e+00 0.000000000000000000e+00 0.000000000000000000e+00
1.926787187068802950e+03 4.326787187067921877e+03 0.000000000000000000e+00 4.699999999993087272e+02 0.000000000000000000e+00 0.000000000000000000e+00 0.000000000000000000e+00 4.699999999991609343e+02 0.000000000000000000e+00 0.000000000000000000e+00 0.000000000000000000e+00 4.699999999991609343e+02 0.000000000000000000e+00 0.000000000000000000e+00 0.000000000000000000e+00 4.699999999993087272e+02 0.000000000000000000e+00 0.000000000000000000e+00 0.000000000000000000e+00
2.273200792207800532e+03 4.326790630691452861e+03 0.000000000000000000e+00 4.699999999993258371e+02 0.000000000000000000e+00 0.000000000000000000e+00 0.000000000000000000e+00 4.699999999992941753e+02 0.000000000000000000e+00 0.000000000000000000e+00 0.000000000000000000e+00 4.699999999992941753e+02 0.000000000000000000e+00 0.000000000000000000e+00 0.000000000000000000e+00 4.699999999993258371e+02 0.000000000000000000e+00 0.000000000000000000e+00 0.000000000000000000e+00
1.926793101764789299e+03 4.673203263275345307e+03 0.000000000000000000e+00 4.699999999995048370e+02 0.000000000000000000e+00 0.000000000000000000e+00 0.000000000000000000e+00 4.699999999991861159e+02 0.000000000000000000e+00 0.000000000000000000e+00 0.000000000000000000e+00 4.699999999991861159e+02 0.000000000000000000e+00 0.000000000000000000e+00 0.000000000000000000e+00 4.699999999995048370e+02 0.000000000000000000e+00 0.000000000000000000e+00 0.000000000000000000e+00
2.273203173882985993e+03 4.673203173877810514e+03 0.000000000000000000e+00 4.699999999995220037e+02 0.000000000000000000e+00 0.000000000000000000e+00 0.000000000000000000e+00 4.699999999993193569e+02 0.000000000000000000e+00 0.000000000000000000e+00 0.000000000000000000e+00 4.699999999993193569e+02 0.000000000000000000e+00 0.000000000000000000e+00 0.000000000000000000e+00 4.699999999995220037e+02 0.000000000000000000e+00 0.000000000000000000e+00 0.000000000000000000e+00
4.673205080596889275e+03 5.273205080592301783e+03 0.000000000000000000e+00 4.699999999996142037e+02 0.000000000000000000e+00 0.000000000000000000e+00 0.000000000000000000e+00 4.699999999993971187e+02 0.000000000000000000e+00 0.000000000000000000e+00 0.000000000000000000e+00 4.699999999993971187e+02 0.000000000000000000e+00 0.000000000000000000e+00 0.000000000000000000e+00 4.699999999996142037e+02 0.000000000000000000e+00 0.000000000000000000e+00 0.000000000000000000e+00
4.326794919126044078e+03 5.273205080633940270e+03 0.000000000000000000e+00 4.699999999996404085e+02 0.000000000000000000e+00 0.000000000000000000e+00 0.000000000000000000e+00 4.699999999996010160e+02 0.000000000000000000e+00 0.000000000000000000e+00 0.000000000000000000e+00 4.699999999996010160e+02 0.000000000000000000e+00 0.000000000000000000e+00 0.000000000000000000e+00 4.699999999996404085e+02 0.000000000000000000e+00 0.000000000000000000e+00 0.000000000000000000e+00
4.673205080507560524e+03 4.926794918989508005e+03 0.000000000000000000e+00 4.699999999994749942e+02 0.000000000000000000e+00 0.000000000000000000e+00 0.000000000000000000e+00 4.699999999993792699e+02 0.000000000000000000e+00 0.000000000000000000e+00 0.000000000000000000e+00 4.699999999993792699e+02 0.000000000000000000e+00 0.000000000000000000e+00 0.000000000000000000e+00 4.699999999994749942e+02 0.000000000000000000e+00 0.000000000000000000e+00 0.000000000000000000e+00
4.326794918423766831e+03 4.926794918419468559e+03 0.000000000000000000e+00 4.699999999995011422e+02 0.000000000000000000e+00 0.000000000000000000e+00 0.000000000000000000e+00 4.699999999995831104e+02 0.000000000000000000e+00 0.000000000000000000e+00 0.000000000000000000e+00 4.699999999995831104e+02 0.000000000000000000e+00 0.000000000000000000e+00 0.000000000000000000e+00 4.699999999995011422e+02 0.000000000000000000e+00 0.000000000000000000e+00 0.000000000000000000e+00
2.273205002408928067e+03 5.273205002399859950e+03 0.000000000000000000e+00 4.704141608908021226e+02 0.000000000000000000e+00 0.000000000000000000e+00 0.000000000000000000e+00 4.699999999997504574e+02 0.000000000000000000e+00 0.000000000000000000e+00 0.000000000000000000e+00 4.699999999997504574e+02 0.000000000000000000e+00 0.000000000000000000e+00 0.000000000000000000e+00 4.704141608908021226e+02 0.000000000000000000e+00 0.000000000000000000e+00 0.000000000000000000e+00
1.926794852285458546e+03 5.273205013791325655e+03 0.000000000000000000e+00 4.704141608908021226e+02 0.000000000000000000e+00 0.000000000000000000e+00 0.000000000000000000e+00 4.699999999995662279e+02 0.000000000000000000e+00 0.000000000000000000e+00 0.000000000000000000e+00 4.699999999995662279e+02 0.000000000000000000e+00 0.000000000000000000e+00 0.000000000000000000e+00 4.704141608908021226e+02 0.000000000000000000e+00 0.000000000000000000e+00 0.000000000000000000e+00
2.273204888916765412e+03 4.926794727395983500e+03 0.000000000000000000e+00 4.699999999997593250e+02 0.000000000000000000e+00 0.000000000000000000e+00 0.000000000000000000e+00 4.699999999997088480e+02 0.000000000000000000e+00 0.000000000000000000e+00 0.000000000000000000e+00 4.699999999997088480e+02 0.000000000000000000e+00 0.000000000000000000e+00 0.000000000000000000e+00 4.699999999997593250e+02 0.000000000000000000e+00 0.000000000000000000e+00 0.000000000000000000e+00
1.926794568739614533e+03 4.926794568734602763e+03 0.000000000000000000e+00 4.699999999997356781e+02 0.000000000000000000e+00 0.000000000000000000e+00 0.000000000000000000e+00 4.699999999995245616e+02 0.000000000000000000e+00 0.000000000000000000e+00 0.000000000000000000e+00 4.699999999995245616e+02 0.000000000000000000e+00 0.000000000000000000e+00 0.000000000000000000e+00 4.699999999997356781e+02 0.000000000000000000e+00 0.000000000000000000e+00 0.000000000000000000e+00
2.873205035756772304e+03 5.273205035747135298e+03 0.000000000000000000e+00 4.704141608908044532e+02 0.000000000000000000e+00 0.000000000000000000e+00 0.000000000000000000e+00 4.699999999999611191e+02 0.000000000000000000e+00 0.000000000000000000e+00 0.000000000000000000e+00 4.699999999999611191e+02 0.000000000000000000e+00 0.000000000000000000e+00 0.000000000000000000e+00 4.704141608908044532e+02 0.000000000000000000e+00 0.000000000000000000e+00 0.000000000000000000e+00
2.526794888136427289e+03 5.273205049640488141e+03 0.000000000000000000e+00 4.704141608908044532e+02 0.000000000000000000e+00 0.000000000000000000e+00 0.000000000000000000e+00 4.699999999998730118e+02 0.000000000000000000e+00 0.000000000000000000e+00 0.000000000000000000e+00 4.699999999998730118e+02 0.000000000000000000e+00 0.000000000000000000e+00 0.000000000000000000e+00 4.704141608908044532e+02 0.000000000000000000e+00 0.000000000000000000e+00 0.000000000000000000e+00
2.873204995673835583e+03 4.926794834152246949e+03 0.000000000000000000e+00 4.699999999999872102e+02 0.000000000000000000e+00 0.000000000000000000e+00 0.000000000000000000e+00 4.699999999999227498e+02 0.000000000000000000e+00 0.000000000000000000e+00 0.000000000000000000e+00 4.699999999999227498e+02 0.000000000000000000e+00 0.000000000000000000e+00 0.000000000000000000e+00 4.699999999999872102e+02 0.000000000000000000e+00 0.000000000000000000e+00 0.000000000000000000e+00
2.526794757164414477e+03 4.926794757156839296e+03 0.000000000000000000e+00 4.699999999999758415e+02 0.000000000000000000e+00 0.000000000000000000e+00 0.000000000000000000e+00 4.699999999998346425e+02 0.000000000000000000e+00 0.000000000000000000e+00 0.000000000000000000e+00 4.699999999998346425e+02 0.000000000000000000e+00 0.000000000000000000e+00 0.000000000000000000e+00 4.699999999999758415e+02 0.000000000000000000e+00 0.000000000000000000e+00 0.000000000000000000e+00
4.073204363837455276e+03 1.267942023337417936e+02 0.000000000000000000e+00 4.704141608908080912e+02 0.000000000000000000e+00 0.000000000000000000e+00 0.000000000000000000e+00 4.704141608908002468e+02 0.000000000000000000e+00 0.000000000000000000e+00 0.000000000000000000e+00 4.704141608908002468e+02 0.000000000000000000e+00 0.000000000000000000e+00 0.000000000000000000e+00 4.704141608908080912e+02 0.000000000000000000e+00 0.000000000000000000e+00 0.000000000000000000e+00
4.073204560996721739e+03 4.732045610043585384e+02 0.000000000000000000e+00 4.704141608908030889e+02 0.000000000000000000e+00 0.000000000000000000e+00 0.000000000000000000e+00 4.704141608908002468e+02 0.000000000000000000e+00 0.000000000000000000e+00 0.000000000000000000e+00 4.704141608908002468e+02 0.000000000000000000e+00 0.000000000000000000e+00 0.000000000000000000e+00 4.704141608908030889e+02 0.000000000000000000e+00 0.000000000000000000e+00 0.000000000000000000e+00
3.726794446464138218e+03 1.267944464740198498e+02 0.000000000000000000e+00 4.704141608908080912e+02 0.000000000000000000e+00 0.000000000000000000e+00 0.000000000000000000e+00 4.704141608908022931e+02 0.000000000000000000e+00 0.000000000000000000e+00 0.000000000000000000e+00 4.704141608908022931e+02 0.000000000000000000e+00 0.000000000000000000e+00 0.000000000000000000e+00 4.704141608908080912e+02 0.000000000000000000e+00 0.000000000000000000e+00 0.000000000000000000e+00
3.726790999046772868e+03 4.732011605689486942e+02 0.000000000000000000e+00 4.704141608908030889e+02 0.000000000000000000e+00 0.000000000000000000e+00 0.000000000000000000e+00 4.704141608908022931e+02 0.000000000000000000e+00 0.000000000000000000e+00 0.000000000000000000e+00 4.704141608908022931e+02 0.000000000000000000e+00 0.000000000000000000e+00 0.000000000000000000e+00 4.704141608908030889e+02 0.000000000000000000e+00 0.000000000000000000e+00 0.000000000000000000e+00
4.073192816189041878e+03 1.673192816189936593e+03 0.000000000000000000e+00 4.699999999992503490e+02 0.000000000000000000e+00 0.000000000000000000e+00 0.000000000000000000e+00 4.699999999991439381e+02 0.000000000000000000e+00 0.000000000000000000e+00 0.000000000000000000e+00 4.699999999991439381e+02 0.000000000000000000e+00 0.000000000000000000e+00 0.000000000000000000e+00 4.699999999992503490e+02 0.000000000000000000e+00 0.000000000000000000e+00 0.000000000000000000e+00
3.726759504736313829e+03 1.673169666252455045e+03 0.000000000000000000e+00 4.699999999992614335e+02 0.000000000000000000e+00 0.000000000000000000e+00 0.000000000000000000e+00 4.699999999992296011e+02 0.000000000000000000e+00 0.000000000000000000e+00 0.000000000000000000e+00 4.699999999992296011e+02 0.000000000000000000e+00 0.000000000000000000e+00 0.000000000000000000e+00 4.699999999992614335e+02 0.000000000000000000e+00 0.000000000000000000e+00 0.000000000000000000e+00
4.073194727530524233e+03 1.326784566019398881e+03 0.000000000000000000e+00 4.699999999994052473e+02 0.000000000000000000e+00 0.000000000000000000e+00 0.000000000000000000e+00 4.699999999991638333e+02 0.000000000000000000e+00 0.000000000000000000e+00 0.000000000000000000e+00 4.699999999991638333e+02 0.000000000000000000e+00 0.000000000000000000e+00 0.000000000000000000e+00 4.699999999994052473e+02 0.000000000000000000e+00 0.000000000000000000e+00 0.000000000000000000e+00
3.726779359432688125e+03 1.326779359436676714e+03 0.000000000000000000e+00 4.699999999994162181e+02 0.000000000000000000e+00 0.000000000000000000e+00 0.000000000000000000e+00 4.699999999992494963e+02 0.000000000000000000e+00 0.000000000000000000e+00 0.000000000000000000e+00 4.699999999992494963e+02 0.000000000000000000e+00 0.000000000000000000e+00 0.000000000000000000e+00 4.699999999994162181e+02 0.000000000000000000e+00 0.000000000000000000e+00 0.000000000000000000e+00
5.873205079241573912e+03 2.526794917719206296e+03 0.000000000000000000e+00 4.699999999981268957e+02 0.000000000000000000e+00 0.000000000000000000e+00 0.000000000000000000e+00 4.699999999977163725e+02 0.000000000000000000e+00 0.000000000000000000e+00 0.000000000000000000e+00 4.699999999977163725e+02 0.000000000000000000e+00 0.000000000000000000e+00 0.000000000000000000e+00 4.699999999981268957e+02 0.000000000000000000e+00 0.000000000000000000e+00 0.000000000000000000e+00
5.873205078954831151e+03 2.873205078945681180e+03 0.000000000000000000e+00 4.699999999980734628e+02 0.000000000000000000e+00 0.000000000000000000e+00 0.000000000000000000e+00 4.699999999977095513e+02 0.000000000000000000e+00 0.000000000000000000e+00 0.000000000000000000e+00 4.699999999977095513e+02 0.000000000000000000e+00 0.000000000000000000e+00 0.000000000000000000e+00 4.699999999980734628e+02 0.000000000000000000e+00 0.000000000000000000e+00 0.000000000000000000e+00
5.526794911055914781e+03 2.526794911048038557e+03 0.000000000000000000e+00 4.699999999981679935e+02 0.000000000000000000e+00 0.000000000000000000e+00 0.000000000000000000e+00 4.699999999980369694e+02 0.000000000000000000e+00 0.000000000000000000e+00 0.000000000000000000e+00 4.699999999980369694e+02 0.000000000000000000e+00 0.000000000000000000e+00 0.000000000000000000e+00 4.699999999981679935e+02 0.000000000000000000e+00 0.000000000000000000e+00 0.000000000000000000e+00
5.526794915049717929e+03 2.873205076555215328e+03 0.000000000000000000e+00 4.699999999981145038e+02 0.000000000000000000e+00 0.000000000000000000e+00 0.000000000000000000e+00 4.699999999980301482e+02 0.000000000000000000e+00 0.000000000000000000e+00 0.000000000000000000e+00 4.699999999980301482e+02 0.000000000000000000e+00 0.000000000000000000e+00 0.000000000000000000e+00 4.699999999981145606e+02 0.000000000000000000e+00 0.000000000000000000e+00 0.000000000000000000e+00
3.726789350670930162e+03 7.267893506778475512e+02 0.000000000000000000e+00 4.699999999999016040e+02 0.000000000000000000e+00 0.000000000000000000e+00 0.000000000000000000e+00 4.699999999996156248e+02 0.000000000000000000e+00 0.000000000000000000e+00 0.000000000000000000e+00 4.699999999996156248e+02 0.000000000000000000e+00 0.000000000000000000e+00 0.000000000000000000e+00 4.699999999999016040e+02 0.000000000000000000e+00 0.000000000000000000e+00 0.000000000000000000e+00
4.073202416916957191e+03 7.267922554094490124e+02 0.000000000000000000e+00 4.699999999998839826e+02 0.000000000000000000e+00 0.000000000000000000e+00 0.000000000000000000e+00 4.699999999994786322e+02 0.000000000000000000e+00 0.000000000000000000e+00 0.000000000000000000e+00 4.699999999994786322e+02 0.000000000000000000e+00 0.000000000000000000e+00 0.000000000000000000e+00 4.699999999998839826e+02 0.000000000000000000e+00 0.000000000000000000e+00 0.000000000000000000e+00
3.726783917513150755e+03 1.073194079032274203e+03 0.000000000000000000e+00 4.699999999996167617e+02 0.000000000000000000e+00 0.000000000000000000e+00 0.000000000000000000e+00 4.699999999995790745e+02 0.000000000000000000e+00 0.000000000000000000e+00 0.000000000000000000e+00 4.699999999995790745e+02 0.000000000000000000e+00 0.000000000000000000e+00 0.000000000000000000e+00 4.699999999996167617e+02 0.000000000000000000e+00 0.000000000000000000e+00 0.000000000000000000e+00
4.073200739151430753e+03 1.073200739155380916e+03 0.000000000000000000e+00 4.699999999995991402e+02 0.000000000000000000e+00 0.000000000000000000e+00 0.000000000000000000e+00 4.699999999994420250e+02 0.000000000000000000e+00 0.000000000000000000e+00 0.000000000000000000e+00 4.699999999994420250e+02 0.000000000000000000e+00 0.000000000000000000e+00 0.000000000000000000e+00 4.699999999995991402e+02 0.000000000000000000e+00 0.000000000000000000e+00 0.000000000000000000e+00
7.228874727115644419e+02 4.692976342285406872e+02 0.000000000000000000e+00 4.699999999982888994e+02 0.000000000000000000e+00 0.000000000000000000e+00 0.000000000000000000e+00 4.699999999983859311e+02 0.000000000000000000e+00 0.000000000000000000e+00 0.000000000000000000e+00 4.699999999983859311e+02 0.000000000000000000e+00 0.000000000000000000e+00 0.000000000000000000e+00 4.699999999982888994e+02 0.000000000000000000e+00 0.000000000000000000e+00 0.000000000000000000e+00
7.256524705466704290e+02 1.256524705486708626e+02 0.000000000000000000e+00 4.699999999982372287e+02 0.000000000000000000e+00 0.000000000000000000e+00 0.000000000000000000e+00 4.699999999983770067e+02 0.000000000000000000e+00 0.000000000000000000e+00 0.000000000000000000e+00 4.699999999983769499e+02 0.000000000000000000e+00 0.000000000000000000e+00 0.000000000000000000e+00 4.699999999982372287e+02 0.000000000000000000e+00 0.000000000000000000e+00 0.000000000000000000e+00
1.068735734669201520e+03 4.687357346721931322e+02 0.000000000000000000e+00 4.699999999983251655e+02 0.000000000000000000e+00 0.000000000000000000e+00 0.000000000000000000e+00 4.699999999986687840e+02 0.000000000000000000e+00 0.000000000000000000e+00 0.000000000000000000e+00 4.699999999986687840e+02 0.000000000000000000e+00 0.000000000000000000e+00 0.000000000000000000e+00 4.699999999983251655e+02 0.000000000000000000e+00 0.000000000000000000e+00 0.000000000000000000e+00
1.072102974632146015e+03 1.256928131217262319e+02 0.000000000000000000e+00 4.699999999982736654e+02 0.000000000000000000e+00 0.000000000000000000e+00 0.000000000000000000e+00 4.699999999986595185e+02 0.000000000000000000e+00 0.000000000000000000e+00 0.000000000000000000e+00 4.699999999986595185e+02 0.000000000000000000e+00 0.000000000000000000e+00 0.000000000000000000e+00 4.699999999982736654e+02 0.000000000000000000e+00 0.000000000000000000e+00 0.000000000000000000e+00
5.273205078338078238e+03 3.726794916817671947e+03 0.000000000000000000e+00 4.699999999986167722e+02 0.000000000000000000e+00 0.000000000000000000e+00 0.000000000000000000e+00 4.699999999983640464e+02 0.000000000000000000e+00 0.000000000000000000e+00 0.000000000000000000e+00 4.699999999983640464e+02 0.000000000000000000e+00 0.000000000000000000e+00 0.000000000000000000e+00 4.699999999986167722e+02 0.000000000000000000e+00 0.000000000000000000e+00 0.000000000000000000e+00
5.273205078849505298e+03 4.073205078843574483e+03 0.000000000000000000e+00 4.699999999986714556e+02 0.000000000000000000e+00 0.000000000000000000e+00 0.000000000000000000e+00 4.699999999983710950e+02 0.000000000000000000e+00 0.000000000000000000e+00 0.000000000000000000e+00 4.699999999983710950e+02 0.000000000000000000e+00 0.000000000000000000e+00 0.000000000000000000e+00 4.699999999986714556e+02 0.000000000000000000e+00 0.000000000000000000e+00 0.000000000000000000e+00
4.926794909625996297e+03 3.726794909621048191e+03 0.000000000000000000e+00 4.699999999986502530e+02 0.000000000000000000e+00 0.000000000000000000e+00 0.000000000000000000e+00 4.699999999986249577e+02 0.000000000000000000e+00 0.000000000000000000e+00 0.000000000000000000e+00 4.699999999986249577e+02 0.000000000000000000e+00 0.000000000000000000e+00 0.000000000000000000e+00 4.699999999986502530e+02 0.000000000000000000e+00 0.000000000000000000e+00 0.000000000000000000e+00
4.926794917450295543e+03 4.073205078959714683e+03 0.000000000000000000e+00 4.699999999987049364e+02 0.000000000000000000e+00 0.000000000000000000e+00 0.000000000000000000e+00 4.699999999986319494e+02 0.000000000000000000e+00 0.000000000000000000e+00 0.000000000000000000e+00 4.699999999986319494e+02 0.000000000000000000e+00 0.000000000000000000e+00 0.000000000000000000e+00 4.699999999987049364e+02 0.000000000000000000e+00 0.000000000000000000e+00 0.000000000000000000e+00
3.473204821961415291e+03 4.673204821955891930e+03 0.000000000000000000e+00 4.699999999997993427e+02 0.000000000000000000e+00 0.000000000000000000e+00 0.000000000000000000e+00 4.699999999995456506e+02 0.000000000000000000e+00 0.000000000000000000e+00 0.000000000000000000e+00 4.699999999995456506e+02 0.000000000000000000e+00 0.000000000000000000e+00 0.000000000000000000e+00 4.699999999997993427e+02 0.000000000000000000e+00 0.000000000000000000e+00 0.000000000000000000e+00
3.126794662627930848e+03 4.673204824135434137e+03 0.000000000000000000e+00 4.699999999997996269e+02 0.000000000000000000e+00 0.000000000000000000e+00 0.000000000000000000e+00 4.699999999995475832e+02 0.000000000000000000e+00 0.000000000000000000e+00 0.000000000000000000e+00 4.699999999995475832e+02 0.000000000000000000e+00 0.000000000000000000e+00 0.000000000000000000e+00 4.699999999997995701e+02 0.000000000000000000e+00 0.000000000000000000e+00 0.000000000000000000e+00
3.473204585060111185e+03 4.326794423542290133e+03 0.000000000000000000e+00 4.699999999995951043e+02 0.000000000000000000e+00 0.000000000000000000e+00 0.000000000000000000e+00 4.699999999995194457e+02 0.000000000000000000e+00 0.000000000000000000e+00 0.000000000000000000e+00 4.699999999995194457e+02 0.000000000000000000e+00 0.000000000000000000e+00 0.000000000000000000e+00 4.699999999995951043e+02 0.000000000000000000e+00 0.000000000000000000e+00 0.000000000000000000e+00
3.126793820713788136e+03 4.326793820709555803e+03 0.000000000000000000e+00 4.699999999995952749e+02 0.000000000000000000e+00 0.000000000000000000e+00 0.000000000000000000e+00 4.699999999995213216e+02 0.000000000000000000e+00 0.000000000000000000e+00 0.000000000000000000e+00 4.699999999995213216e+02 0.000000000000000000e+00 0.000000000000000000e+00 0.000000000000000000e+00 4.699999999995952749e+02 0.000000000000000000e+00 0.000000000000000000e+00 0.000000000000000000e+00
2.873090796907904405e+03 2.873090796909093569e+03 0.000000000000000000e+00 4.699999999990837978e+02 0.000000000000000000e+00 0.000000000000000000e+00 0.000000000000000000e+00 4.699999999990229185e+02 0.000000000000000000e+00 0.000000000000000000e+00 0.000000000000000000e+00 4.699999999990229185e+02 0.000000000000000000e+00 0.000000000000000000e+00 0.000000000000000000e+00 4.699999999990837978e+02 0.000000000000000000e+00 0.000000000000000000e+00 0.000000000000000000e+00
2.526623163908185688e+03 2.873033325423775750e+03 0.000000000000000000e+00 4.699999999990764081e+02 0.000000000000000000e+00 0.000000000000000000e+00 0.000000000000000000e+00 4.699999999989661319e+02 0.000000000000000000e+00 0.000000000000000000e+00 0.000000000000000000e+00 4.699999999989661319e+02 0.000000000000000000e+00 0.000000000000000000e+00 0.000000000000000000e+00 4.699999999990764081e+02 0.000000000000000000e+00 0.000000000000000000e+00 0.000000000000000000e+00
2.873042051432611061e+03 2.526631889920705362e+03 0.000000000000000000e+00 4.699999999990989181e+02 0.000000000000000000e+00 0.000000000000000000e+00 0.000000000000000000e+00 4.699999999990249080e+02 0.000000000000000000e+00 0.000000000000000000e+00 0.000000000000000000e+00 4.699999999990249080e+02 0.000000000000000000e+00 0.000000000000000000e+00 0.000000000000000000e+00 4.699999999990989181e+02 0.000000000000000000e+00 0.000000000000000000e+00 0.000000000000000000e+00
2.526506820530122695e+03 2.526506820532396887e+03 0.000000000000000000e+00 4.699999999990915285e+02 0.000000000000000000e+00 0.000000000000000000e+00 0.000000000000000000e+00 4.699999999989680646e+02 0.000000000000000000e+00 0.000000000000000000e+00 0.000000000000000000e+00 4.699999999989680646e+02 0.000000000000000000e+00 0.000000000000000000e+00 0.000000000000000000e+00 4.699999999990915285e+02 0.000000000000000000e+00 0.000000000000000000e+00 0.000000000000000000e+00
3.126794849929608063e+03 4.926794849922031062e+03 0.000000000000000000e+00 4.704141608908008152e+02 0.000000000000000000e+00 0.000000000000000000e+00 0.000000000000000000e+00 4.699999999999471356e+02 0.000000000000000000e+00 0.000000000000000000e+00 0.000000000000000000e+00 4.699999999999471356e+02 0.000000000000000000e+00 0.000000000000000000e+00 0.000000000000000000e+00 4.704141608908008152e+02 0.000000000000000000e+00 0.000000000000000000e+00 0.000000000000000000e+00
3.473205052153791257e+03 4.926794890633151226e+03 0.000000000000000000e+00 4.704141608908008152e+02 0.000000000000000000e+00 0.000000000000000000e+00 0.000000000000000000e+00 4.699999999999187139e+02 0.000000000000000000e+00 0.000000000000000000e+00 0.000000000000000000e+00 4.699999999999186571e+02 0.000000000000000000e+00 0.000000000000000000e+00 0.000000000000000000e+00 4.704141608908008152e+02 0.000000000000000000e+00 0.000000000000000000e+00 0.000000000000000000e+00
3.126794898463481786e+03 5.273205059967836860e+03 0.000000000000000000e+00 4.704141608908039416e+02 0.000000000000000000e+00 0.000000000000000000e+00 0.000000000000000000e+00 4.699999999999776605e+02 0.000000000000000000e+00 0.000000000000000000e+00 0.000000000000000000e+00 4.699999999999776605e+02 0.000000000000000000e+00 0.000000000000000000e+00 0.000000000000000000e+00 4.704141608908039416e+02 0.000000000000000000e+00 0.000000000000000000e+00 0.000000000000000000e+00
3.473205065419437233e+03 5.273205065410702446e+03 0.000000000000000000e+00 4.704141608908039416e+02 0.000000000000000000e+00 0.000000000000000000e+00 0.000000000000000000e+00 4.699999999999491820e+02 0.000000000000000000e+00 0.000000000000000000e+00 0.000000000000000000e+00 4.699999999999491820e+02 0.000000000000000000e+00 0.000000000000000000e+00 0.000000000000000000e+00 4.704141608908039416e+02 0.000000000000000000e+00 0.000000000000000000e+00 0.000000000000000000e+00
3.473134562619399730e+03 1.926724401107813492e+03 0.000000000000000000e+00 4.699999999992502921e+02 0.000000000000000000e+00 0.000000000000000000e+00 0.000000000000000000e+00 4.699999999991090363e+02 0.000000000000000000e+00 0.000000000000000000e+00 0.000000000000000000e+00 4.699999999991090363e+02 0.000000000000000000e+00 0.000000000000000000e+00 0.000000000000000000e+00 4.699999999992502921e+02 0.000000000000000000e+00 0.000000000000000000e+00 0.000000000000000000e+00
3.473141521441356872e+03 2.273141521442561952e+03 0.000000000000000000e+00 4.699999999991669029e+02 0.000000000000000000e+00 0.000000000000000000e+00 0.000000000000000000e+00 4.699999999990983497e+02 0.000000000000000000e+00 0.000000000000000000e+00 0.000000000000000000e+00 4.699999999990983497e+02 0.000000000000000000e+00 0.000000000000000000e+00 0.000000000000000000e+00 4.699999999991669029e+02 0.000000000000000000e+00 0.000000000000000000e+00 0.000000000000000000e+00
3.126644336999173902e+03 1.926644337002035172e+03 0.000000000000000000e+00 4.699999999992521680e+02 0.000000000000000000e+00 0.000000000000000000e+00 0.000000000000000000e+00 4.699999999991220534e+02 0.000000000000000000e+00 0.000000000000000000e+00 0.000000000000000000e+00 4.699999999991220534e+02 0.000000000000000000e+00 0.000000000000000000e+00 0.000000000000000000e+00 4.699999999992521680e+02 0.000000000000000000e+00 0.000000000000000000e+00 0.000000000000000000e+00
3.126664036159659190e+03 2.273074197675415235e+03 0.000000000000000000e+00 4.699999999991686082e+02 0.000000000000000000e+00 0.000000000000000000e+00 0.000000000000000000e+00 4.699999999991113100e+02 0.000000000000000000e+00 0.000000000000000000e+00 0.000000000000000000e+00 4.699999999991113100e+02 0.000000000000000000e+00 0.000000000000000000e+00 0.000000000000000000e+00 4.699999999991685513e+02 0.000000000000000000e+00 0.000000000000000000e+00 0.000000000000000000e+00
2.872919479691213382e+03 1.072919479696694907e+03 0.000000000000000000e+00 4.699999999996518909e+02 0.000000000000000000e+00 0.000000000000000000e+00 0.000000000000000000e+00 4.699999999996446149e+02 0.000000000000000000e+00 0.000000000000000000e+00 0.000000000000000000e+00 4.699999999996446149e+02 0.000000000000000000e+00 0.000000000000000000e+00 0.000000000000000000e+00 4.699999999996518909e+02 0.000000000000000000e+00 0.000000000000000000e+00 0.000000000000000000e+00
2.526090967267915858e+03 1.072501128786622758e+03 0.000000000000000000e+00 4.699999999996384190e+02 0.000000000000000000e+00 0.000000000000000000e+00 0.000000000000000000e+00 4.699999999995428084e+02 0.000000000000000000e+00 0.000000000000000000e+00 0.000000000000000000e+00 4.699999999995428084e+02 0.000000000000000000e+00 0.000000000000000000e+00 0.000000000000000000e+00 4.699999999996384190e+02 0.000000000000000000e+00 0.000000000000000000e+00 0.000000000000000000e+00
2.872941637696585531e+03 7.265314761895655238e+02 0.000000000000000000e+00 4.699999999998229328e+02 0.000000000000000000e+00 0.000000000000000000e+00 0.000000000000000000e+00 4.699999999996665565e+02 0.000000000000000000e+00 0.000000000000000000e+00 0.000000000000000000e+00 4.699999999996665565e+02 0.000000000000000000e+00 0.000000000000000000e+00 0.000000000000000000e+00 4.699999999998229328e+02 0.000000000000000000e+00 0.000000000000000000e+00 0.000000000000000000e+00
2.526279199489472376e+03 7.262791994954773145e+02 0.000000000000000000e+00 4.699999999998099725e+02 0.000000000000000000e+00 0.000000000000000000e+00 0.000000000000000000e+00 4.699999999995648068e+02 0.000000000000000000e+00 0.000000000000000000e+00 0.000000000000000000e+00 4.699999999995648068e+02 0.000000000000000000e+00 0.000000000000000000e+00 0.000000000000000000e+00 4.699999999998099725e+02 0.000000000000000000e+00 0.000000000000000000e+00 0.000000000000000000e+00
4.673204704909814609e+03 3.126794543391448315e+03 0.000000000000000000e+00 4.699999999989123580e+02 0.000000000000000000e+00 0.000000000000000000e+00 0.000000000000000000e+00 4.699999999987150545e+02 0.000000000000000000e+00 0.000000000000000000e+00 0.000000000000000000e+00 4.699999999987150545e+02 0.000000000000000000e+00 0.000000000000000000e+00 0.000000000000000000e+00 4.699999999989123580e+02 0.000000000000000000e+00 0.000000000000000000e+00 0.000000000000000000e+00
4.673204802876197391e+03 3.473204802872007349e+03 0.000000000000000000e+00 4.699999999989522053e+02 0.000000000000000000e+00 0.000000000000000000e+00 0.000000000000000000e+00 4.699999999987202273e+02 0.000000000000000000e+00 0.000000000000000000e+00 0.000000000000000000e+00 4.699999999987202273e+02 0.000000000000000000e+00 0.000000000000000000e+00 0.000000000000000000e+00 4.699999999989521484e+02 0.000000000000000000e+00 0.000000000000000000e+00 0.000000000000000000e+00
4.326793678988707143e+03 3.126793678985698989e+03 0.000000000000000000e+00 4.699999999989331627e+02 0.000000000000000000e+00 0.000000000000000000e+00 0.000000000000000000e+00 4.699999999988771719e+02 0.000000000000000000e+00 0.000000000000000000e+00 0.000000000000000000e+00 4.699999999988771719e+02 0.000000000000000000e+00 0.000000000000000000e+00 0.000000000000000000e+00 4.699999999989331627e+02 0.000000000000000000e+00 0.000000000000000000e+00 0.000000000000000000e+00
4.326794478760866696e+03 3.473204640271643257e+03 0.000000000000000000e+00 4.699999999989730668e+02 0.000000000000000000e+00 0.000000000000000000e+00 0.000000000000000000e+00 4.699999999988823447e+02 0.000000000000000000e+00 0.000000000000000000e+00 0.000000000000000000e+00 4.699999999988823447e+02 0.000000000000000000e+00 0.000000000000000000e+00 0.000000000000000000e+00 4.699999999989730668e+02 0.000000000000000000e+00 0.000000000000000000e+00 0.000000000000000000e+00
3.126690814749099445e+03 7.266908147561041460e+02 0.000000000000000000e+00 4.699999999999935767e+02 0.000000000000000000e+00 0.000000000000000000e+00 0.000000000000000000e+00 4.699999999997149303e+02 0.000000000000000000e+00 0.000000000000000000e+00 0.000000000000000000e+00 4.699999999997149303e+02 0.000000000000000000e+00 0.000000000000000000e+00 0.000000000000000000e+00 4.699999999999935767e+02 0.000000000000000000e+00 0.000000000000000000e+00 0.000000000000000000e+00
3.473166593147424464e+03 7.267564316409484491e+02 0.000000000000000000e+00 4.699999999999898819e+02 0.000000000000000000e+00 0.000000000000000000e+00 0.000000000000000000e+00 4.699999999996865654e+02 0.000000000000000000e+00 0.000000000000000000e+00 0.000000000000000000e+00 4.699999999996865654e+02 0.000000000000000000e+00 0.000000000000000000e+00 0.000000000000000000e+00 4.699999999999898819e+02 0.000000000000000000e+00 0.000000000000000000e+00 0.000000000000000000e+00
3.126655358239575435e+03 1.073065519759123163e+03 0.000000000000000000e+00 4.699999999997450004e+02 0.000000000000000000e+00 0.000000000000000000e+00 0.000000000000000000e+00 4.699999999996829843e+02 0.000000000000000000e+00 0.000000000000000000e+00 0.000000000000000000e+00 4.699999999996829843e+02 0.000000000000000000e+00 0.000000000000000000e+00 0.000000000000000000e+00 4.699999999997450004e+02 0.000000000000000000e+00 0.000000000000000000e+00 0.000000000000000000e+00
3.473163585194349707e+03 1.073163585200001535e+03 0.000000000000000000e+00 4.699999999997413624e+02 0.000000000000000000e+00 0.000000000000000000e+00 0.000000000000000000e+00 4.699999999996546194e+02 0.000000000000000000e+00 0.000000000000000000e+00 0.000000000000000000e+00 4.699999999996546194e+02 0.000000000000000000e+00 0.000000000000000000e+00 0.000000000000000000e+00 4.699999999997413624e+02 0.000000000000000000e+00 0.000000000000000000e+00 0.000000000000000000e+00
2.526791414435859224e+03 4.326791414432446800e+03 0.000000000000000000e+00 4.699999999995141025e+02 0.000000000000000000e+00 0.000000000000000000e+00 0.000000000000000000e+00 4.699999999993970619e+02 0.000000000000000000e+00 0.000000000000000000e+00 0.000000000000000000e+00 4.699999999993970619e+02 0.000000000000000000e+00 0.000000000000000000e+00 0.000000000000000000e+00 4.699999999995141025e+02 0.000000000000000000e+00 0.000000000000000000e+00 0.000000000000000000e+00
2.873203604355695006e+03 4.326793442837661132e+03 0.000000000000000000e+00 4.699999999995250164e+02 0.000000000000000000e+00 0.000000000000000000e+00 0.000000000000000000e+00 4.699999999994822701e+02 0.000000000000000000e+00 0.000000000000000000e+00 0.000000000000000000e+00 4.699999999994822701e+02 0.000000000000000000e+00 0.000000000000000000e+00 0.000000000000000000e+00 4.699999999995250164e+02 0.000000000000000000e+00 0.000000000000000000e+00 0.000000000000000000e+00
2.526794173320654863e+03 4.673204334828387800e+03 0.000000000000000000e+00 4.699999999997360192e+02 0.000000000000000000e+00 0.000000000000000000e+00 0.000000000000000000e+00 4.699999999994254836e+02 0.000000000000000000e+00 0.000000000000000000e+00 0.000000000000000000e+00 4.699999999994254836e+02 0.000000000000000000e+00 0.000000000000000000e+00 0.000000000000000000e+00 4.699999999997360192e+02 0.000000000000000000e+00 0.000000000000000000e+00 0.000000000000000000e+00
2.873204265199570273e+03 4.673204265193354331e+03 0.000000000000000000e+00 4.699999999997469331e+02 0.000000000000000000e+00 0.000000000000000000e+00 0.000000000000000000e+00 4.699999999995107487e+02 0.000000000000000000e+00 0.000000000000000000e+00 0.000000000000000000e+00 4.699999999995107487e+02 0.000000000000000000e+00 0.000000000000000000e+00 0.000000000000000000e+00 4.699999999997469331e+02 0.000000000000000000e+00 0.000000000000000000e+00 0.000000000000000000e+00
1.672999936770341719e+03 3.126589775260914848e+03 0.000000000000000000e+00 4.699999999986915213e+02 0.000000000000000000e+00 0.000000000000000000e+00 0.000000000000000000e+00 4.699999999986469561e+02 0.000000000000000000e+00 0.000000000000000000e+00 0.000000000000000000e+00 4.699999999986469561e+02 0.000000000000000000e+00 0.000000000000000000e+00 0.000000000000000000e+00 4.699999999986915213e+02 0.000000000000000000e+00 0.000000000000000000e+00 0.000000000000000000e+00
1.673093331970705549e+03 3.473093331974578177e+03 0.000000000000000000e+00 4.699999999987630872e+02 0.000000000000000000e+00 0.000000000000000000e+00 0.000000000000000000e+00 4.699999999986561079e+02 0.000000000000000000e+00 0.000000000000000000e+00 0.000000000000000000e+00 4.699999999986561079e+02 0.000000000000000000e+00 0.000000000000000000e+00 0.000000000000000000e+00 4.699999999987630872e+02 0.000000000000000000e+00 0.000000000000000000e+00 0.000000000000000000e+00
1.326566168285604590e+03 3.126566168291688882e+03 0.000000000000000000e+00 4.699999999986638386e+02 0.000000000000000000e+00 0.000000000000000000e+00 0.000000000000000000e+00 4.699999999984314059e+02 0.000000000000000000e+00 0.000000000000000000e+00 0.000000000000000000e+00 4.699999999984314059e+02 0.000000000000000000e+00 0.000000000000000000e+00 0.000000000000000000e+00 4.699999999986638386e+02 0.000000000000000000e+00 0.000000000000000000e+00 0.000000000000000000e+00
1.326703242372788736e+03 3.473113403892743918e+03 0.000000000000000000e+00 4.699999999987354613e+02 0.000000000000000000e+00 0.000000000000000000e+00 0.000000000000000000e+00 4.699999999984405576e+02 0.000000000000000000e+00 0.000000000000000000e+00 0.000000000000000000e+00 4.699999999984405576e+02 0.000000000000000000e+00 0.000000000000000000e+00 0.000000000000000000e+00 4.699999999987354613e+02 0.000000000000000000e+00 0.000000000000000000e+00 0.000000000000000000e+00
2.273188090197275869e+03 4.073188090196133544e+03 0.000000000000000000e+00 4.699999999991878781e+02 0.000000000000000000e+00 0.000000000000000000e+00 0.000000000000000000e+00 4.699999999990678248e+02 0.000000000000000000e+00 0.000000000000000000e+00 0.000000000000000000e+00 4.699999999990678248e+02 0.000000000000000000e+00 0.000000000000000000e+00 0.000000000000000000e+00 4.699999999991878781e+02 0.000000000000000000e+00 0.000000000000000000e+00 0.000000000000000000e+00
1.926776048449698465e+03 4.073186209964062982e+03 0.000000000000000000e+00 4.699999999991734398e+02 0.000000000000000000e+00 0.000000000000000000e+00 0.000000000000000000e+00 4.699999999989552748e+02 0.000000000000000000e+00 0.000000000000000000e+00 0.000000000000000000e+00 4.699999999989552748e+02 0.000000000000000000e+00 0.000000000000000000e+00 0.000000000000000000e+00 4.699999999991734398e+02 0.000000000000000000e+00 0.000000000000000000e+00 0.000000000000000000e+00
2.273169574279168955e+03 3.726759412765907200e+03 0.000000000000000000e+00 4.699999999990814672e+02 0.000000000000000000e+00 0.000000000000000000e+00 0.000000000000000000e+00 4.699999999990541255e+02 0.000000000000000000e+00 0.000000000000000000e+00 0.000000000000000000e+00 4.699999999990541255e+02 0.000000000000000000e+00 0.000000000000000000e+00 0.000000000000000000e+00 4.699999999990814672e+02 0.000000000000000000e+00 0.000000000000000000e+00 0.000000000000000000e+00
1.926737726927543918e+03 3.726737726929457949e+03 0.000000000000000000e+00 4.699999999990670858e+02 0.000000000000000000e+00 0.000000000000000000e+00 0.000000000000000000e+00 4.699999999989416892e+02 0.000000000000000000e+00 0.000000000000000000e+00 0.000000000000000000e+00 4.699999999989416892e+02 0.000000000000000000e+00 0.000000000000000000e+00 0.000000000000000000e+00 4.699999999990670858e+02 0.000000000000000000e+00 0.000000000000000000e+00 0.000000000000000000e+00
1.325707264043990108e+03 2.272117425562879362e+03 0.000000000000000000e+00 4.699999999986147259e+02 0.000000000000000000e+00 0.000000000000000000e+00 0.000000000000000000e+00 4.699999999983760972e+02 0.000000000000000000e+00 0.000000000000000000e+00 0.000000000000000000e+00 4.699999999983760972e+02 0.000000000000000000e+00 0.000000000000000000e+00 0.000000000000000000e+00 4.699999999986147259e+02 0.000000000000000000e+00 0.000000000000000000e+00 0.000000000000000000e+00
1.324743524025343959e+03 1.924743524029439868e+03 0.000000000000000000e+00 4.699999999986540047e+02 0.000000000000000000e+00 0.000000000000000000e+00 0.000000000000000000e+00 4.699999999983816679e+02 0.000000000000000000e+00 0.000000000000000000e+00 0.000000000000000000e+00 4.699999999983816679e+02 0.000000000000000000e+00 0.000000000000000000e+00 0.000000000000000000e+00 4.699999999986540047e+02 0.000000000000000000e+00 0.000000000000000000e+00 0.000000000000000000e+00
1.672231569128631691e+03 2.272231569132274672e+03 0.000000000000000000e+00 4.699999999986447961e+02 0.000000000000000000e+00 0.000000000000000000e+00 0.000000000000000000e+00 4.699999999986115427e+02 0.000000000000000000e+00 0.000000000000000000e+00 0.000000000000000000e+00 4.699999999986115427e+02 0.000000000000000000e+00 0.000000000000000000e+00 0.000000000000000000e+00 4.699999999986447961e+02 0.000000000000000000e+00 0.000000000000000000e+00 0.000000000000000000e+00
1.671837157539634063e+03 1.925426996029235170e+03 0.000000000000000000e+00 4.699999999986843022e+02 0.000000000000000000e+00 0.000000000000000000e+00 0.000000000000000000e+00 4.699999999986170565e+02 0.000000000000000000e+00 0.000000000000000000e+00 0.000000000000000000e+00 4.699999999986170565e+02 0.000000000000000000e+00 0.000000000000000000e+00 0.000000000000000000e+00 4.699999999986843022e+02 0.000000000000000000e+00 0.000000000000000000e+00 0.000000000000000000e+00
1.326420040724435239e+03 2.872830202244255361e+03 0.000000000000000000e+00 4.699999999986196713e+02 0.000000000000000000e+00 0.000000000000000000e+00 0.000000000000000000e+00 4.699999999983384100e+02 0.000000000000000000e+00 0.000000000000000000e+00 0.000000000000000000e+00 4.699999999983384100e+02 0.000000000000000000e+00 0.000000000000000000e+00 0.000000000000000000e+00 4.699999999986196713e+02 0.000000000000000000e+00 0.000000000000000000e+00 0.000000000000000000e+00
1.326042165872123860e+03 2.526042165877576281e+03 0.000000000000000000e+00 4.699999999986020498e+02 0.000000000000000000e+00 0.000000000000000000e+00 0.000000000000000000e+00 4.699999999983363068e+02 0.000000000000000000e+00 0.000000000000000000e+00 0.000000000000000000e+00 4.699999999983363068e+02 0.000000000000000000e+00 0.000000000000000000e+00 0.000000000000000000e+00 4.699999999986020498e+02 0.000000000000000000e+00 0.000000000000000000e+00 0.000000000000000000e+00
1.672840703959638859e+03 2.872840703963882788e+03 0.000000000000000000e+00 4.699999999986496277e+02 0.000000000000000000e+00 0.000000000000000000e+00 0.000000000000000000e+00 4.699999999985723775e+02 0.000000000000000000e+00 0.000000000000000000e+00 0.000000000000000000e+00 4.699999999985723775e+02 0.000000000000000000e+00 0.000000000000000000e+00 0.000000000000000000e+00 4.699999999986496277e+02 0.000000000000000000e+00 0.000000000000000000e+00 0.000000000000000000e+00
1.672614788048924311e+03 2.526204626539208220e+03 0.000000000000000000e+00 4.699999999986321200e+02 0.000000000000000000e+00 0.000000000000000000e+00 0.000000000000000000e+00 4.699999999985702743e+02 0.000000000000000000e+00 0.000000000000000000e+00 0.000000000000000000e+00 4.699999999985702743e+02 0.000000000000000000e+00 0.000000000000000000e+00 0.000000000000000000e+00 4.699999999986321200e+02 0.000000000000000000e+00 0.000000000000000000e+00 0.000000000000000000e+00
4.673205033365802592e+03 3.726794871847948343e+03 0.000000000000000000e+00 4.699999999990134825e+02 0.000000000000000000e+00 0.000000000000000000e+00 0.000000000000000000e+00 4.699999999988279455e+02 0.000000000000000000e+00 0.000000000000000000e+00 0.000000000000000000e+00 4.699999999988279455e+02 0.000000000000000000e+00 0.000000000000000000e+00 0.000000000000000000e+00 4.699999999990134825e+02 0.000000000000000000e+00 0.000000000000000000e+00 0.000000000000000000e+00
4.673205026743125018e+03 4.073205026739703953e+03 0.000000000000000000e+00 4.699999999991056256e+02 0.000000000000000000e+00 0.000000000000000000e+00 0.000000000000000000e+00 4.699999999988397690e+02 0.000000000000000000e+00 0.000000000000000000e+00 0.000000000000000000e+00 4.699999999988397121e+02 0.000000000000000000e+00 0.000000000000000000e+00 0.000000000000000000e+00 4.699999999991055688e+02 0.000000000000000000e+00 0.000000000000000000e+00 0.000000000000000000e+00
4.326794648281291302e+03 3.726794648278489149e+03 0.000000000000000000e+00 4.699999999990358219e+02 0.000000000000000000e+00 0.000000000000000000e+00 0.000000000000000000e+00 4.699999999990012611e+02 0.000000000000000000e+00 0.000000000000000000e+00 0.000000000000000000e+00 4.699999999990012611e+02 0.000000000000000000e+00 0.000000000000000000e+00 0.000000000000000000e+00 4.699999999990358219e+02 0.000000000000000000e+00 0.000000000000000000e+00 0.000000000000000000e+00
4.326794850013147880e+03 4.073205011523898520e+03 0.000000000000000000e+00 4.699999999991278514e+02 0.000000000000000000e+00 0.000000000000000000e+00 0.000000000000000000e+00 4.699999999990131414e+02 0.000000000000000000e+00 0.000000000000000000e+00 0.000000000000000000e+00 4.699999999990130846e+02 0.000000000000000000e+00 0.000000000000000000e+00 0.000000000000000000e+00 4.699999999991278514e+02 0.000000000000000000e+00 0.000000000000000000e+00 0.000000000000000000e+00
1.926264918909799007e+03 2.526264918912951543e+03 0.000000000000000000e+00 4.699999999989292405e+02 0.000000000000000000e+00 0.000000000000000000e+00 0.000000000000000000e+00 4.699999999987418278e+02 0.000000000000000000e+00 0.000000000000000000e+00 0.000000000000000000e+00 4.699999999987418278e+02 0.000000000000000000e+00 0.000000000000000000e+00 0.000000000000000000e+00 4.699999999989292405e+02 0.000000000000000000e+00 0.000000000000000000e+00 0.000000000000000000e+00
2.272852111124847397e+03 2.526441949613849829e+03 0.000000000000000000e+00 4.699999999989468620e+02 0.000000000000000000e+00 0.000000000000000000e+00 0.000000000000000000e+00 4.699999999988795594e+02 0.000000000000000000e+00 0.000000000000000000e+00 0.000000000000000000e+00 4.699999999988795594e+02 0.000000000000000000e+00 0.000000000000000000e+00 0.000000000000000000e+00 4.699999999989468620e+02 0.000000000000000000e+00 0.000000000000000000e+00 0.000000000000000000e+00
1.926510627234945332e+03 2.872920788752137923e+03 0.000000000000000000e+00 4.699999999989227035e+02 0.000000000000000000e+00 0.000000000000000000e+00 0.000000000000000000e+00 4.699999999987409183e+02 0.000000000000000000e+00 0.000000000000000000e+00 0.000000000000000000e+00 4.699999999987409183e+02 0.000000000000000000e+00 0.000000000000000000e+00 0.000000000000000000e+00 4.699999999989227035e+02 0.000000000000000000e+00 0.000000000000000000e+00 0.000000000000000000e+00
2.272954313206535062e+03 2.872954313208785607e+03 0.000000000000000000e+00 4.699999999989404387e+02 0.000000000000000000e+00 0.000000000000000000e+00 0.000000000000000000e+00 4.699999999988787067e+02 0.000000000000000000e+00 0.000000000000000000e+00 0.000000000000000000e+00 4.699999999988787067e+02 0.000000000000000000e+00 0.000000000000000000e+00 0.000000000000000000e+00 4.699999999989404387e+02 0.000000000000000000e+00 0.000000000000000000e+00 0.000000000000000000e+00
1.924783444454018536e+03 1.324783444457067162e+03 0.000000000000000000e+00 4.699999999992174935e+02 0.000000000000000000e+00 0.000000000000000000e+00 0.000000000000000000e+00 4.699999999989724415e+02 0.000000000000000000e+00 0.000000000000000000e+00 0.000000000000000000e+00 4.699999999989724415e+02 0.000000000000000000e+00 0.000000000000000000e+00 0.000000000000000000e+00 4.699999999992174935e+02 0.000000000000000000e+00 0.000000000000000000e+00 0.000000000000000000e+00
2.272140549972312328e+03 1.325730388462430938e+03 0.000000000000000000e+00 4.699999999992390940e+02 0.000000000000000000e+00 0.000000000000000000e+00 0.000000000000000000e+00 4.699999999991391064e+02 0.000000000000000000e+00 0.000000000000000000e+00 0.000000000000000000e+00 4.699999999991391064e+02 0.000000000000000000e+00 0.000000000000000000e+00 0.000000000000000000e+00 4.699999999992390940e+02 0.000000000000000000e+00 0.000000000000000000e+00 0.000000000000000000e+00
1.925433980483583355e+03 1.671844142000413513e+03 0.000000000000000000e+00 4.699999999991102300e+02 0.000000000000000000e+00 0.000000000000000000e+00 0.000000000000000000e+00 4.699999999989584580e+02 0.000000000000000000e+00 0.000000000000000000e+00 0.000000000000000000e+00 4.699999999989584580e+02 0.000000000000000000e+00 0.000000000000000000e+00 0.000000000000000000e+00 4.699999999991102300e+02 0.000000000000000000e+00 0.000000000000000000e+00 0.000000000000000000e+00
2.272230372160325260e+03 1.672230372163523725e+03 0.000000000000000000e+00 4.699999999991317168e+02 0.000000000000000000e+00 0.000000000000000000e+00 0.000000000000000000e+00 4.699999999991252366e+02 0.000000000000000000e+00 0.000000000000000000e+00 0.000000000000000000e+00 4.699999999991252366e+02 0.000000000000000000e+00 0.000000000000000000e+00 0.000000000000000000e+00 4.699999999991317168e+02 0.000000000000000000e+00 0.000000000000000000e+00 0.000000000000000000e+00
2.873205071233179297e+03 5.526794909708455634e+03 0.000000000000000000e+00 4.704141608908072385e+02 0.000000000000000000e+00 0.000000000000000000e+00 0.000000000000000000e+00 4.704141608908058743e+02 0.000000000000000000e+00 0.000000000000000000e+00 0.000000000000000000e+00 4.704141608908058174e+02 0.000000000000000000e+00 0.000000000000000000e+00 0.000000000000000000e+00 4.704141608908072385e+02 0.000000000000000000e+00 0.000000000000000000e+00 0.000000000000000000e+00
2.873205079642938472e+03 5.873205079630491127e+03 0.000000000000000000e+00 4.704141608908109902e+02 0.000000000000000000e+00 0.000000000000000000e+00 0.000000000000000000e+00 4.704141608908058743e+02 0.000000000000000000e+00 0.000000000000000000e+00 0.000000000000000000e+00 4.704141608908058743e+02 0.000000000000000000e+00 0.000000000000000000e+00 0.000000000000000000e+00 4.704141608908109902e+02 0.000000000000000000e+00 0.000000000000000000e+00 0.000000000000000000e+00
2.526794918128128302e+03 5.526794918117131601e+03 0.000000000000000000e+00 4.704141608908072385e+02 0.000000000000000000e+00 0.000000000000000000e+00 0.000000000000000000e+00 4.704141608908055900e+02 0.000000000000000000e+00 0.000000000000000000e+00 0.000000000000000000e+00 4.704141608908055900e+02 0.000000000000000000e+00 0.000000000000000000e+00 0.000000000000000000e+00 4.704141608908072385e+02 0.000000000000000000e+00 0.000000000000000000e+00 0.000000000000000000e+00
2.526794917525618985e+03 5.873205079026774911e+03 0.000000000000000000e+00 4.704141608908109902e+02 0.000000000000000000e+00 0.000000000000000000e+00 0.000000000000000000e+00 4.704141608908055900e+02 0.000000000000000000e+00 0.000000000000000000e+00 0.000000000000000000e+00 4.704141608908055900e+02 0.000000000000000000e+00 0.000000000000000000e+00 0.000000000000000000e+00 4.704141608908109902e+02 0.000000000000000000e+00 0.000000000000000000e+00 0.000000000000000000e+00
1.072464569648073848e+03 2.526054408141137174e+03 0.000000000000000000e+00 4.699999999981520205e+02 0.000000000000000000e+00 0.000000000000000000e+00 0.000000000000000000e+00 4.699999999980866505e+02 0.000000000000000000e+00 0.000000000000000000e+00 0.000000000000000000e+00 4.699999999980866505e+02 0.000000000000000000e+00 0.000000000000000000e+00 0.000000000000000000e+00 4.699999999981520205e+02 0.000000000000000000e+00 0.000000000000000000e+00 0.000000000000000000e+00
1.072834767264343554e+03 2.872834767271736382e+03 0.000000000000000000e+00 4.699999999981785095e+02 0.000000000000000000e+00 0.000000000000000000e+00 0.000000000000000000e+00 4.699999999980897769e+02 0.000000000000000000e+00 0.000000000000000000e+00 0.000000000000000000e+00 4.699999999980897769e+02 0.000000000000000000e+00 0.000000000000000000e+00 0.000000000000000000e+00 4.699999999981785095e+02 0.000000000000000000e+00 0.000000000000000000e+00 0.000000000000000000e+00
7.261825243101839078e+02 2.526182524319080130e+03 0.000000000000000000e+00 4.699999999981133669e+02 0.000000000000000000e+00 0.000000000000000000e+00 0.000000000000000000e+00 4.699999999977848120e+02 0.000000000000000000e+00 0.000000000000000000e+00 0.000000000000000000e+00 4.699999999977848120e+02 0.000000000000000000e+00 0.000000000000000000e+00 0.000000000000000000e+00 4.699999999981133669e+02 0.000000000000000000e+00 0.000000000000000000e+00 0.000000000000000000e+00
7.265153703247306112e+02 2.872925531848120045e+03 0.000000000000000000e+00 4.699999999981396286e+02 0.000000000000000000e+00 0.000000000000000000e+00 0.000000000000000000e+00 4.699999999977879384e+02 0.000000000000000000e+00 0.000000000000000000e+00 0.000000000000000000e+00 4.699999999977879384e+02 0.000000000000000000e+00 0.000000000000000000e+00 0.000000000000000000e+00 4.699999999981396286e+02 0.000000000000000000e+00 0.000000000000000000e+00 0.000000000000000000e+00
3.473132386514200334e+03 1.673132386517195073e+03 0.000000000000000000e+00 4.699999999993667643e+02 0.000000000000000000e+00 0.000000000000000000e+00 0.000000000000000000e+00 4.699999999992852509e+02 0.000000000000000000e+00 0.000000000000000000e+00 0.000000000000000000e+00 4.699999999992852509e+02 0.000000000000000000e+00 0.000000000000000000e+00 0.000000000000000000e+00 4.699999999993667643e+02 0.000000000000000000e+00 0.000000000000000000e+00 0.000000000000000000e+00
3.126644304625056520e+03 1.673054466142550837e+03 0.000000000000000000e+00 4.699999999993708002e+02 0.000000000000000000e+00 0.000000000000000000e+00 0.000000000000000000e+00 4.699999999993165147e+02 0.000000000000000000e+00 0.000000000000000000e+00 0.000000000000000000e+00 4.699999999993165147e+02 0.000000000000000000e+00 0.000000000000000000e+00 0.000000000000000000e+00 4.699999999993708002e+02 0.000000000000000000e+00 0.000000000000000000e+00 0.000000000000000000e+00
3.473152329523938533e+03 1.326742168014834533e+03 0.000000000000000000e+00 4.699999999995437747e+02 0.000000000000000000e+00 0.000000000000000000e+00 0.000000000000000000e+00 4.699999999993079314e+02 0.000000000000000000e+00 0.000000000000000000e+00 0.000000000000000000e+00 4.699999999993079314e+02 0.000000000000000000e+00 0.000000000000000000e+00 0.000000000000000000e+00 4.699999999995437747e+02 0.000000000000000000e+00 0.000000000000000000e+00 0.000000000000000000e+00
3.126644985920061117e+03 1.326644985924780258e+03 0.000000000000000000e+00 4.699999999995477538e+02 0.000000000000000000e+00 0.000000000000000000e+00 0.000000000000000000e+00 4.699999999993391953e+02 0.000000000000000000e+00 0.000000000000000000e+00 0.000000000000000000e+00 4.699999999993391953e+02 0.000000000000000000e+00 0.000000000000000000e+00 0.000000000000000000e+00 4.699999999995477538e+02 0.000000000000000000e+00 0.000000000000000000e+00 0.000000000000000000e+00
4.673205075869784196e+03 4.326794914352447449e+03 0.000000000000000000e+00 4.699999999992118092e+02 0.000000000000000000e+00 0.000000000000000000e+00 0.000000000000000000e+00 4.699999999990509423e+02 0.000000000000000000e+00 0.000000000000000000e+00 0.000000000000000000e+00 4.699999999990509423e+02 0.000000000000000000e+00 0.000000000000000000e+00 0.000000000000000000e+00 4.699999999992118092e+02 0.000000000000000000e+00 0.000000000000000000e+00 0.000000000000000000e+00
4.673205073901507603e+03 4.673205073897810507e+03 0.000000000000000000e+00 4.699999999993390247e+02 0.000000000000000000e+00 0.000000000000000000e+00 0.000000000000000000e+00 4.699999999990672563e+02 0.000000000000000000e+00 0.000000000000000000e+00 0.000000000000000000e+00 4.699999999990672563e+02 0.000000000000000000e+00 0.000000000000000000e+00 0.000000000000000000e+00 4.699999999993390247e+02 0.000000000000000000e+00 0.000000000000000000e+00 0.000000000000000000e+00
4.326794882967052217e+03 4.326794882963989949e+03 0.000000000000000000e+00 4.699999999992357971e+02 0.000000000000000000e+00 0.000000000000000000e+00 0.000000000000000000e+00 4.699999999992385256e+02 0.000000000000000000e+00 0.000000000000000000e+00 0.000000000000000000e+00 4.699999999992385256e+02 0.000000000000000000e+00 0.000000000000000000e+00 0.000000000000000000e+00 4.699999999992357971e+02 0.000000000000000000e+00 0.000000000000000000e+00 0.000000000000000000e+00
4.326794914074421285e+03 4.673205075584350197e+03 0.000000000000000000e+00 4.699999999993630695e+02 0.000000000000000000e+00 0.000000000000000000e+00 0.000000000000000000e+00 4.699999999992548396e+02 0.000000000000000000e+00 0.000000000000000000e+00 0.000000000000000000e+00 4.699999999992548396e+02 0.000000000000000000e+00 0.000000000000000000e+00 0.000000000000000000e+00 4.699999999993630695e+02 0.000000000000000000e+00 0.000000000000000000e+00 0.000000000000000000e+00
4.730655901849034990e+02 2.873065590195977165e+03 0.000000000000000000e+00 4.699999999975781293e+02 0.000000000000000000e+00 0.000000000000000000e+00 0.000000000000000000e+00 4.699999999974914431e+02 0.000000000000000000e+00 0.000000000000000000e+00 0.000000000000000000e+00 4.699999999974914431e+02 0.000000000000000000e+00 0.000000000000000000e+00 0.000000000000000000e+00 4.699999999975781293e+02 0.000000000000000000e+00 0.000000000000000000e+00 0.000000000000000000e+00
1.266961698956130249e+02 2.873106331421730374e+03 0.000000000000000000e+00 4.699999999975363494e+02 0.000000000000000000e+00 0.000000000000000000e+00 0.000000000000000000e+00 4.699999999971669240e+02 0.000000000000000000e+00 0.000000000000000000e+00 0.000000000000000000e+00 4.699999999971669240e+02 0.000000000000000000e+00 0.000000000000000000e+00 0.000000000000000000e+00 4.699999999975363494e+02 0.000000000000000000e+00 0.000000000000000000e+00 0.000000000000000000e+00
4.727043028218693053e+02 2.526294141318393486e+03 0.000000000000000000e+00 4.699999999975635774e+02 0.000000000000000000e+00 0.000000000000000000e+00 0.000000000000000000e+00 4.699999999974898515e+02 0.000000000000000000e+00 0.000000000000000000e+00 0.000000000000000000e+00 4.699999999974898515e+02 0.000000000000000000e+00 0.000000000000000000e+00 0.000000000000000000e+00 4.699999999975635774e+02 0.000000000000000000e+00 0.000000000000000000e+00 0.000000000000000000e+00
1.267221091612211694e+02 2.526722109173793797e+03 0.000000000000000000e+00 4.699999999975219112e+02 0.000000000000000000e+00 0.000000000000000000e+00 0.000000000000000000e+00 4.699999999971651050e+02 0.000000000000000000e+00 0.000000000000000000e+00 0.000000000000000000e+00 4.699999999971651050e+02 0.000000000000000000e+00 0.000000000000000000e+00 0.000000000000000000e+00 4.699999999975219112e+02 0.000000000000000000e+00 0.000000000000000000e+00 0.000000000000000000e+00
3.726794554560296092e+03 4.326794554556729054e+03 0.000000000000000000e+00 4.699999999995060875e+02 0.000000000000000000e+00 0.000000000000000000e+00 0.000000000000000000e+00 4.699999999994721520e+02 0.000000000000000000e+00 0.000000000000000000e+00 0.000000000000000000e+00 4.699999999994721520e+02 0.000000000000000000e+00 0.000000000000000000e+00 0.000000000000000000e+00 4.699999999995060875e+02 0.000000000000000000e+00 0.000000000000000000e+00 0.000000000000000000e+00
4.073204998801703368e+03 4.326794837284619462e+03 0.000000000000000000e+00 4.699999999994935251e+02 0.000000000000000000e+00 0.000000000000000000e+00 0.000000000000000000e+00 4.699999999993743245e+02 0.000000000000000000e+00 0.000000000000000000e+00 0.000000000000000000e+00 4.699999999993743245e+02 0.000000000000000000e+00 0.000000000000000000e+00 0.000000000000000000e+00 4.699999999994935251e+02 0.000000000000000000e+00 0.000000000000000000e+00 0.000000000000000000e+00
3.726794851214237951e+03 4.673205012722871288e+03 0.000000000000000000e+00 4.699999999996738325e+02 0.000000000000000000e+00 0.000000000000000000e+00 0.000000000000000000e+00 4.699999999994936957e+02 0.000000000000000000e+00 0.000000000000000000e+00 0.000000000000000000e+00 4.699999999994936388e+02 0.000000000000000000e+00 0.000000000000000000e+00 0.000000000000000000e+00 4.699999999996737756e+02 0.000000000000000000e+00 0.000000000000000000e+00 0.000000000000000000e+00
4.073205008468962205e+03 4.673205008464972707e+03 0.000000000000000000e+00 4.699999999996612701e+02 0.000000000000000000e+00 0.000000000000000000e+00 0.000000000000000000e+00 4.699999999993958681e+02 0.000000000000000000e+00 0.000000000000000000e+00 0.000000000000000000e+00 4.699999999993958681e+02 0.000000000000000000e+00 0.000000000000000000e+00 0.000000000000000000e+00 4.699999999996612701e+02 0.000000000000000000e+00 0.000000000000000000e+00 0.000000000000000000e+00
3.126785593185055404e+03 3.726785593183592482e+03 0.000000000000000000e+00 4.699999999993016218e+02 0.000000000000000000e+00 0.000000000000000000e+00 0.000000000000000000e+00 4.699999999992354560e+02 0.000000000000000000e+00 0.000000000000000000e+00 0.000000000000000000e+00 4.699999999992354560e+02 0.000000000000000000e+00 0.000000000000000000e+00 0.000000000000000000e+00 4.699999999993016218e+02 0.000000000000000000e+00 0.000000000000000000e+00 0.000000000000000000e+00
3.473200880280098772e+03 3.726790718764365920e+03 0.000000000000000000e+00 4.699999999993019628e+02 0.000000000000000000e+00 0.000000000000000000e+00 0.000000000000000000e+00 4.699999999992379003e+02 0.000000000000000000e+00 0.000000000000000000e+00 0.000000000000000000e+00 4.699999999992379003e+02 0.000000000000000000e+00 0.000000000000000000e+00 0.000000000000000000e+00 4.699999999993019628e+02 0.000000000000000000e+00 0.000000000000000000e+00 0.000000000000000000e+00
3.126792261632035661e+03 4.073202423142656698e+03 0.000000000000000000e+00 4.699999999994382165e+02 0.000000000000000000e+00 0.000000000000000000e+00 0.000000000000000000e+00 4.699999999992530206e+02 0.000000000000000000e+00 0.000000000000000000e+00 0.000000000000000000e+00 4.699999999992530206e+02 0.000000000000000000e+00 0.000000000000000000e+00 0.000000000000000000e+00 4.699999999994382165e+02 0.000000000000000000e+00 0.000000000000000000e+00 0.000000000000000000e+00
3.473202657821643243e+03 4.073202657818764237e+03 0.000000000000000000e+00 4.699999999994385576e+02 0.000000000000000000e+00 0.000000000000000000e+00 0.000000000000000000e+00 4.699999999992554081e+02 0.000000000000000000e+00 0.000000000000000000e+00 0.000000000000000000e+00 4.699999999992554081e+02 0.000000000000000000e+00 0.000000000000000000e+00 0.000000000000000000e+00 4.699999999994385576e+02 0.000000000000000000e+00 0.000000000000000000e+00 0.000000000000000000e+00
3.126707724614171184e+03 4.731178861360170913e+02 0.000000000000000000e+00 4.704141608908032026e+02 0.000000000000000000e+00 0.000000000000000000e+00 0.000000000000000000e+00 4.704141608908020658e+02 0.000000000000000000e+00 0.000000000000000000e+00 0.000000000000000000e+00 4.704141608908020658e+02 0.000000000000000000e+00 0.000000000000000000e+00 0.000000000000000000e+00 4.704141608908032026e+02 0.000000000000000000e+00 0.000000000000000000e+00 0.000000000000000000e+00
3.126783962032868658e+03 1.267839620421807467e+02 0.000000000000000000e+00 4.704141608908061016e+02 0.000000000000000000e+00 0.000000000000000000e+00 0.000000000000000000e+00 4.704141608908020658e+02 0.000000000000000000e+00 0.000000000000000000e+00 0.000000000000000000e+00 4.704141608908020658e+02 0.000000000000000000e+00 0.000000000000000000e+00 0.000000000000000000e+00 4.704141608908061016e+02 0.000000000000000000e+00 0.000000000000000000e+00 0.000000000000000000e+00
3.473190920269071739e+03 4.731909202773876473e+02 0.000000000000000000e+00 4.704141608908032026e+02 0.000000000000000000e+00 0.000000000000000000e+00 0.000000000000000000e+00 4.704141608908028047e+02 0.000000000000000000e+00 0.000000000000000000e+00 0.000000000000000000e+00 4.704141608908028047e+02 0.000000000000000000e+00 0.000000000000000000e+00 0.000000000000000000e+00 4.704141608908032026e+02 0.000000000000000000e+00 0.000000000000000000e+00 0.000000000000000000e+00
3.473188879930644362e+03 1.267787184267507712e+02 0.000000000000000000e+00 4.704141608908061016e+02 0.000000000000000000e+00 0.000000000000000000e+00 0.000000000000000000e+00 4.704141608908028047e+02 0.000000000000000000e+00 0.000000000000000000e+00 0.000000000000000000e+00 4.704141608908028047e+02 0.000000000000000000e+00 0.000000000000000000e+00 0.000000000000000000e+00 4.704141608908061016e+02 0.000000000000000000e+00 0.000000000000000000e+00 0.000000000000000000e+00
4.326792865792056546e+03 2.873203027302775354e+03 0.000000000000000000e+00 4.699999999989211688e+02 0.000000000000000000e+00 0.000000000000000000e+00 0.000000000000000000e+00 4.699999999988626200e+02 0.000000000000000000e+00 0.000000000000000000e+00 0.000000000000000000e+00 4.699999999988626200e+02 0.000000000000000000e+00 0.000000000000000000e+00 0.000000000000000000e+00 4.699999999989211688e+02 0.000000000000000000e+00 0.000000000000000000e+00 0.000000000000000000e+00
4.326788059145253101e+03 2.526788059142537350e+03 0.000000000000000000e+00 4.699999999989331627e+02 0.000000000000000000e+00 0.000000000000000000e+00 0.000000000000000000e+00 4.699999999988641548e+02 0.000000000000000000e+00 0.000000000000000000e+00 0.000000000000000000e+00 4.699999999988641548e+02 0.000000000000000000e+00 0.000000000000000000e+00 0.000000000000000000e+00 4.699999999989331627e+02 0.000000000000000000e+00 0.000000000000000000e+00 0.000000000000000000e+00
4.673203508397681617e+03 2.873203508393095035e+03 0.000000000000000000e+00 4.699999999989028652e+02 0.000000000000000000e+00 0.000000000000000000e+00 0.000000000000000000e+00 4.699999999987199999e+02 0.000000000000000000e+00 0.000000000000000000e+00 0.000000000000000000e+00 4.699999999987199999e+02 0.000000000000000000e+00 0.000000000000000000e+00 0.000000000000000000e+00 4.699999999989028652e+02 0.000000000000000000e+00 0.000000000000000000e+00 0.000000000000000000e+00
4.673203722156520598e+03 2.526793560638108374e+03 0.000000000000000000e+00 4.699999999989148591e+02 0.000000000000000000e+00 0.000000000000000000e+00 0.000000000000000000e+00 4.699999999987215347e+02 0.000000000000000000e+00 0.000000000000000000e+00 0.000000000000000000e+00 4.699999999987215347e+02 0.000000000000000000e+00 0.000000000000000000e+00 0.000000000000000000e+00 4.699999999989148591e+02 0.000000000000000000e+00 0.000000000000000000e+00 0.000000000000000000e+00
1.324227563475402121e+03 1.670637724993020129e+03 0.000000000000000000e+00 4.699999999987088586e+02 0.000000000000000000e+00 0.000000000000000000e+00 0.000000000000000000e+00 4.699999999985187742e+02 0.000000000000000000e+00 0.000000000000000000e+00 0.000000000000000000e+00 4.699999999985187742e+02 0.000000000000000000e+00 0.000000000000000000e+00 0.000000000000000000e+00 4.699999999987088586e+02 0.000000000000000000e+00 0.000000000000000000e+00 0.000000000000000000e+00
1.323151023397541849e+03 1.323151023400986560e+03 0.000000000000000000e+00 4.699999999987766728e+02 0.000000000000000000e+00 0.000000000000000000e+00 0.000000000000000000e+00 4.699999999985280965e+02 0.000000000000000000e+00 0.000000000000000000e+00 0.000000000000000000e+00 4.699999999985280965e+02 0.000000000000000000e+00 0.000000000000000000e+00 0.000000000000000000e+00 4.699999999987766728e+02 0.000000000000000000e+00 0.000000000000000000e+00 0.000000000000000000e+00
1.671249776764590933e+03 1.671249776767632284e+03 0.000000000000000000e+00 4.699999999987405204e+02 0.000000000000000000e+00 0.000000000000000000e+00 0.000000000000000000e+00 4.699999999987641104e+02 0.000000000000000000e+00 0.000000000000000000e+00 0.000000000000000000e+00 4.699999999987641104e+02 0.000000000000000000e+00 0.000000000000000000e+00 0.000000000000000000e+00 4.699999999987405204e+02 0.000000000000000000e+00 0.000000000000000000e+00 0.000000000000000000e+00
1.670670083892146749e+03 1.324259922381484785e+03 0.000000000000000000e+00 4.699999999988085051e+02 0.000000000000000000e+00 0.000000000000000000e+00 0.000000000000000000e+00 4.699999999987733190e+02 0.000000000000000000e+00 0.000000000000000000e+00 0.000000000000000000e+00 4.699999999987733190e+02 0.000000000000000000e+00 0.000000000000000000e+00 0.000000000000000000e+00 4.699999999988085051e+02 0.000000000000000000e+00 0.000000000000000000e+00 0.000000000000000000e+00
5.873205080148423804e+03 3.126794918625334503e+03 0.000000000000000000e+00 4.699999999980520329e+02 0.000000000000000000e+00 0.000000000000000000e+00 0.000000000000000000e+00 4.699999999976976142e+02 0.000000000000000000e+00 0.000000000000000000e+00 0.000000000000000000e+00 4.699999999976976142e+02 0.000000000000000000e+00 0.000000000000000000e+00 0.000000000000000000e+00 4.699999999980520329e+02 0.000000000000000000e+00 0.000000000000000000e+00 0.000000000000000000e+00
5.873205080018703484e+03 3.473205080008769073e+03 0.000000000000000000e+00 4.699999999980503276e+02 0.000000000000000000e+00 0.000000000000000000e+00 0.000000000000000000e+00 4.699999999976973868e+02 0.000000000000000000e+00 0.000000000000000000e+00 0.000000000000000000e+00 4.699999999976973868e+02 0.000000000000000000e+00 0.000000000000000000e+00 0.000000000000000000e+00 4.699999999980503276e+02 0.000000000000000000e+00 0.000000000000000000e+00 0.000000000000000000e+00
5.526794915826847500e+03 3.126794915818323261e+03 0.000000000000000000e+00 4.699999999980927328e+02 0.000000000000000000e+00 0.000000000000000000e+00 0.000000000000000000e+00 4.699999999980151415e+02 0.000000000000000000e+00 0.000000000000000000e+00 0.000000000000000000e+00 4.699999999980151415e+02 0.000000000000000000e+00 0.000000000000000000e+00 0.000000000000000000e+00 4.699999999980927328e+02 0.000000000000000000e+00 0.000000000000000000e+00 0.000000000000000000e+00
5.526794917633621480e+03 3.473205079139329882e+03 0.000000000000000000e+00 4.699999999980911412e+02 0.000000000000000000e+00 0.000000000000000000e+00 0.000000000000000000e+00 4.699999999980149710e+02 0.000000000000000000e+00 0.000000000000000000e+00 0.000000000000000000e+00 4.699999999980149141e+02 0.000000000000000000e+00 0.000000000000000000e+00 0.000000000000000000e+00 4.699999999980911412e+02 0.000000000000000000e+00 0.000000000000000000e+00 0.000000000000000000e+00
4.926794887047767588e+03 3.473205048556215388e+03 0.000000000000000000e+00 4.699999999986115995e+02 0.000000000000000000e+00 0.000000000000000000e+00 0.000000000000000000e+00 4.699999999985288923e+02 0.000000000000000000e+00 0.000000000000000000e+00 0.000000000000000000e+00 4.699999999985288923e+02 0.000000000000000000e+00 0.000000000000000000e+00 0.000000000000000000e+00 4.699999999986115427e+02 0.000000000000000000e+00 0.000000000000000000e+00 0.000000000000000000e+00
4.926794730984908711e+03 3.126794730979207998e+03 0.000000000000000000e+00 4.699999999985931822e+02 0.000000000000000000e+00 0.000000000000000000e+00 0.000000000000000000e+00 4.699999999985265617e+02 0.000000000000000000e+00 0.000000000000000000e+00 0.000000000000000000e+00 4.699999999985265049e+02 0.000000000000000000e+00 0.000000000000000000e+00 0.000000000000000000e+00 4.699999999985931822e+02 0.000000000000000000e+00 0.000000000000000000e+00 0.000000000000000000e+00
5.273205044185578117e+03 3.473205044178575463e+03 0.000000000000000000e+00 4.699999999985798240e+02 0.000000000000000000e+00 0.000000000000000000e+00 0.000000000000000000e+00 4.699999999982811687e+02 0.000000000000000000e+00 0.000000000000000000e+00 0.000000000000000000e+00 4.699999999982811687e+02 0.000000000000000000e+00 0.000000000000000000e+00 0.000000000000000000e+00 4.699999999985798240e+02 0.000000000000000000e+00 0.000000000000000000e+00 0.000000000000000000e+00
5.273205053592925651e+03 3.126794892071762661e+03 0.000000000000000000e+00 4.699999999985614636e+02 0.000000000000000000e+00 0.000000000000000000e+00 0.000000000000000000e+00 4.699999999982788381e+02 0.000000000000000000e+00 0.000000000000000000e+00 0.000000000000000000e+00 4.699999999982787813e+02 0.000000000000000000e+00 0.000000000000000000e+00 0.000000000000000000e+00 4.699999999985614636e+02 0.000000000000000000e+00 0.000000000000000000e+00 0.000000000000000000e+00
4.326787405354617476e+03 2.273197566866123452e+03 0.000000000000000000e+00 4.699999999989630624e+02 0.000000000000000000e+00 0.000000000000000000e+00 0.000000000000000000e+00 4.699999999989257731e+02 0.000000000000000000e+00 0.000000000000000000e+00 0.000000000000000000e+00 4.699999999989257731e+02 0.000000000000000000e+00 0.000000000000000000e+00 0.000000000000000000e+00 4.699999999989630624e+02 0.000000000000000000e+00 0.000000000000000000e+00 0.000000000000000000e+00
4.326787794451824993e+03 1.926787794450539195e+03 0.000000000000000000e+00 4.699999999990126298e+02 0.000000000000000000e+00 0.000000000000000000e+00 0.000000000000000000e+00 4.699999999989321395e+02 0.000000000000000000e+00 0.000000000000000000e+00 0.000000000000000000e+00 4.699999999989321395e+02 0.000000000000000000e+00 0.000000000000000000e+00 0.000000000000000000e+00 4.699999999990126298e+02 0.000000000000000000e+00 0.000000000000000000e+00 0.000000000000000000e+00
4.673202770367865924e+03 2.273202770363686795e+03 0.000000000000000000e+00 4.699999999989487378e+02 0.000000000000000000e+00 0.000000000000000000e+00 0.000000000000000000e+00 4.699999999988133936e+02 0.000000000000000000e+00 0.000000000000000000e+00 0.000000000000000000e+00 4.699999999988133936e+02 0.000000000000000000e+00 0.000000000000000000e+00 0.000000000000000000e+00 4.699999999989487378e+02 0.000000000000000000e+00 0.000000000000000000e+00 0.000000000000000000e+00
4.673202587634427800e+03 1.926792426117668811e+03 0.000000000000000000e+00 4.699999999989982484e+02 0.000000000000000000e+00 0.000000000000000000e+00 0.000000000000000000e+00 4.699999999988197601e+02 0.000000000000000000e+00 0.000000000000000000e+00 0.000000000000000000e+00 4.699999999988197601e+02 0.000000000000000000e+00 0.000000000000000000e+00 0.000000000000000000e+00 4.699999999989983053e+02 0.000000000000000000e+00 0.000000000000000000e+00 0.000000000000000000e+00
4.926794691177692584e+03 2.873204852685716560e+03 0.000000000000000000e+00 4.699999999986048351e+02 0.000000000000000000e+00 0.000000000000000000e+00 0.000000000000000000e+00 4.699999999985412842e+02 0.000000000000000000e+00 0.000000000000000000e+00 0.000000000000000000e+00 4.699999999985412273e+02 0.000000000000000000e+00 0.000000000000000000e+00 0.000000000000000000e+00 4.699999999986048351e+02 0.000000000000000000e+00 0.000000000000000000e+00 0.000000000000000000e+00
4.926794559441009369e+03 2.526794559435199517e+03 0.000000000000000000e+00 4.699999999986504235e+02 0.000000000000000000e+00 0.000000000000000000e+00 0.000000000000000000e+00 4.699999999985470822e+02 0.000000000000000000e+00 0.000000000000000000e+00 0.000000000000000000e+00 4.699999999985470822e+02 0.000000000000000000e+00 0.000000000000000000e+00 0.000000000000000000e+00 4.699999999986504235e+02 0.000000000000000000e+00 0.000000000000000000e+00 0.000000000000000000e+00
5.273204993509194537e+03 2.873204993501723038e+03 0.000000000000000000e+00 4.699999999985731165e+02 0.000000000000000000e+00 0.000000000000000000e+00 0.000000000000000000e+00 4.699999999982936174e+02 0.000000000000000000e+00 0.000000000000000000e+00 0.000000000000000000e+00 4.699999999982935606e+02 0.000000000000000000e+00 0.000000000000000000e+00 0.000000000000000000e+00 4.699999999985731165e+02 0.000000000000000000e+00 0.000000000000000000e+00 0.000000000000000000e+00
5.273204998994247035e+03 2.526794837473445568e+03 0.000000000000000000e+00 4.699999999986187049e+02 0.000000000000000000e+00 0.000000000000000000e+00 0.000000000000000000e+00 4.699999999982994723e+02 0.000000000000000000e+00 0.000000000000000000e+00 0.000000000000000000e+00 4.699999999982994723e+02 0.000000000000000000e+00 0.000000000000000000e+00 0.000000000000000000e+00 4.699999999986187049e+02 0.000000000000000000e+00 0.000000000000000000e+00 0.000000000000000000e+00
2.526075974676012720e+03 1.326075974680183208e+03 0.000000000000000000e+00 4.699999999994862492e+02 0.000000000000000000e+00 0.000000000000000000e+00 0.000000000000000000e+00 4.699999999992543280e+02 0.000000000000000000e+00 0.000000000000000000e+00 0.000000000000000000e+00 4.699999999992543280e+02 0.000000000000000000e+00 0.000000000000000000e+00 0.000000000000000000e+00 4.699999999994862492e+02 0.000000000000000000e+00 0.000000000000000000e+00 0.000000000000000000e+00
2.872903367840015562e+03 1.326493206331004785e+03 0.000000000000000000e+00 4.699999999994946620e+02 0.000000000000000000e+00 0.000000000000000000e+00 0.000000000000000000e+00 4.699999999993199822e+02 0.000000000000000000e+00 0.000000000000000000e+00 0.000000000000000000e+00 4.699999999993199822e+02 0.000000000000000000e+00 0.000000000000000000e+00 0.000000000000000000e+00 4.699999999994946620e+02 0.000000000000000000e+00 0.000000000000000000e+00 0.000000000000000000e+00
2.526213363173015750e+03 1.672623524690343856e+03 0.000000000000000000e+00 4.699999999993345341e+02 0.000000000000000000e+00 0.000000000000000000e+00 0.000000000000000000e+00 4.699999999992347739e+02 0.000000000000000000e+00 0.000000000000000000e+00 0.000000000000000000e+00 4.699999999992347739e+02 0.000000000000000000e+00 0.000000000000000000e+00 0.000000000000000000e+00 4.699999999993345341e+02 0.000000000000000000e+00 0.000000000000000000e+00 0.000000000000000000e+00
2.872891390651050642e+03 1.672891390654739553e+03 0.000000000000000000e+00 4.699999999993429469e+02 0.000000000000000000e+00 0.000000000000000000e+00 0.000000000000000000e+00 4.699999999993004849e+02 0.000000000000000000e+00 0.000000000000000000e+00 0.000000000000000000e+00 4.699999999993004849e+02 0.000000000000000000e+00 0.000000000000000000e+00 0.000000000000000000e+00 4.699999999993429469e+02 0.000000000000000000e+00 0.000000000000000000e+00 0.000000000000000000e+00
4.926794520177564664e+03 2.273204681686009280e+03 0.000000000000000000e+00 4.699999999987118713e+02 0.000000000000000000e+00 0.000000000000000000e+00 0.000000000000000000e+00 4.699999999986661692e+02 0.000000000000000000e+00 0.000000000000000000e+00 0.000000000000000000e+00 4.699999999986661692e+02 0.000000000000000000e+00 0.000000000000000000e+00 0.000000000000000000e+00 4.699999999987118713e+02 0.000000000000000000e+00 0.000000000000000000e+00 0.000000000000000000e+00
4.926794364545678036e+03 1.926794364541542791e+03 0.000000000000000000e+00 4.699999999987945216e+02 0.000000000000000000e+00 0.000000000000000000e+00 0.000000000000000000e+00 4.699999999986767421e+02 0.000000000000000000e+00 0.000000000000000000e+00 0.000000000000000000e+00 4.699999999986767421e+02 0.000000000000000000e+00 0.000000000000000000e+00 0.000000000000000000e+00 4.699999999987945216e+02 0.000000000000000000e+00 0.000000000000000000e+00 0.000000000000000000e+00
5.273204939334851588e+03 2.273204939328284581e+03 0.000000000000000000e+00 4.699999999986845864e+02 0.000000000000000000e+00 0.000000000000000000e+00 0.000000000000000000e+00 4.699999999984540295e+02 0.000000000000000000e+00 0.000000000000000000e+00 0.000000000000000000e+00 4.699999999984540295e+02 0.000000000000000000e+00 0.000000000000000000e+00 0.000000000000000000e+00 4.699999999986845864e+02 0.000000000000000000e+00 0.000000000000000000e+00 0.000000000000000000e+00
5.273204950956142056e+03 1.926794789436779865e+03 0.000000000000000000e+00 4.699999999987672936e+02 0.000000000000000000e+00 0.000000000000000000e+00 0.000000000000000000e+00 4.699999999984646593e+02 0.000000000000000000e+00 0.000000000000000000e+00 0.000000000000000000e+00 4.699999999984646593e+02 0.000000000000000000e+00 0.000000000000000000e+00 0.000000000000000000e+00 4.699999999987672936e+02 0.000000000000000000e+00 0.000000000000000000e+00 0.000000000000000000e+00
5.873205078480017619e+03 1.926794916959272996e+03 0.000000000000000000e+00 4.699999999983679118e+02 0.000000000000000000e+00 0.000000000000000000e+00 0.000000000000000000e+00 4.699999999978593905e+02 0.000000000000000000e+00 0.000000000000000000e+00 0.000000000000000000e+00 4.699999999978593905e+02 0.000000000000000000e+00 0.000000000000000000e+00 0.000000000000000000e+00 4.699999999983679118e+02 0.000000000000000000e+00 0.000000000000000000e+00 0.000000000000000000e+00
5.873205078512307409e+03 2.273205078504261564e+03 0.000000000000000000e+00 4.699999999982165377e+02 0.000000000000000000e+00 0.000000000000000000e+00 0.000000000000000000e+00 4.699999999978399501e+02 0.000000000000000000e+00 0.000000000000000000e+00 0.000000000000000000e+00 4.699999999978399501e+02 0.000000000000000000e+00 0.000000000000000000e+00 0.000000000000000000e+00 4.699999999982165377e+02 0.000000000000000000e+00 0.000000000000000000e+00 0.000000000000000000e+00
5.526794911030842741e+03 1.926794911024517205e+03 0.000000000000000000e+00 4.699999999984135570e+02 0.000000000000000000e+00 0.000000000000000000e+00 0.000000000000000000e+00 4.699999999982148893e+02 0.000000000000000000e+00 0.000000000000000000e+00 0.000000000000000000e+00 4.699999999982148893e+02 0.000000000000000000e+00 0.000000000000000000e+00 0.000000000000000000e+00 4.699999999984135570e+02 0.000000000000000000e+00 0.000000000000000000e+00 0.000000000000000000e+00
5.526794910581100339e+03 2.273205072087561803e+03 0.000000000000000000e+00 4.699999999982621830e+02 0.000000000000000000e+00 0.000000000000000000e+00 0.000000000000000000e+00 4.699999999981954488e+02 0.000000000000000000e+00 0.000000000000000000e+00 0.000000000000000000e+00 4.699999999981954488e+02 0.000000000000000000e+00 0.000000000000000000e+00 0.000000000000000000e+00 4.699999999982621830e+02 0.000000000000000000e+00 0.000000000000000000e+00 0.000000000000000000e+00
1.072992969898062256e+03 3.126582808391862727e+03 0.000000000000000000e+00 4.699999999982399572e+02 0.000000000000000000e+00 0.000000000000000000e+00 0.000000000000000000e+00 4.699999999981807264e+02 0.000000000000000000e+00 0.000000000000000000e+00 0.000000000000000000e+00 4.699999999981807264e+02 0.000000000000000000e+00 0.000000000000000000e+00 0.000000000000000000e+00 4.699999999982399572e+02 0.000000000000000000e+00 0.000000000000000000e+00 0.000000000000000000e+00
1.073133508044205428e+03 3.473133508051865192e+03 0.000000000000000000e+00 4.699999999983527914e+02 0.000000000000000000e+00 0.000000000000000000e+00 0.000000000000000000e+00 4.699999999981951646e+02 0.000000000000000000e+00 0.000000000000000000e+00 0.000000000000000000e+00 4.699999999981951646e+02 0.000000000000000000e+00 0.000000000000000000e+00 0.000000000000000000e+00 4.699999999983527914e+02 0.000000000000000000e+00 0.000000000000000000e+00 0.000000000000000000e+00
7.266824650309000617e+02 3.126682465040712486e+03 0.000000000000000000e+00 4.699999999981976089e+02 0.000000000000000000e+00 0.000000000000000000e+00 0.000000000000000000e+00 4.699999999978502956e+02 0.000000000000000000e+00 0.000000000000000000e+00 0.000000000000000000e+00 4.699999999978502956e+02 0.000000000000000000e+00 0.000000000000000000e+00 0.000000000000000000e+00 4.699999999981976089e+02 0.000000000000000000e+00 0.000000000000000000e+00 0.000000000000000000e+00
7.267276121140814666e+02 3.473137773637357895e+03 0.000000000000000000e+00 4.699999999983103294e+02 0.000000000000000000e+00 0.000000000000000000e+00 0.000000000000000000e+00 4.699999999978647338e+02 0.000000000000000000e+00 0.000000000000000000e+00 0.000000000000000000e+00 4.699999999978647338e+02 0.000000000000000000e+00 0.000000000000000000e+00 0.000000000000000000e+00 4.699999999983103294e+02 0.000000000000000000e+00 0.000000000000000000e+00 0.000000000000000000e+00
1.673146723971916117e+03 3.726736562461457197e+03 0.000000000000000000e+00 4.699999999988456238e+02 0.000000000000000000e+00 0.000000000000000000e+00 0.000000000000000000e+00 4.699999999988094714e+02 0.000000000000000000e+00 0.000000000000000000e+00 0.000000000000000000e+00 4.699999999988094714e+02 0.000000000000000000e+00 0.000000000000000000e+00 0.000000000000000000e+00 4.699999999988456238e+02 0.000000000000000000e+00 0.000000000000000000e+00 0.000000000000000000e+00
1.673185041440608074e+03 4.073185041442581223e+03 0.000000000000000000e+00 4.699999999989482262e+02 0.000000000000000000e+00 0.000000000000000000e+00 0.000000000000000000e+00 4.699999999988226023e+02 0.000000000000000000e+00 0.000000000000000000e+00 0.000000000000000000e+00 4.699999999988226023e+02 0.000000000000000000e+00 0.000000000000000000e+00 0.000000000000000000e+00 4.699999999989482262e+02 0.000000000000000000e+00 0.000000000000000000e+00 0.000000000000000000e+00
1.326755031113826590e+03 3.726755031119415889e+03 0.000000000000000000e+00 4.699999999988230002e+02 0.000000000000000000e+00 0.000000000000000000e+00 0.000000000000000000e+00 4.699999999986334842e+02 0.000000000000000000e+00 0.000000000000000000e+00 0.000000000000000000e+00 4.699999999986334842e+02 0.000000000000000000e+00 0.000000000000000000e+00 0.000000000000000000e+00 4.699999999988230002e+02 0.000000000000000000e+00 0.000000000000000000e+00 0.000000000000000000e+00
1.326773603489386687e+03 4.073183765007345755e+03 0.000000000000000000e+00 4.699999999989256025e+02 0.000000000000000000e+00 0.000000000000000000e+00 0.000000000000000000e+00 4.699999999986466719e+02 0.000000000000000000e+00 0.000000000000000000e+00 0.000000000000000000e+00 4.699999999986466719e+02 0.000000000000000000e+00 0.000000000000000000e+00 0.000000000000000000e+00 4.699999999989256025e+02 0.000000000000000000e+00 0.000000000000000000e+00 0.000000000000000000e+00
2.271973737616914605e+03 1.071973737621246300e+03 0.000000000000000000e+00 4.699999999993538040e+02 0.000000000000000000e+00 0.000000000000000000e+00 0.000000000000000000e+00 4.699999999994018367e+02 0.000000000000000000e+00 0.000000000000000000e+00 0.000000000000000000e+00 4.699999999994018367e+02 0.000000000000000000e+00 0.000000000000000000e+00 0.000000000000000000e+00 4.699999999993538040e+02 0.000000000000000000e+00 0.000000000000000000e+00 0.000000000000000000e+00
1.924681185878440374e+03 1.071091347395770526e+03 0.000000000000000000e+00 4.699999999993294750e+02 0.000000000000000000e+00 0.000000000000000000e+00 0.000000000000000000e+00 4.699999999992145945e+02 0.000000000000000000e+00 0.000000000000000000e+00 0.000000000000000000e+00 4.699999999992145945e+02 0.000000000000000000e+00 0.000000000000000000e+00 0.000000000000000000e+00 4.699999999993294750e+02 0.000000000000000000e+00 0.000000000000000000e+00 0.000000000000000000e+00
2.272177838050005903e+03 7.257676765416705393e+02 0.000000000000000000e+00 4.699999999994763016e+02 0.000000000000000000e+00 0.000000000000000000e+00 0.000000000000000000e+00 4.699999999994175255e+02 0.000000000000000000e+00 0.000000000000000000e+00 0.000000000000000000e+00 4.699999999994175255e+02 0.000000000000000000e+00 0.000000000000000000e+00 0.000000000000000000e+00 4.699999999994763016e+02 0.000000000000000000e+00 0.000000000000000000e+00 0.000000000000000000e+00
1.924482328208661102e+03 7.244823282129964355e+02 0.000000000000000000e+00 4.699999999994520863e+02 0.000000000000000000e+00 0.000000000000000000e+00 0.000000000000000000e+00 4.699999999992303401e+02 0.000000000000000000e+00 0.000000000000000000e+00 0.000000000000000000e+00 4.699999999992303401e+02 0.000000000000000000e+00 0.000000000000000000e+00 0.000000000000000000e+00 4.699999999994520863e+02 0.000000000000000000e+00 0.000000000000000000e+00 0.000000000000000000e+00
3.726794900064993726e+03 4.926794900058866915e+03 0.000000000000000000e+00 4.699999999998528892e+02 0.000000000000000000e+00 0.000000000000000000e+00 0.000000000000000000e+00 4.699999999998491376e+02 0.000000000000000000e+00 0.000000000000000000e+00 0.000000000000000000e+00 4.699999999998491376e+02 0.000000000000000000e+00 0.000000000000000000e+00 0.000000000000000000e+00 4.699999999998528892e+02 0.000000000000000000e+00 0.000000000000000000e+00 0.000000000000000000e+00
4.073205077701877599e+03 4.926794916183040186e+03 0.000000000000000000e+00 4.699999999998387921e+02 0.000000000000000000e+00 0.000000000000000000e+00 0.000000000000000000e+00 4.699999999997394298e+02 0.000000000000000000e+00 0.000000000000000000e+00 0.000000000000000000e+00 4.699999999997394298e+02 0.000000000000000000e+00 0.000000000000000000e+00 0.000000000000000000e+00 4.699999999998387921e+02 0.000000000000000000e+00 0.000000000000000000e+00 0.000000000000000000e+00
3.726794916850860773e+03 5.273205078356612830e+03 0.000000000000000000e+00 4.704141608908015542e+02 0.000000000000000000e+00 0.000000000000000000e+00 0.000000000000000000e+00 4.699999999998752287e+02 0.000000000000000000e+00 0.000000000000000000e+00 0.000000000000000000e+00 4.699999999998752287e+02 0.000000000000000000e+00 0.000000000000000000e+00 0.000000000000000000e+00 4.704141608908015542e+02 0.000000000000000000e+00 0.000000000000000000e+00 0.000000000000000000e+00
4.073205077205398084e+03 5.273205077198867912e+03 0.000000000000000000e+00 4.704141608908015542e+02 0.000000000000000000e+00 0.000000000000000000e+00 0.000000000000000000e+00 4.699999999997654641e+02 0.000000000000000000e+00 0.000000000000000000e+00 0.000000000000000000e+00 4.699999999997654641e+02 0.000000000000000000e+00 0.000000000000000000e+00 0.000000000000000000e+00 4.704141608908015542e+02 0.000000000000000000e+00 0.000000000000000000e+00 0.000000000000000000e+00
1.073170363219576302e+03 3.726760201712954768e+03 0.000000000000000000e+00 4.699999999984761416e+02 0.000000000000000000e+00 0.000000000000000000e+00 0.000000000000000000e+00 4.699999999984198666e+02 0.000000000000000000e+00 0.000000000000000000e+00 0.000000000000000000e+00 4.699999999984198666e+02 0.000000000000000000e+00 0.000000000000000000e+00 0.000000000000000000e+00 4.699999999984761416e+02 0.000000000000000000e+00 0.000000000000000000e+00 0.000000000000000000e+00
1.073190682085130447e+03 4.073190682090861173e+03 0.000000000000000000e+00 4.699999999986259240e+02 0.000000000000000000e+00 0.000000000000000000e+00 0.000000000000000000e+00 4.699999999984390797e+02 0.000000000000000000e+00 0.000000000000000000e+00 0.000000000000000000e+00 4.699999999984390797e+02 0.000000000000000000e+00 0.000000000000000000e+00 0.000000000000000000e+00 4.699999999986259240e+02 0.000000000000000000e+00 0.000000000000000000e+00 0.000000000000000000e+00
7.267712810985781289e+02 3.726771281107578034e+03 0.000000000000000000e+00 4.699999999984384544e+02 0.000000000000000000e+00 0.000000000000000000e+00 0.000000000000000000e+00 4.699999999981260999e+02 0.000000000000000000e+00 0.000000000000000000e+00 0.000000000000000000e+00 4.699999999981260999e+02 0.000000000000000000e+00 0.000000000000000000e+00 0.000000000000000000e+00 4.699999999984384544e+02 0.000000000000000000e+00 0.000000000000000000e+00 0.000000000000000000e+00
7.267852730996941091e+02 4.073195434621366985e+03 0.000000000000000000e+00 4.699999999985881800e+02 0.000000000000000000e+00 0.000000000000000000e+00 0.000000000000000000e+00 4.699999999981453129e+02 0.000000000000000000e+00 0.000000000000000000e+00 0.000000000000000000e+00 4.699999999981453129e+02 0.000000000000000000e+00 0.000000000000000000e+00 0.000000000000000000e+00 4.699999999985881800e+02 0.000000000000000000e+00 0.000000000000000000e+00 0.000000000000000000e+00
4.926794390871654286e+03 1.673204552382351039e+03 0.000000000000000000e+00 4.699999999988745571e+02 0.000000000000000000e+00 0.000000000000000000e+00 0.000000000000000000e+00 4.699999999988325499e+02 0.000000000000000000e+00 0.000000000000000000e+00 0.000000000000000000e+00 4.699999999988325499e+02 0.000000000000000000e+00 0.000000000000000000e+00 0.000000000000000000e+00 4.699999999988745571e+02 0.000000000000000000e+00 0.000000000000000000e+00 0.000000000000000000e+00
4.926794736726090377e+03 1.326794736724867562e+03 0.000000000000000000e+00 4.699999999989584012e+02 0.000000000000000000e+00 0.000000000000000000e+00 0.000000000000000000e+00 4.699999999988433501e+02 0.000000000000000000e+00 0.000000000000000000e+00 0.000000000000000000e+00 4.699999999988433501e+02 0.000000000000000000e+00 0.000000000000000000e+00 0.000000000000000000e+00 4.699999999989584012e+02 0.000000000000000000e+00 0.000000000000000000e+00 0.000000000000000000e+00
5.273204990679279945e+03 1.673204990674769078e+03 0.000000000000000000e+00 4.699999999988557988e+02 0.000000000000000000e+00 0.000000000000000000e+00 0.000000000000000000e+00 4.699999999986861781e+02 0.000000000000000000e+00 0.000000000000000000e+00 0.000000000000000000e+00 4.699999999986861781e+02 0.000000000000000000e+00 0.000000000000000000e+00 0.000000000000000000e+00 4.699999999988557988e+02 0.000000000000000000e+00 0.000000000000000000e+00 0.000000000000000000e+00
5.273204969284974140e+03 1.326794807768483224e+03 0.000000000000000000e+00 4.699999999989395860e+02 0.000000000000000000e+00 0.000000000000000000e+00 0.000000000000000000e+00 4.699999999986969215e+02 0.000000000000000000e+00 0.000000000000000000e+00 0.000000000000000000e+00 4.699999999986969215e+02 0.000000000000000000e+00 0.000000000000000000e+00 0.000000000000000000e+00 4.699999999989395860e+02 0.000000000000000000e+00 0.000000000000000000e+00 0.000000000000000000e+00
5.526794911553944075e+03 1.673205073062446672e+03 0.000000000000000000e+00 4.699999999985583372e+02 0.000000000000000000e+00 0.000000000000000000e+00 0.000000000000000000e+00 4.699999999984942178e+02 0.000000000000000000e+00 0.000000000000000000e+00 0.000000000000000000e+00 4.699999999984942178e+02 0.000000000000000000e+00 0.000000000000000000e+00 0.000000000000000000e+00 4.699999999985583372e+02 0.000000000000000000e+00 0.000000000000000000e+00 0.000000000000000000e+00
5.526794915008676981e+03 1.326794915005199982e+03 0.000000000000000000e+00 4.699999999987089723e+02 0.000000000000000000e+00 0.000000000000000000e+00 0.000000000000000000e+00 4.699999999985136014e+02 0.000000000000000000e+00 0.000000000000000000e+00 0.000000000000000000e+00 4.699999999985136014e+02 0.000000000000000000e+00 0.000000000000000000e+00 0.000000000000000000e+00 4.699999999987089723e+02 0.000000000000000000e+00 0.000000000000000000e+00 0.000000000000000000e+00
5.873205079283447049e+03 1.673205079277520554e+03 0.000000000000000000e+00 4.699999999985222416e+02 0.000000000000000000e+00 0.000000000000000000e+00 0.000000000000000000e+00 4.699999999982135819e+02 0.000000000000000000e+00 0.000000000000000000e+00 0.000000000000000000e+00 4.699999999982135819e+02 0.000000000000000000e+00 0.000000000000000000e+00 0.000000000000000000e+00 4.699999999985222416e+02 0.000000000000000000e+00 0.000000000000000000e+00 0.000000000000000000e+00
5.873205079035408744e+03 1.326794917517572458e+03 0.000000000000000000e+00 4.699999999986729335e+02 0.000000000000000000e+00 0.000000000000000000e+00 0.000000000000000000e+00 4.699999999982329086e+02 0.000000000000000000e+00 0.000000000000000000e+00 0.000000000000000000e+00 4.699999999982329086e+02 0.000000000000000000e+00 0.000000000000000000e+00 0.000000000000000000e+00 4.699999999986729335e+02 0.000000000000000000e+00 0.000000000000000000e+00 0.000000000000000000e+00
1.267914571121517895e+02 4.073201618636433977e+03 0.000000000000000000e+00 4.699999999980489633e+02 0.000000000000000000e+00 0.000000000000000000e+00 0.000000000000000000e+00 4.699999999973404101e+02 0.000000000000000000e+00 0.000000000000000000e+00 0.000000000000000000e+00 4.699999999973404101e+02 0.000000000000000000e+00 0.000000000000000000e+00 0.000000000000000000e+00 4.699999999980489633e+02 0.000000000000000000e+00 0.000000000000000000e+00 0.000000000000000000e+00
1.267925721797612368e+02 3.726792572191484396e+03 0.000000000000000000e+00 4.699999999978022629e+02 0.000000000000000000e+00 0.000000000000000000e+00 0.000000000000000000e+00 4.699999999973087483e+02 0.000000000000000000e+00 0.000000000000000000e+00 0.000000000000000000e+00 4.699999999973087483e+02 0.000000000000000000e+00 0.000000000000000000e+00 0.000000000000000000e+00 4.699999999978022629e+02 0.000000000000000000e+00 0.000000000000000000e+00 0.000000000000000000e+00
4.732020060968666257e+02 4.073202006106008866e+03 0.000000000000000000e+00 4.699999999981090468e+02 0.000000000000000000e+00 0.000000000000000000e+00 0.000000000000000000e+00 4.699999999978092546e+02 0.000000000000000000e+00 0.000000000000000000e+00 0.000000000000000000e+00 4.699999999978092546e+02 0.000000000000000000e+00 0.000000000000000000e+00 0.000000000000000000e+00 4.699999999981090468e+02 0.000000000000000000e+00 0.000000000000000000e+00 0.000000000000000000e+00
4.731864752085869554e+02 3.726776313705071061e+03 0.000000000000000000e+00 4.699999999978624601e+02 0.000000000000000000e+00 0.000000000000000000e+00 0.000000000000000000e+00 4.699999999977775929e+02 0.000000000000000000e+00 0.000000000000000000e+00 0.000000000000000000e+00 4.699999999977775929e+02 0.000000000000000000e+00 0.000000000000000000e+00 0.000000000000000000e+00 4.699999999978624601e+02 0.000000000000000000e+00 0.000000000000000000e+00 0.000000000000000000e+00
1.073197713253906841e+03 4.326787551744575467e+03 0.000000000000000000e+00 4.699999999987626893e+02 0.000000000000000000e+00 0.000000000000000000e+00 0.000000000000000000e+00 4.699999999986981720e+02 0.000000000000000000e+00 0.000000000000000000e+00 0.000000000000000000e+00 4.699999999986981720e+02 0.000000000000000000e+00 0.000000000000000000e+00 0.000000000000000000e+00 4.699999999987626893e+02 0.000000000000000000e+00 0.000000000000000000e+00 0.000000000000000000e+00
1.073203756132059198e+03 4.673203756134185824e+03 0.000000000000000000e+00 4.699999999989005346e+02 0.000000000000000000e+00 0.000000000000000000e+00 0.000000000000000000e+00 4.699999999987159072e+02 0.000000000000000000e+00 0.000000000000000000e+00 0.000000000000000000e+00 4.699999999987159072e+02 0.000000000000000000e+00 0.000000000000000000e+00 0.000000000000000000e+00 4.699999999989005346e+02 0.000000000000000000e+00 0.000000000000000000e+00 0.000000000000000000e+00
7.267931142492734580e+02 4.326793114255858200e+03 0.000000000000000000e+00 4.699999999987354045e+02 0.000000000000000000e+00 0.000000000000000000e+00 0.000000000000000000e+00 4.699999999984855208e+02 0.000000000000000000e+00 0.000000000000000000e+00 0.000000000000000000e+00 4.699999999984855208e+02 0.000000000000000000e+00 0.000000000000000000e+00 0.000000000000000000e+00 4.699999999987354045e+02 0.000000000000000000e+00 0.000000000000000000e+00 0.000000000000000000e+00
7.267933924338256020e+02 4.673203553951932008e+03 0.000000000000000000e+00 4.699999999988731929e+02 0.000000000000000000e+00 0.000000000000000000e+00 0.000000000000000000e+00 4.699999999985031991e+02 0.000000000000000000e+00 0.000000000000000000e+00 0.000000000000000000e+00 4.699999999985031991e+02 0.000000000000000000e+00 0.000000000000000000e+00 0.000000000000000000e+00 4.699999999988731929e+02 0.000000000000000000e+00 0.000000000000000000e+00 0.000000000000000000e+00
4.732041827314095599e+02 4.326794021225400684e+03 0.000000000000000000e+00 4.699999999983298835e+02 0.000000000000000000e+00 0.000000000000000000e+00 0.000000000000000000e+00 4.699999999982256895e+02 0.000000000000000000e+00 0.000000000000000000e+00 0.000000000000000000e+00 4.699999999982256895e+02 0.000000000000000000e+00 0.000000000000000000e+00 0.000000000000000000e+00 4.699999999983298835e+02 0.000000000000000000e+00 0.000000000000000000e+00 0.000000000000000000e+00
4.732048984645369956e+02 4.673204898470085936e+03 0.000000000000000000e+00 4.699999999985476506e+02 0.000000000000000000e+00 0.000000000000000000e+00 0.000000000000000000e+00 4.699999999982535996e+02 0.000000000000000000e+00 0.000000000000000000e+00 0.000000000000000000e+00 4.699999999982535996e+02 0.000000000000000000e+00 0.000000000000000000e+00 0.000000000000000000e+00 4.699999999985476506e+02 0.000000000000000000e+00 0.000000000000000000e+00 0.000000000000000000e+00
1.267948002016306930e+02 4.326794800210810536e+03 0.000000000000000000e+00 4.699999999982830445e+02 0.000000000000000000e+00 0.000000000000000000e+00 0.000000000000000000e+00 4.699999999978610958e+02 0.000000000000000000e+00 0.000000000000000000e+00 0.000000000000000000e+00 4.699999999978610958e+02 0.000000000000000000e+00 0.000000000000000000e+00 0.000000000000000000e+00 4.699999999982830445e+02 0.000000000000000000e+00 0.000000000000000000e+00 0.000000000000000000e+00
1.267947488143041426e+02 4.673204910334429769e+03 0.000000000000000000e+00 4.699999999985008685e+02 0.000000000000000000e+00 0.000000000000000000e+00 0.000000000000000000e+00 4.699999999978890628e+02 0.000000000000000000e+00 0.000000000000000000e+00 0.000000000000000000e+00 4.699999999978890628e+02 0.000000000000000000e+00 0.000000000000000000e+00 0.000000000000000000e+00 4.699999999985008685e+02 0.000000000000000000e+00 0.000000000000000000e+00 0.000000000000000000e+00
4.073205080767434083e+03 5.873205080757185897e+03 0.000000000000000000e+00 4.704141608908066132e+02 0.000000000000000000e+00 0.000000000000000000e+00 0.000000000000000000e+00 4.704141608908030321e+02 0.000000000000000000e+00 0.000000000000000000e+00 0.000000000000000000e+00 4.704141608908030321e+02 0.000000000000000000e+00 0.000000000000000000e+00 0.000000000000000000e+00 4.704141608908066132e+02 0.000000000000000000e+00 0.000000000000000000e+00 0.000000000000000000e+00
3.726794919254842625e+03 5.873205080757180440e+03 0.000000000000000000e+00 4.704141608908066132e+02 0.000000000000000000e+00 0.000000000000000000e+00 0.000000000000000000e+00 4.704141608908045100e+02 0.000000000000000000e+00 0.000000000000000000e+00 0.000000000000000000e+00 4.704141608908045100e+02 0.000000000000000000e+00 0.000000000000000000e+00 0.000000000000000000e+00 4.704141608908066132e+02 0.000000000000000000e+00 0.000000000000000000e+00 0.000000000000000000e+00
4.073205080765892944e+03 5.526794919244177436e+03 0.000000000000000000e+00 4.704141608908036005e+02 0.000000000000000000e+00 0.000000000000000000e+00 0.000000000000000000e+00 4.704141608908030321e+02 0.000000000000000000e+00 0.000000000000000000e+00 0.000000000000000000e+00 4.704141608908030321e+02 0.000000000000000000e+00 0.000000000000000000e+00 0.000000000000000000e+00 4.704141608908036005e+02 0.000000000000000000e+00 0.000000000000000000e+00 0.000000000000000000e+00
3.726794919253683474e+03 5.526794919244257471e+03 0.000000000000000000e+00 4.704141608908036005e+02 0.000000000000000000e+00 0.000000000000000000e+00 0.000000000000000000e+00 4.704141608908045100e+02 0.000000000000000000e+00 0.000000000000000000e+00 0.000000000000000000e+00 4.704141608908045100e+02 0.000000000000000000e+00 0.000000000000000000e+00 0.000000000000000000e+00 4.704141608908036005e+02 0.000000000000000000e+00 0.000000000000000000e+00 0.000000000000000000e+00
1.263900032328675422e+02 4.728001647501100138e+02 0.000000000000000000e+00 4.699999999978463734e+02 0.000000000000000000e+00 0.000000000000000000e+00 0.000000000000000000e+00 4.699999999980765324e+02 0.000000000000000000e+00 0.000000000000000000e+00 0.000000000000000000e+00 4.699999999980765324e+02 0.000000000000000000e+00 0.000000000000000000e+00 0.000000000000000000e+00 4.699999999978463734e+02 0.000000000000000000e+00 0.000000000000000000e+00 0.000000000000000000e+00
1.261730093971358428e+02 1.261730093980384027e+02 0.000000000000000000e+00 4.699999999978579694e+02 0.000000000000000000e+00 0.000000000000000000e+00 0.000000000000000000e+00 4.699999999980778966e+02 0.000000000000000000e+00 0.000000000000000000e+00 0.000000000000000000e+00 4.699999999980778966e+02 0.000000000000000000e+00 0.000000000000000000e+00 0.000000000000000000e+00 4.699999999978579694e+02 0.000000000000000000e+00 0.000000000000000000e+00 0.000000000000000000e+00
4.697778305020220841e+02 4.697778305048528864e+02 0.000000000000000000e+00 4.699999999978599021e+02 0.000000000000000000e+00 0.000000000000000000e+00 0.000000000000000000e+00 4.699999999981839665e+02 0.000000000000000000e+00 0.000000000000000000e+00 0.000000000000000000e+00 4.699999999981839665e+02 0.000000000000000000e+00 0.000000000000000000e+00 0.000000000000000000e+00 4.699999999978599021e+02 0.000000000000000000e+00 0.000000000000000000e+00 0.000000000000000000e+00
4.728001647458103776e+02 1.263900032338755750e+02 0.000000000000000000e+00 4.699999999978716687e+02 0.000000000000000000e+00 0.000000000000000000e+00 0.000000000000000000e+00 4.699999999981847623e+02 0.000000000000000000e+00 0.000000000000000000e+00 0.000000000000000000e+00 4.699999999981847623e+02 0.000000000000000000e+00 0.000000000000000000e+00 0.000000000000000000e+00 4.699999999978716687e+02 0.000000000000000000e+00 0.000000000000000000e+00 0.000000000000000000e+00
2.272803721498058167e+03 1.263935599920434640e+02 0.000000000000000000e+00 4.699999999997210125e+02 0.000000000000000000e+00 0.000000000000000000e+00 0.000000000000000000e+00 4.699999999997490931e+02 0.000000000000000000e+00 0.000000000000000000e+00 0.000000000000000000e+00 4.699999999997490931e+02 0.000000000000000000e+00 0.000000000000000000e+00 0.000000000000000000e+00 4.699999999997210125e+02 0.000000000000000000e+00 0.000000000000000000e+00 0.000000000000000000e+00
2.272566660255538409e+03 4.725666602618475736e+02 0.000000000000000000e+00 4.699999999996013003e+02 0.000000000000000000e+00 0.000000000000000000e+00 0.000000000000000000e+00 4.699999999997340865e+02 0.000000000000000000e+00 0.000000000000000000e+00 0.000000000000000000e+00 4.699999999997340865e+02 0.000000000000000000e+00 0.000000000000000000e+00 0.000000000000000000e+00 4.699999999996013003e+02 0.000000000000000000e+00 0.000000000000000000e+00 0.000000000000000000e+00
1.926490894102993025e+03 1.264908941096835520e+02 0.000000000000000000e+00 4.699999999996948645e+02 0.000000000000000000e+00 0.000000000000000000e+00 0.000000000000000000e+00 4.699999999995471285e+02 0.000000000000000000e+00 0.000000000000000000e+00 0.000000000000000000e+00 4.699999999995471285e+02 0.000000000000000000e+00 0.000000000000000000e+00 0.000000000000000000e+00 4.699999999996948645e+02 0.000000000000000000e+00 0.000000000000000000e+00 0.000000000000000000e+00
1.924800809371116657e+03 4.712109708901173235e+02 0.000000000000000000e+00 4.699999999995749818e+02 0.000000000000000000e+00 0.000000000000000000e+00 0.000000000000000000e+00 4.699999999995325197e+02 0.000000000000000000e+00 0.000000000000000000e+00 0.000000000000000000e+00 4.699999999995325197e+02 0.000000000000000000e+00 0.000000000000000000e+00 0.000000000000000000e+00 4.699999999995749818e+02 0.000000000000000000e+00 0.000000000000000000e+00 0.000000000000000000e+00
1.672237654317164470e+03 1.258274928092709217e+02 0.000000000000000000e+00 4.699999999990120614e+02 0.000000000000000000e+00 0.000000000000000000e+00 0.000000000000000000e+00 4.699999999992728590e+02 0.000000000000000000e+00 0.000000000000000000e+00 0.000000000000000000e+00 4.699999999992728590e+02 0.000000000000000000e+00 0.000000000000000000e+00 0.000000000000000000e+00 4.699999999990120614e+02 0.000000000000000000e+00 0.000000000000000000e+00 0.000000000000000000e+00
1.670779040422846265e+03 4.707790404271705711e+02 0.000000000000000000e+00 4.699999999990105835e+02 0.000000000000000000e+00 0.000000000000000000e+00 0.000000000000000000e+00 4.699999999992743369e+02 0.000000000000000000e+00 0.000000000000000000e+00 0.000000000000000000e+00 4.699999999992743369e+02 0.000000000000000000e+00 0.000000000000000000e+00 0.000000000000000000e+00 4.699999999990105835e+02 0.000000000000000000e+00 0.000000000000000000e+00 0.000000000000000000e+00
1.325961629525169428e+03 1.259616295290967969e+02 0.000000000000000000e+00 4.699999999989732942e+02 0.000000000000000000e+00 0.000000000000000000e+00 0.000000000000000000e+00 4.699999999989710204e+02 0.000000000000000000e+00 0.000000000000000000e+00 0.000000000000000000e+00 4.699999999989710204e+02 0.000000000000000000e+00 0.000000000000000000e+00 0.000000000000000000e+00 4.699999999989732942e+02 0.000000000000000000e+00 0.000000000000000000e+00 0.000000000000000000e+00
1.322500595415256612e+03 4.689107569327932197e+02 0.000000000000000000e+00 4.699999999989721005e+02 0.000000000000000000e+00 0.000000000000000000e+00 0.000000000000000000e+00 4.699999999989734079e+02 0.000000000000000000e+00 0.000000000000000000e+00 0.000000000000000000e+00 4.699999999989734079e+02 0.000000000000000000e+00 0.000000000000000000e+00 0.000000000000000000e+00 4.699999999989721005e+02 0.000000000000000000e+00 0.000000000000000000e+00 0.000000000000000000e+00
4.673205080762715625e+03 5.526794919243357072e+03 0.000000000000000000e+00 4.699999999997147597e+02 0.000000000000000000e+00 0.000000000000000000e+00 0.000000000000000000e+00 4.699999999997114628e+02 0.000000000000000000e+00 0.000000000000000000e+00 0.000000000000000000e+00 4.699999999997114628e+02 0.000000000000000000e+00 0.000000000000000000e+00 0.000000000000000000e+00 4.699999999997147597e+02 0.000000000000000000e+00 0.000000000000000000e+00 0.000000000000000000e+00
4.673205080763240403e+03 5.873205080757075848e+03 0.000000000000000000e+00 4.699999999997429541e+02 0.000000000000000000e+00 0.000000000000000000e+00 0.000000000000000000e+00 4.699999999997151576e+02 0.000000000000000000e+00 0.000000000000000000e+00 0.000000000000000000e+00 4.699999999997151576e+02 0.000000000000000000e+00 0.000000000000000000e+00 0.000000000000000000e+00 4.699999999997429541e+02 0.000000000000000000e+00 0.000000000000000000e+00 0.000000000000000000e+00
4.326794919250738531e+03 5.526794919244071934e+03 0.000000000000000000e+00 4.699999999997525038e+02 0.000000000000000000e+00 0.000000000000000000e+00 0.000000000000000000e+00 4.704141608908010426e+02 0.000000000000000000e+00 0.000000000000000000e+00 0.000000000000000000e+00 4.704141608908010426e+02 0.000000000000000000e+00 0.000000000000000000e+00 0.000000000000000000e+00 4.699999999997525038e+02 0.000000000000000000e+00 0.000000000000000000e+00 0.000000000000000000e+00
4.326794919252325599e+03 5.873205080757024007e+03 0.000000000000000000e+00 4.699999999997806412e+02 0.000000000000000000e+00 0.000000000000000000e+00 0.000000000000000000e+00 4.704141608908010426e+02 0.000000000000000000e+00 0.000000000000000000e+00 0.000000000000000000e+00 4.704141608908010426e+02 0.000000000000000000e+00 0.000000000000000000e+00 0.000000000000000000e+00 4.699999999997806412e+02 0.000000000000000000e+00 0.000000000000000000e+00 0.000000000000000000e+00
4.926794872060408125e+03 7.267948720628783121e+02 0.000000000000000000e+00 4.699999999991860591e+02 0.000000000000000000e+00 0.000000000000000000e+00 0.000000000000000000e+00 4.699999999990237143e+02 0.000000000000000000e+00 0.000000000000000000e+00 0.000000000000000000e+00 4.699999999990237143e+02 0.000000000000000000e+00 0.000000000000000000e+00 0.000000000000000000e+00 4.699999999991860591e+02 0.000000000000000000e+00 0.000000000000000000e+00 0.000000000000000000e+00
5.273205053725124344e+03 7.267948922121065607e+02 0.000000000000000000e+00 4.699999999991694040e+02 0.000000000000000000e+00 0.000000000000000000e+00 0.000000000000000000e+00 4.699999999988928607e+02 0.000000000000000000e+00 0.000000000000000000e+00 0.000000000000000000e+00 4.699999999988928607e+02 0.000000000000000000e+00 0.000000000000000000e+00 0.000000000000000000e+00 4.699999999991694040e+02 0.000000000000000000e+00 0.000000000000000000e+00 0.000000000000000000e+00
4.926794794629045100e+03 1.073204956143037634e+03 0.000000000000000000e+00 4.699999999990563992e+02 0.000000000000000000e+00 0.000000000000000000e+00 0.000000000000000000e+00 4.699999999990071160e+02 0.000000000000000000e+00 0.000000000000000000e+00 0.000000000000000000e+00 4.699999999990071160e+02 0.000000000000000000e+00 0.000000000000000000e+00 0.000000000000000000e+00 4.699999999990563992e+02 0.000000000000000000e+00 0.000000000000000000e+00 0.000000000000000000e+00
5.273205057209238475e+03 1.073205057207983600e+03 0.000000000000000000e+00 4.699999999990394599e+02 0.000000000000000000e+00 0.000000000000000000e+00 0.000000000000000000e+00 4.699999999988762056e+02 0.000000000000000000e+00 0.000000000000000000e+00 0.000000000000000000e+00 4.699999999988762056e+02 0.000000000000000000e+00 0.000000000000000000e+00 0.000000000000000000e+00 4.699999999990394599e+02 0.000000000000000000e+00 0.000000000000000000e+00 0.000000000000000000e+00
1.073204986122310402e+03 5.273204986119774730e+03 0.000000000000000000e+00 4.699999999992203925e+02 0.000000000000000000e+00 0.000000000000000000e+00 0.000000000000000000e+00 4.699999999989880735e+02 0.000000000000000000e+00 0.000000000000000000e+00 0.000000000000000000e+00 4.699999999989880735e+02 0.000000000000000000e+00 0.000000000000000000e+00 0.000000000000000000e+00 4.699999999992203925e+02 0.000000000000000000e+00 0.000000000000000000e+00 0.000000000000000000e+00
7.267948404756840546e+02 5.273205001989224911e+03 0.000000000000000000e+00 4.699999999991969162e+02 0.000000000000000000e+00 0.000000000000000000e+00 0.000000000000000000e+00 4.699999999988048103e+02 0.000000000000000000e+00 0.000000000000000000e+00 0.000000000000000000e+00 4.699999999988048103e+02 0.000000000000000000e+00 0.000000000000000000e+00 0.000000000000000000e+00 4.699999999991969162e+02 0.000000000000000000e+00 0.000000000000000000e+00 0.000000000000000000e+00
1.073204762666664237e+03 4.926794601153172152e+03 0.000000000000000000e+00 4.699999999990452011e+02 0.000000000000000000e+00 0.000000000000000000e+00 0.000000000000000000e+00 4.699999999989656203e+02 0.000000000000000000e+00 0.000000000000000000e+00 0.000000000000000000e+00 4.699999999989656203e+02 0.000000000000000000e+00 0.000000000000000000e+00 0.000000000000000000e+00 4.699999999990452011e+02 0.000000000000000000e+00 0.000000000000000000e+00 0.000000000000000000e+00
7.267947971994085492e+02 4.926794797201884649e+03 0.000000000000000000e+00 4.699999999990216679e+02 0.000000000000000000e+00 0.000000000000000000e+00 0.000000000000000000e+00 4.699999999987823571e+02 0.000000000000000000e+00 0.000000000000000000e+00 0.000000000000000000e+00 4.699999999987823571e+02 0.000000000000000000e+00 0.000000000000000000e+00 0.000000000000000000e+00 4.699999999990216679e+02 0.000000000000000000e+00 0.000000000000000000e+00 0.000000000000000000e+00
