1.557734357389267871e+03 4.422643035513451650e+02 0.000000000000000000e+00 9.129307473093004432e+01 0.000000000000000000e+00 0.000000000000000000e+00 0.000000000000000000e+00 0.000000000000000000e+00 0.000000000000000000e+00 0.000000000000000000e+00 0.000000000000000000e+00 0.000000000000000000e+00 0.000000000000000000e+00 0.000000000000000000e+00 0.000000000000000000e+00 9.170939366615860422e+01 0.000000000000000000e+00 0.000000000000000000e+00 0.000000000000000000e+00
1.557734410891697735e+03 5.577344108916872756e+02 0.000000000000000000e+00 9.150186154825682650e+01 0.000000000000000000e+00 0.000000000000000000e+00 0.000000000000000000e+00 0.000000000000000000e+00 0.000000000000000000e+00 0.000000000000000000e+00 0.000000000000000000e+00 0.000000000000000000e+00 0.000000000000000000e+00 0.000000000000000000e+00 0.000000000000000000e+00 9.178335155708666093e+01 0.000000000000000000e+00 0.000000000000000000e+00 0.000000000000000000e+00
1.442263685456909570e+03 4.422636854570642981e+02 0.000000000000000000e+00 9.135258437440610635e+01 0.000000000000000000e+00 0.000000000000000000e+00 0.000000000000000000e+00 0.000000000000000000e+00 0.000000000000000000e+00 0.000000000000000000e+00 0.000000000000000000e+00 0.000000000000000000e+00 0.000000000000000000e+00 0.000000000000000000e+00 0.000000000000000000e+00 9.170157882233451119e+01 0.000000000000000000e+00 0.000000000000000000e+00 0.000000000000000000e+00
1.442262730880431718e+03 5.577327847185055134e+02 0.000000000000000000e+00 9.156154234481168430e+01 0.000000000000000000e+00 0.000000000000000000e+00 0.000000000000000000e+00 0.000000000000000000e+00 0.000000000000000000e+00 0.000000000000000000e+00 0.000000000000000000e+00 0.000000000000000000e+00 0.000000000000000000e+00 0.000000000000000000e+00 0.000000000000000000e+00 9.177553844387331594e+01 0.000000000000000000e+00 0.000000000000000000e+00 0.000000000000000000e+00
1.442263923759279805e+03 3.577339775973759970e+02 0.000000000000000000e+00 9.121375303184846928e+01 0.000000000000000000e+00 0.000000000000000000e+00 0.000000000000000000e+00 0.000000000000000000e+00 0.000000000000000000e+00 0.000000000000000000e+00 0.000000000000000000e+00 0.000000000000000000e+00 0.000000000000000000e+00 0.000000000000000000e+00 0.000000000000000000e+00 9.199209618513737041e+01 0.000000000000000000e+00 0.000000000000000000e+00 0.000000000000000000e+00
1.442264650385721325e+03 2.422646503858919402e+02 0.000000000000000000e+00 9.027479010123465741e+01 0.000000000000000000e+00 0.000000000000000000e+00 0.000000000000000000e+00 0.000000000000000000e+00 0.000000000000000000e+00 0.000000000000000000e+00 0.000000000000000000e+00 0.000000000000000000e+00 0.000000000000000000e+00 0.000000000000000000e+00 0.000000000000000000e+00 9.214534594910151100e+01 0.000000000000000000e+00 0.000000000000000000e+00 0.000000000000000000e+00
1.557734712354596013e+03 3.577347123546103376e+02 0.000000000000000000e+00 9.118074728115654182e+01 0.000000000000000000e+00 0.000000000000000000e+00 0.000000000000000000e+00 0.000000000000000000e+00 0.000000000000000000e+00 0.000000000000000000e+00 0.000000000000000000e+00 0.000000000000000000e+00 0.000000000000000000e+00 0.000000000000000000e+00 0.000000000000000000e+00 9.201706040304618739e+01 0.000000000000000000e+00 0.000000000000000000e+00 0.000000000000000000e+00
1.557734705491600380e+03 2.422646516537485013e+02 0.000000000000000000e+00 9.024135142464021442e+01 0.000000000000000000e+00 0.000000000000000000e+00 0.000000000000000000e+00 0.000000000000000000e+00 0.000000000000000000e+00 0.000000000000000000e+00 0.000000000000000000e+00 0.000000000000000000e+00 0.000000000000000000e+00 0.000000000000000000e+00 0.000000000000000000e+00 9.217024420338657364e+01 0.000000000000000000e+00 0.000000000000000000e+00 0.000000000000000000e+00
2.406104853380198847e+02 2.406104853381309567e+02 0.000000000000000000e+00 9.469926884442729431e+01 0.000000000000000000e+00 0.000000000000000000e+00 0.000000000000000000e+00 0.000000000000000000e+00 0.000000000000000000e+00 0.000000000000000000e+00 0.000000000000000000e+00 0.000000000000000000e+00 0.000000000000000000e+00 0.000000000000000000e+00 0.000000000000000000e+00 9.282007625810940965e+01 0.000000000000000000e+00 0.000000000000000000e+00 0.000000000000000000e+00
3.558641061041413423e+02 2.403940522664173045e+02 0.000000000000000000e+00 9.465555738269917185e+01 0.000000000000000000e+00 0.000000000000000000e+00 0.000000000000000000e+00 0.000000000000000000e+00 0.000000000000000000e+00 0.000000000000000000e+00 0.000000000000000000e+00 0.000000000000000000e+00 0.000000000000000000e+00 0.000000000000000000e+00 0.000000000000000000e+00 9.295018506939652525e+01 0.000000000000000000e+00 0.000000000000000000e+00 0.000000000000000000e+00
2.403339503389098013e+02 3.558040041769162372e+02 0.000000000000000000e+00 9.447579823013798261e+01 0.000000000000000000e+00 0.000000000000000000e+00 0.000000000000000000e+00 0.000000000000000000e+00 0.000000000000000000e+00 0.000000000000000000e+00 0.000000000000000000e+00 0.000000000000000000e+00 0.000000000000000000e+00 0.000000000000000000e+00 0.000000000000000000e+00 9.343568664418199887e+01 0.000000000000000000e+00 0.000000000000000000e+00 0.000000000000000000e+00
3.561796324100081961e+02 3.561796324101574669e+02 0.000000000000000000e+00 9.443257383195118848e+01 0.000000000000000000e+00 0.000000000000000000e+00 0.000000000000000000e+00 0.000000000000000000e+00 0.000000000000000000e+00 0.000000000000000000e+00 0.000000000000000000e+00 0.000000000000000000e+00 0.000000000000000000e+00 0.000000000000000000e+00 0.000000000000000000e+00 9.356452902821067141e+01 0.000000000000000000e+00 0.000000000000000000e+00 0.000000000000000000e+00
1.557734159417736691e+03 6.422641055797888612e+02 0.000000000000000000e+00 9.160841438610395926e+01 0.000000000000000000e+00 0.000000000000000000e+00 0.000000000000000000e+00 0.000000000000000000e+00 0.000000000000000000e+00 0.000000000000000000e+00 0.000000000000000000e+00 0.000000000000000000e+00 0.000000000000000000e+00 0.000000000000000000e+00 0.000000000000000000e+00 9.179679670326929397e+01 0.000000000000000000e+00 0.000000000000000000e+00 0.000000000000000000e+00
1.557734214199653479e+03 7.577342141996236933e+02 0.000000000000000000e+00 9.163969571134353487e+01 0.000000000000000000e+00 0.000000000000000000e+00 0.000000000000000000e+00 0.000000000000000000e+00 0.000000000000000000e+00 0.000000000000000000e+00 0.000000000000000000e+00 0.000000000000000000e+00 0.000000000000000000e+00 0.000000000000000000e+00 0.000000000000000000e+00 9.186305063459556663e+01 0.000000000000000000e+00 0.000000000000000000e+00 0.000000000000000000e+00
1.442262569475841701e+03 6.422625694759794897e+02 0.000000000000000000e+00 9.162451396755727728e+01 0.000000000000000000e+00 0.000000000000000000e+00 0.000000000000000000e+00 0.000000000000000000e+00 0.000000000000000000e+00 0.000000000000000000e+00 0.000000000000000000e+00 0.000000000000000000e+00 0.000000000000000000e+00 0.000000000000000000e+00 0.000000000000000000e+00 9.178658363472827375e+01 0.000000000000000000e+00 0.000000000000000000e+00 0.000000000000000000e+00
1.442262287762793449e+03 7.577323416008190407e+02 0.000000000000000000e+00 9.165581139715092718e+01 0.000000000000000000e+00 0.000000000000000000e+00 0.000000000000000000e+00 0.000000000000000000e+00 0.000000000000000000e+00 0.000000000000000000e+00 0.000000000000000000e+00 0.000000000000000000e+00 0.000000000000000000e+00 0.000000000000000000e+00 0.000000000000000000e+00 9.185283601666628783e+01 0.000000000000000000e+00 0.000000000000000000e+00 0.000000000000000000e+00
6.417882305282038260e+02 5.572582843664024495e+02 0.000000000000000000e+00 9.170233777679682419e+01 0.000000000000000000e+00 0.000000000000000000e+00 0.000000000000000000e+00 0.000000000000000000e+00 0.000000000000000000e+00 0.000000000000000000e+00 0.000000000000000000e+00 0.000000000000000000e+00 0.000000000000000000e+00 0.000000000000000000e+00 0.000000000000000000e+00 9.158462704271504151e+01 0.000000000000000000e+00 0.000000000000000000e+00 0.000000000000000000e+00
6.416099964456599309e+02 4.416099964459850753e+02 0.000000000000000000e+00 9.159277789278341686e+01 0.000000000000000000e+00 0.000000000000000000e+00 0.000000000000000000e+00 0.000000000000000000e+00 0.000000000000000000e+00 0.000000000000000000e+00 0.000000000000000000e+00 0.000000000000000000e+00 0.000000000000000000e+00 0.000000000000000000e+00 0.000000000000000000e+00 9.120219040875817029e+01 0.000000000000000000e+00 0.000000000000000000e+00 0.000000000000000000e+00
7.573962212981637094e+02 5.573962212985068163e+02 0.000000000000000000e+00 9.169543042505847552e+01 0.000000000000000000e+00 0.000000000000000000e+00 0.000000000000000000e+00 0.000000000000000000e+00 0.000000000000000000e+00 0.000000000000000000e+00 0.000000000000000000e+00 0.000000000000000000e+00 0.000000000000000000e+00 0.000000000000000000e+00 0.000000000000000000e+00 9.161087957241983304e+01 0.000000000000000000e+00 0.000000000000000000e+00 0.000000000000000000e+00
7.573686372079429248e+02 4.418985833704280708e+02 0.000000000000000000e+00 9.158579775240022514e+01 0.000000000000000000e+00 0.000000000000000000e+00 0.000000000000000000e+00 0.000000000000000000e+00 0.000000000000000000e+00 0.000000000000000000e+00 0.000000000000000000e+00 0.000000000000000000e+00 0.000000000000000000e+00 0.000000000000000000e+00 0.000000000000000000e+00 9.122824519297122947e+01 0.000000000000000000e+00 0.000000000000000000e+00 0.000000000000000000e+00
4.406280150640551483e+02 2.406280150643187881e+02 0.000000000000000000e+00 9.216795954560126347e+01 0.000000000000000000e+00 0.000000000000000000e+00 0.000000000000000000e+00 0.000000000000000000e+00 0.000000000000000000e+00 0.000000000000000000e+00 0.000000000000000000e+00 0.000000000000000000e+00 0.000000000000000000e+00 0.000000000000000000e+00 0.000000000000000000e+00 9.027656938837782263e+01 0.000000000000000000e+00 0.000000000000000000e+00 0.000000000000000000e+00
5.568233293412496323e+02 2.413532755036883373e+02 0.000000000000000000e+00 9.214401677064751084e+01 0.000000000000000000e+00 0.000000000000000000e+00 0.000000000000000000e+00 0.000000000000000000e+00 0.000000000000000000e+00 0.000000000000000000e+00 0.000000000000000000e+00 0.000000000000000000e+00 0.000000000000000000e+00 0.000000000000000000e+00 0.000000000000000000e+00 9.030698327472620690e+01 0.000000000000000000e+00 0.000000000000000000e+00 0.000000000000000000e+00
4.409287770428594513e+02 3.563988308809985597e+02 0.000000000000000000e+00 9.201334169942927588e+01 0.000000000000000000e+00 0.000000000000000000e+00 0.000000000000000000e+00 0.000000000000000000e+00 0.000000000000000000e+00 0.000000000000000000e+00 0.000000000000000000e+00 0.000000000000000000e+00 0.000000000000000000e+00 0.000000000000000000e+00 0.000000000000000000e+00 9.119507312830381807e+01 0.000000000000000000e+00 0.000000000000000000e+00 0.000000000000000000e+00
5.567524348900252562e+02 3.567524348903286295e+02 0.000000000000000000e+00 9.198904713265429223e+01 0.000000000000000000e+00 0.000000000000000000e+00 0.000000000000000000e+00 0.000000000000000000e+00 0.000000000000000000e+00 0.000000000000000000e+00 0.000000000000000000e+00 0.000000000000000000e+00 0.000000000000000000e+00 0.000000000000000000e+00 0.000000000000000000e+00 9.122658391203890460e+01 0.000000000000000000e+00 0.000000000000000000e+00 0.000000000000000000e+00
1.357734966616490055e+03 1.557734966616495285e+03 0.000000000000000000e+00 9.158956211819035786e+01 0.000000000000000000e+00 0.000000000000000000e+00 0.000000000000000000e+00 0.000000000000000000e+00 0.000000000000000000e+00 0.000000000000000000e+00 0.000000000000000000e+00 0.000000000000000000e+00 0.000000000000000000e+00 0.000000000000000000e+00 0.000000000000000000e+00 9.120209111216517783e+01 0.000000000000000000e+00 0.000000000000000000e+00 0.000000000000000000e+00
1.242264910443225517e+03 1.557734964281164594e+03 0.000000000000000000e+00 9.158291363689676245e+01 0.000000000000000000e+00 0.000000000000000000e+00 0.000000000000000000e+00 0.000000000000000000e+00 0.000000000000000000e+00 0.000000000000000000e+00 0.000000000000000000e+00 0.000000000000000000e+00 0.000000000000000000e+00 0.000000000000000000e+00 0.000000000000000000e+00 9.122847484246332783e+01 0.000000000000000000e+00 0.000000000000000000e+00 0.000000000000000000e+00
1.357734951580340066e+03 1.442264897742428730e+03 0.000000000000000000e+00 9.170153731837571343e+01 0.000000000000000000e+00 0.000000000000000000e+00 0.000000000000000000e+00 0.000000000000000000e+00 0.000000000000000000e+00 0.000000000000000000e+00 0.000000000000000000e+00 0.000000000000000000e+00 0.000000000000000000e+00 0.000000000000000000e+00 0.000000000000000000e+00 9.158581005090643146e+01 0.000000000000000000e+00 0.000000000000000000e+00 0.000000000000000000e+00
1.242264701765726613e+03 1.442264701765756172e+03 0.000000000000000000e+00 9.169489508470768158e+01 0.000000000000000000e+00 0.000000000000000000e+00 0.000000000000000000e+00 0.000000000000000000e+00 0.000000000000000000e+00 0.000000000000000000e+00 0.000000000000000000e+00 0.000000000000000000e+00 0.000000000000000000e+00 0.000000000000000000e+00 0.000000000000000000e+00 9.161212431948305834e+01 0.000000000000000000e+00 0.000000000000000000e+00 0.000000000000000000e+00
1.557735018054876264e+03 1.557735018054847842e+03 0.000000000000000000e+00 9.171031507306352637e+01 0.000000000000000000e+00 0.000000000000000000e+00 0.000000000000000000e+00 0.000000000000000000e+00 0.000000000000000000e+00 0.000000000000000000e+00 0.000000000000000000e+00 0.000000000000000000e+00 0.000000000000000000e+00 0.000000000000000000e+00 0.000000000000000000e+00 9.129466415298374216e+01 0.000000000000000000e+00 0.000000000000000000e+00 0.000000000000000000e+00
1.442264962441496664e+03 1.557735016279410729e+03 0.000000000000000000e+00 9.170239272404226938e+01 0.000000000000000000e+00 0.000000000000000000e+00 0.000000000000000000e+00 0.000000000000000000e+00 0.000000000000000000e+00 0.000000000000000000e+00 0.000000000000000000e+00 0.000000000000000000e+00 0.000000000000000000e+00 0.000000000000000000e+00 0.000000000000000000e+00 9.135411865523158781e+01 0.000000000000000000e+00 0.000000000000000000e+00 0.000000000000000000e+00
1.557735016910707827e+03 1.442264963072742376e+03 0.000000000000000000e+00 9.178417308296255328e+01 0.000000000000000000e+00 0.000000000000000000e+00 0.000000000000000000e+00 0.000000000000000000e+00 0.000000000000000000e+00 0.000000000000000000e+00 0.000000000000000000e+00 0.000000000000000000e+00 0.000000000000000000e+00 0.000000000000000000e+00 0.000000000000000000e+00 9.150379634115046201e+01 0.000000000000000000e+00 0.000000000000000000e+00 0.000000000000000000e+00
1.442264932505123852e+03 1.442264932505123625e+03 0.000000000000000000e+00 9.177625201545214395e+01 0.000000000000000000e+00 0.000000000000000000e+00 0.000000000000000000e+00 0.000000000000000000e+00 0.000000000000000000e+00 0.000000000000000000e+00 0.000000000000000000e+00 0.000000000000000000e+00 0.000000000000000000e+00 0.000000000000000000e+00 0.000000000000000000e+00 9.156342071066231370e+01 0.000000000000000000e+00 0.000000000000000000e+00 0.000000000000000000e+00
1.642264972471784858e+03 1.642264972471744841e+03 0.000000000000000000e+00 9.443113340375646203e+01 0.000000000000000000e+00 0.000000000000000000e+00 0.000000000000000000e+00 0.000000000000000000e+00 0.000000000000000000e+00 0.000000000000000000e+00 0.000000000000000000e+00 0.000000000000000000e+00 0.000000000000000000e+00 0.000000000000000000e+00 0.000000000000000000e+00 9.357825824318425134e+01 0.000000000000000000e+00 0.000000000000000000e+00 0.000000000000000000e+00
1.757735026816253594e+03 1.642264972978259038e+03 0.000000000000000000e+00 9.447147283466171075e+01 0.000000000000000000e+00 0.000000000000000000e+00 0.000000000000000000e+00 0.000000000000000000e+00 0.000000000000000000e+00 0.000000000000000000e+00 0.000000000000000000e+00 0.000000000000000000e+00 0.000000000000000000e+00 0.000000000000000000e+00 0.000000000000000000e+00 9.344800337643039256e+01 0.000000000000000000e+00 0.000000000000000000e+00 0.000000000000000000e+00
1.642264972992648381e+03 1.757735026830539027e+03 0.000000000000000000e+00 9.460810406255150440e+01 0.000000000000000000e+00 0.000000000000000000e+00 0.000000000000000000e+00 0.000000000000000000e+00 0.000000000000000000e+00 0.000000000000000000e+00 0.000000000000000000e+00 0.000000000000000000e+00 0.000000000000000000e+00 0.000000000000000000e+00 0.000000000000000000e+00 9.296810207887764932e+01 0.000000000000000000e+00 0.000000000000000000e+00 0.000000000000000000e+00
1.757735026799695561e+03 1.757735026799649631e+03 0.000000000000000000e+00 9.464828092632760104e+01 0.000000000000000000e+00 0.000000000000000000e+00 0.000000000000000000e+00 0.000000000000000000e+00 0.000000000000000000e+00 0.000000000000000000e+00 0.000000000000000000e+00 0.000000000000000000e+00 0.000000000000000000e+00 0.000000000000000000e+00 0.000000000000000000e+00 9.283849579429461585e+01 0.000000000000000000e+00 0.000000000000000000e+00 0.000000000000000000e+00
1.242250808341908169e+03 8.422508083421254241e+02 0.000000000000000000e+00 9.192715696568302519e+01 0.000000000000000000e+00 0.000000000000000000e+00 0.000000000000000000e+00 0.000000000000000000e+00 0.000000000000000000e+00 0.000000000000000000e+00 0.000000000000000000e+00 0.000000000000000000e+00 0.000000000000000000e+00 0.000000000000000000e+00 0.000000000000000000e+00 9.190413658287080523e+01 0.000000000000000000e+00 0.000000000000000000e+00 0.000000000000000000e+00
1.357729448168551244e+03 8.422593943307730342e+02 0.000000000000000000e+00 9.192602474929816481e+01 0.000000000000000000e+00 0.000000000000000000e+00 0.000000000000000000e+00 0.000000000000000000e+00 0.000000000000000000e+00 0.000000000000000000e+00 0.000000000000000000e+00 0.000000000000000000e+00 0.000000000000000000e+00 0.000000000000000000e+00 0.000000000000000000e+00 9.191280785972936940e+01 0.000000000000000000e+00 0.000000000000000000e+00 0.000000000000000000e+00
1.242254676497519768e+03 9.577247303355968597e+02 0.000000000000000000e+00 9.196041115420473488e+01 0.000000000000000000e+00 0.000000000000000000e+00 0.000000000000000000e+00 0.000000000000000000e+00 0.000000000000000000e+00 0.000000000000000000e+00 0.000000000000000000e+00 0.000000000000000000e+00 0.000000000000000000e+00 0.000000000000000000e+00 0.000000000000000000e+00 9.197286127559068802e+01 0.000000000000000000e+00 0.000000000000000000e+00 0.000000000000000000e+00
1.357729643073593934e+03 9.577296430737046649e+02 0.000000000000000000e+00 9.195927999815656051e+01 0.000000000000000000e+00 0.000000000000000000e+00 0.000000000000000000e+00 0.000000000000000000e+00 0.000000000000000000e+00 0.000000000000000000e+00 0.000000000000000000e+00 0.000000000000000000e+00 0.000000000000000000e+00 0.000000000000000000e+00 0.000000000000000000e+00 9.198153370827081687e+01 0.000000000000000000e+00 0.000000000000000000e+00 0.000000000000000000e+00
1.242253830992476651e+03 3.577238848307871990e+02 0.000000000000000000e+00 9.125818867991375782e+01 0.000000000000000000e+00 0.000000000000000000e+00 0.000000000000000000e+00 0.000000000000000000e+00 0.000000000000000000e+00 0.000000000000000000e+00 0.000000000000000000e+00 0.000000000000000000e+00 0.000000000000000000e+00 0.000000000000000000e+00 0.000000000000000000e+00 9.182010071272375740e+01 0.000000000000000000e+00 0.000000000000000000e+00 0.000000000000000000e+00
1.242258931735095075e+03 2.422589317354618572e+02 0.000000000000000000e+00 9.106372257042157514e+01 0.000000000000000000e+00 0.000000000000000000e+00 0.000000000000000000e+00 0.000000000000000000e+00 0.000000000000000000e+00 0.000000000000000000e+00 0.000000000000000000e+00 0.000000000000000000e+00 0.000000000000000000e+00 0.000000000000000000e+00 0.000000000000000000e+00 9.192807696087211866e+01 0.000000000000000000e+00 0.000000000000000000e+00 0.000000000000000000e+00
1.357731944015032695e+03 3.577319440152902530e+02 0.000000000000000000e+00 9.125254029358615071e+01 0.000000000000000000e+00 0.000000000000000000e+00 0.000000000000000000e+00 0.000000000000000000e+00 0.000000000000000000e+00 0.000000000000000000e+00 0.000000000000000000e+00 0.000000000000000000e+00 0.000000000000000000e+00 0.000000000000000000e+00 0.000000000000000000e+00 9.183749301604035509e+01 0.000000000000000000e+00 0.000000000000000000e+00 0.000000000000000000e+00
1.357732303931890101e+03 2.422622500942276247e+02 0.000000000000000000e+00 9.105805975254389750e+01 0.000000000000000000e+00 0.000000000000000000e+00 0.000000000000000000e+00 0.000000000000000000e+00 0.000000000000000000e+00 0.000000000000000000e+00 0.000000000000000000e+00 0.000000000000000000e+00 0.000000000000000000e+00 0.000000000000000000e+00 0.000000000000000000e+00 9.194543548792594834e+01 0.000000000000000000e+00 0.000000000000000000e+00 0.000000000000000000e+00
1.042224356818069737e+03 1.576944106564619119e+02 0.000000000000000000e+00 9.058418395559843361e+01 0.000000000000000000e+00 0.000000000000000000e+00 0.000000000000000000e+00 0.000000000000000000e+00 0.000000000000000000e+00 0.000000000000000000e+00 0.000000000000000000e+00 0.000000000000000000e+00 0.000000000000000000e+00 0.000000000000000000e+00 0.000000000000000000e+00 9.093239213985542335e+01 0.000000000000000000e+00 0.000000000000000000e+00 0.000000000000000000e+00
1.042259402746967680e+03 4.225940274742198710e+01 0.000000000000000000e+00 9.083667793104989130e+01 0.000000000000000000e+00 0.000000000000000000e+00 0.000000000000000000e+00 0.000000000000000000e+00 0.000000000000000000e+00 0.000000000000000000e+00 0.000000000000000000e+00 0.000000000000000000e+00 0.000000000000000000e+00 0.000000000000000000e+00 0.000000000000000000e+00 9.126663454946165643e+01 0.000000000000000000e+00 0.000000000000000000e+00 0.000000000000000000e+00
1.157725685559730664e+03 1.577256855601427219e+02 0.000000000000000000e+00 9.058228607939038568e+01 0.000000000000000000e+00 0.000000000000000000e+00 0.000000000000000000e+00 0.000000000000000000e+00 0.000000000000000000e+00 0.000000000000000000e+00 0.000000000000000000e+00 0.000000000000000000e+00 0.000000000000000000e+00 0.000000000000000000e+00 0.000000000000000000e+00 9.094701047794703186e+01 0.000000000000000000e+00 0.000000000000000000e+00 0.000000000000000000e+00
1.157727211147944899e+03 4.225715731036427059e+01 0.000000000000000000e+00 9.083472319125860395e+01 0.000000000000000000e+00 0.000000000000000000e+00 0.000000000000000000e+00 0.000000000000000000e+00 0.000000000000000000e+00 0.000000000000000000e+00 0.000000000000000000e+00 0.000000000000000000e+00 0.000000000000000000e+00 0.000000000000000000e+00 0.000000000000000000e+00 9.128119428498020227e+01 0.000000000000000000e+00 0.000000000000000000e+00 0.000000000000000000e+00
4.416013430587539688e+02 6.416013430588570827e+02 0.000000000000000000e+00 9.180061918942725185e+01 0.000000000000000000e+00 0.000000000000000000e+00 0.000000000000000000e+00 0.000000000000000000e+00 0.000000000000000000e+00 0.000000000000000000e+00 0.000000000000000000e+00 0.000000000000000000e+00 0.000000000000000000e+00 0.000000000000000000e+00 0.000000000000000000e+00 9.161523282918975042e+01 0.000000000000000000e+00 0.000000000000000000e+00 0.000000000000000000e+00
5.572571982504539392e+02 6.417871444127099494e+02 0.000000000000000000e+00 9.178999744701494024e+01 0.000000000000000000e+00 0.000000000000000000e+00 0.000000000000000000e+00 0.000000000000000000e+00 0.000000000000000000e+00 0.000000000000000000e+00 0.000000000000000000e+00 0.000000000000000000e+00 0.000000000000000000e+00 0.000000000000000000e+00 0.000000000000000000e+00 9.163141633638591088e+01 0.000000000000000000e+00 0.000000000000000000e+00 0.000000000000000000e+00
4.418950264516566904e+02 7.573650802896532923e+02 0.000000000000000000e+00 9.186473315451469546e+01 0.000000000000000000e+00 0.000000000000000000e+00 0.000000000000000000e+00 0.000000000000000000e+00 0.000000000000000000e+00 0.000000000000000000e+00 0.000000000000000000e+00 0.000000000000000000e+00 0.000000000000000000e+00 0.000000000000000000e+00 0.000000000000000000e+00 9.164953314613373436e+01 0.000000000000000000e+00 0.000000000000000000e+00 0.000000000000000000e+00
5.573987777380392572e+02 7.573987777381563546e+02 0.000000000000000000e+00 9.185414423876375167e+01 0.000000000000000000e+00 0.000000000000000000e+00 0.000000000000000000e+00 0.000000000000000000e+00 0.000000000000000000e+00 0.000000000000000000e+00 0.000000000000000000e+00 0.000000000000000000e+00 0.000000000000000000e+00 0.000000000000000000e+00 0.000000000000000000e+00 9.166576577029407247e+01 0.000000000000000000e+00 0.000000000000000000e+00 0.000000000000000000e+00
1.842264972934707430e+03 4.226497293474227490e+01 0.000000000000000000e+00 8.266344962287288922e+01 0.000000000000000000e+00 0.000000000000000000e+00 0.000000000000000000e+00 0.000000000000000000e+00 0.000000000000000000e+00 0.000000000000000000e+00 0.000000000000000000e+00 0.000000000000000000e+00 0.000000000000000000e+00 0.000000000000000000e+00 0.000000000000000000e+00 9.130598017913254694e+01 0.000000000000000000e+00 0.000000000000000000e+00 0.000000000000000000e+00
1.957735026694287626e+03 4.226497285635085888e+01 0.000000000000000000e+00 8.233573445397891533e+01 0.000000000000000000e+00 0.000000000000000000e+00 0.000000000000000000e+00 0.000000000000000000e+00 0.000000000000000000e+00 0.000000000000000000e+00 0.000000000000000000e+00 0.000000000000000000e+00 0.000000000000000000e+00 0.000000000000000000e+00 0.000000000000000000e+00 9.161402363155694673e+01 0.000000000000000000e+00 0.000000000000000000e+00 0.000000000000000000e+00
1.842264971842915429e+03 1.577350256807754931e+02 0.000000000000000000e+00 8.452113863881250211e+01 0.000000000000000000e+00 0.000000000000000000e+00 0.000000000000000000e+00 0.000000000000000000e+00 0.000000000000000000e+00 0.000000000000000000e+00 0.000000000000000000e+00 0.000000000000000000e+00 0.000000000000000000e+00 0.000000000000000000e+00 0.000000000000000000e+00 8.800911291990796315e+01 0.000000000000000000e+00 0.000000000000000000e+00 0.000000000000000000e+00
1.957735026772674701e+03 1.577350267726270090e+02 0.000000000000000000e+00 8.419155586721078066e+01 0.000000000000000000e+00 0.000000000000000000e+00 0.000000000000000000e+00 0.000000000000000000e+00 0.000000000000000000e+00 0.000000000000000000e+00 0.000000000000000000e+00 0.000000000000000000e+00 0.000000000000000000e+00 0.000000000000000000e+00 0.000000000000000000e+00 8.832794007614181453e+01 0.000000000000000000e+00 0.000000000000000000e+00 0.000000000000000000e+00
2.422461657555959960e+02 1.157716219593531605e+03 0.000000000000000000e+00 9.344638808153985110e+01 0.000000000000000000e+00 0.000000000000000000e+00 0.000000000000000000e+00 0.000000000000000000e+00 0.000000000000000000e+00 0.000000000000000000e+00 0.000000000000000000e+00 0.000000000000000000e+00 0.000000000000000000e+00 0.000000000000000000e+00 0.000000000000000000e+00 9.366492309600280919e+01 0.000000000000000000e+00 0.000000000000000000e+00 0.000000000000000000e+00
2.422290661432573984e+02 1.042229066143256659e+03 0.000000000000000000e+00 9.346469660429674775e+01 0.000000000000000000e+00 0.000000000000000000e+00 0.000000000000000000e+00 0.000000000000000000e+00 0.000000000000000000e+00 0.000000000000000000e+00 0.000000000000000000e+00 0.000000000000000000e+00 0.000000000000000000e+00 0.000000000000000000e+00 0.000000000000000000e+00 9.355962985886220906e+01 0.000000000000000000e+00 0.000000000000000000e+00 0.000000000000000000e+00
3.577118921302898116e+02 1.157711892130286969e+03 0.000000000000000000e+00 9.342166642050995051e+01 0.000000000000000000e+00 0.000000000000000000e+00 0.000000000000000000e+00 0.000000000000000000e+00 0.000000000000000000e+00 0.000000000000000000e+00 0.000000000000000000e+00 0.000000000000000000e+00 0.000000000000000000e+00 0.000000000000000000e+00 0.000000000000000000e+00 9.363118139807555451e+01 0.000000000000000000e+00 0.000000000000000000e+00 0.000000000000000000e+00
3.576787773011128593e+02 1.042208723463184924e+03 0.000000000000000000e+00 9.344002231516932966e+01 0.000000000000000000e+00 0.000000000000000000e+00 0.000000000000000000e+00 0.000000000000000000e+00 0.000000000000000000e+00 0.000000000000000000e+00 0.000000000000000000e+00 0.000000000000000000e+00 0.000000000000000000e+00 0.000000000000000000e+00 0.000000000000000000e+00 9.352578324902536622e+01 0.000000000000000000e+00 0.000000000000000000e+00 0.000000000000000000e+00
1.576002976921710683e+02 4.213024385430146168e+01 0.000000000000000000e+00 9.132544349874437728e+01 0.000000000000000000e+00 0.000000000000000000e+00 0.000000000000000000e+00 0.000000000000000000e+00 0.000000000000000000e+00 0.000000000000000000e+00 0.000000000000000000e+00 0.000000000000000000e+00 0.000000000000000000e+00 0.000000000000000000e+00 0.000000000000000000e+00 8.258120670575002009e+01 0.000000000000000000e+00 0.000000000000000000e+00 0.000000000000000000e+00
1.565946650532823128e+02 1.565946650533535944e+02 0.000000000000000000e+00 8.792465705402085518e+01 0.000000000000000000e+00 0.000000000000000000e+00 0.000000000000000000e+00 0.000000000000000000e+00 0.000000000000000000e+00 0.000000000000000000e+00 0.000000000000000000e+00 0.000000000000000000e+00 0.000000000000000000e+00 0.000000000000000000e+00 0.000000000000000000e+00 8.450219116018540433e+01 0.000000000000000000e+00 0.000000000000000000e+00 0.000000000000000000e+00
4.205804267928460405e+01 4.205804267930140838e+01 0.000000000000000000e+00 9.164778464699170968e+01 0.000000000000000000e+00 0.000000000000000000e+00 0.000000000000000000e+00 0.000000000000000000e+00 0.000000000000000000e+00 0.000000000000000000e+00 0.000000000000000000e+00 0.000000000000000000e+00 0.000000000000000000e+00 0.000000000000000000e+00 0.000000000000000000e+00 8.224692823347460546e+01 0.000000000000000000e+00 0.000000000000000000e+00 0.000000000000000000e+00
4.213024385428632712e+01 1.576002976922189873e+02 0.000000000000000000e+00 8.827584259102445685e+01 0.000000000000000000e+00 0.000000000000000000e+00 0.000000000000000000e+00 0.000000000000000000e+00 0.000000000000000000e+00 0.000000000000000000e+00 0.000000000000000000e+00 0.000000000000000000e+00 0.000000000000000000e+00 0.000000000000000000e+00 0.000000000000000000e+00 8.415548939648721216e+01 0.000000000000000000e+00 0.000000000000000000e+00 0.000000000000000000e+00
8.422630303650203132e+02 1.442263030365027817e+03 0.000000000000000000e+00 9.139217202759991210e+01 0.000000000000000000e+00 0.000000000000000000e+00 0.000000000000000000e+00 0.000000000000000000e+00 0.000000000000000000e+00 0.000000000000000000e+00 0.000000000000000000e+00 0.000000000000000000e+00 0.000000000000000000e+00 0.000000000000000000e+00 0.000000000000000000e+00 9.144470113596666749e+01 0.000000000000000000e+00 0.000000000000000000e+00 0.000000000000000000e+00
9.577334994135431998e+02 1.442263445575639935e+03 0.000000000000000000e+00 9.140376625866232985e+01 0.000000000000000000e+00 0.000000000000000000e+00 0.000000000000000000e+00 0.000000000000000000e+00 0.000000000000000000e+00 0.000000000000000000e+00 0.000000000000000000e+00 0.000000000000000000e+00 0.000000000000000000e+00 0.000000000000000000e+00 0.000000000000000000e+00 9.143689720533888021e+01 0.000000000000000000e+00 0.000000000000000000e+00 0.000000000000000000e+00
8.422644261099093228e+02 1.557734479947840782e+03 0.000000000000000000e+00 9.116548392470564011e+01 0.000000000000000000e+00 0.000000000000000000e+00 0.000000000000000000e+00 0.000000000000000000e+00 0.000000000000000000e+00 0.000000000000000000e+00 0.000000000000000000e+00 0.000000000000000000e+00 0.000000000000000000e+00 0.000000000000000000e+00 0.000000000000000000e+00 9.129348121762629376e+01 0.000000000000000000e+00 0.000000000000000000e+00 0.000000000000000000e+00
9.577344613888743652e+02 1.557734461388883801e+03 0.000000000000000000e+00 9.117710413891212795e+01 0.000000000000000000e+00 0.000000000000000000e+00 0.000000000000000000e+00 0.000000000000000000e+00 0.000000000000000000e+00 0.000000000000000000e+00 0.000000000000000000e+00 0.000000000000000000e+00 0.000000000000000000e+00 0.000000000000000000e+00 0.000000000000000000e+00 9.128566517855240647e+01 0.000000000000000000e+00 0.000000000000000000e+00 0.000000000000000000e+00
1.842264970538280977e+03 9.577350243758614852e+02 0.000000000000000000e+00 8.470647149919621199e+01 0.000000000000000000e+00 0.000000000000000000e+00 0.000000000000000000e+00 0.000000000000000000e+00 0.000000000000000000e+00 0.000000000000000000e+00 0.000000000000000000e+00 0.000000000000000000e+00 0.000000000000000000e+00 0.000000000000000000e+00 0.000000000000000000e+00 8.479543039579795050e+01 0.000000000000000000e+00 0.000000000000000000e+00 0.000000000000000000e+00
1.842264969950657360e+03 8.422649699502796921e+02 0.000000000000000000e+00 8.466578132402403867e+01 0.000000000000000000e+00 0.000000000000000000e+00 0.000000000000000000e+00 0.000000000000000000e+00 0.000000000000000000e+00 0.000000000000000000e+00 0.000000000000000000e+00 0.000000000000000000e+00 0.000000000000000000e+00 0.000000000000000000e+00 0.000000000000000000e+00 8.483374964602522539e+01 0.000000000000000000e+00 0.000000000000000000e+00 0.000000000000000000e+00
1.957735026137811701e+03 9.577350261373593412e+02 0.000000000000000000e+00 8.475237426314366473e+01 0.000000000000000000e+00 0.000000000000000000e+00 0.000000000000000000e+00 0.000000000000000000e+00 0.000000000000000000e+00 0.000000000000000000e+00 0.000000000000000000e+00 0.000000000000000000e+00 0.000000000000000000e+00 0.000000000000000000e+00 0.000000000000000000e+00 8.483367512697033419e+01 0.000000000000000000e+00 0.000000000000000000e+00 0.000000000000000000e+00
1.957735026180001114e+03 8.422649723415669314e+02 0.000000000000000000e+00 8.471185464763088646e+01 0.000000000000000000e+00 0.000000000000000000e+00 0.000000000000000000e+00 0.000000000000000000e+00 0.000000000000000000e+00 0.000000000000000000e+00 0.000000000000000000e+00 0.000000000000000000e+00 0.000000000000000000e+00 0.000000000000000000e+00 0.000000000000000000e+00 8.487187574537922785e+01 0.000000000000000000e+00 0.000000000000000000e+00 0.000000000000000000e+00
8.422249677000496604e+02 1.042224967700143907e+03 0.000000000000000000e+00 9.183162339431461874e+01 0.000000000000000000e+00 0.000000000000000000e+00 0.000000000000000000e+00 0.000000000000000000e+00 0.000000000000000000e+00 0.000000000000000000e+00 0.000000000000000000e+00 0.000000000000000000e+00 0.000000000000000000e+00 0.000000000000000000e+00 0.000000000000000000e+00 9.183876889739710236e+01 0.000000000000000000e+00 0.000000000000000000e+00 0.000000000000000000e+00
9.577082988500585543e+02 1.042238245012262269e+03 0.000000000000000000e+00 9.183804680910515117e+01 0.000000000000000000e+00 0.000000000000000000e+00 0.000000000000000000e+00 0.000000000000000000e+00 0.000000000000000000e+00 0.000000000000000000e+00 0.000000000000000000e+00 0.000000000000000000e+00 0.000000000000000000e+00 0.000000000000000000e+00 0.000000000000000000e+00 9.183415060221130943e+01 0.000000000000000000e+00 0.000000000000000000e+00 0.000000000000000000e+00
8.422472554409390568e+02 1.157717309278918265e+03 0.000000000000000000e+00 9.177716520530267985e+01 0.000000000000000000e+00 0.000000000000000000e+00 0.000000000000000000e+00 0.000000000000000000e+00 0.000000000000000000e+00 0.000000000000000000e+00 0.000000000000000000e+00 0.000000000000000000e+00 0.000000000000000000e+00 0.000000000000000000e+00 0.000000000000000000e+00 9.175119349675034641e+01 0.000000000000000000e+00 0.000000000000000000e+00 0.000000000000000000e+00
9.577191841977476088e+02 1.157719184197826962e+03 0.000000000000000000e+00 9.178358658064846054e+01 0.000000000000000000e+00 0.000000000000000000e+00 0.000000000000000000e+00 0.000000000000000000e+00 0.000000000000000000e+00 0.000000000000000000e+00 0.000000000000000000e+00 0.000000000000000000e+00 0.000000000000000000e+00 0.000000000000000000e+00 0.000000000000000000e+00 9.174656675924904903e+01 0.000000000000000000e+00 0.000000000000000000e+00 0.000000000000000000e+00
5.577293702526949346e+02 1.357729370252690615e+03 0.000000000000000000e+00 9.162450590527654981e+01 0.000000000000000000e+00 0.000000000000000000e+00 0.000000000000000000e+00 0.000000000000000000e+00 0.000000000000000000e+00 0.000000000000000000e+00 0.000000000000000000e+00 0.000000000000000000e+00 0.000000000000000000e+00 0.000000000000000000e+00 0.000000000000000000e+00 9.178809973472692718e+01 0.000000000000000000e+00 0.000000000000000000e+00 0.000000000000000000e+00
4.422598202664635778e+02 1.357729874104390774e+03 0.000000000000000000e+00 9.160844905279161310e+01 0.000000000000000000e+00 0.000000000000000000e+00 0.000000000000000000e+00 0.000000000000000000e+00 0.000000000000000000e+00 0.000000000000000000e+00 0.000000000000000000e+00 0.000000000000000000e+00 0.000000000000000000e+00 0.000000000000000000e+00 0.000000000000000000e+00 9.179844258443206684e+01 0.000000000000000000e+00 0.000000000000000000e+00 0.000000000000000000e+00
5.577193494070423867e+02 1.242249295569115930e+03 0.000000000000000000e+00 9.165598939442286053e+01 0.000000000000000000e+00 0.000000000000000000e+00 0.000000000000000000e+00 0.000000000000000000e+00 0.000000000000000000e+00 0.000000000000000000e+00 0.000000000000000000e+00 0.000000000000000000e+00 0.000000000000000000e+00 0.000000000000000000e+00 0.000000000000000000e+00 9.185454117903556437e+01 0.000000000000000000e+00 0.000000000000000000e+00 0.000000000000000000e+00
4.422512743562772926e+02 1.242251274356273370e+03 0.000000000000000000e+00 9.163991667398028085e+01 0.000000000000000000e+00 0.000000000000000000e+00 0.000000000000000000e+00 0.000000000000000000e+00 0.000000000000000000e+00 0.000000000000000000e+00 0.000000000000000000e+00 0.000000000000000000e+00 0.000000000000000000e+00 0.000000000000000000e+00 0.000000000000000000e+00 9.186488629934916617e+01 0.000000000000000000e+00 0.000000000000000000e+00 0.000000000000000000e+00
1.957735026918372796e+03 1.842264973080390746e+03 0.000000000000000000e+00 8.832795099606339306e+01 0.000000000000000000e+00 0.000000000000000000e+00 0.000000000000000000e+00 0.000000000000000000e+00 0.000000000000000000e+00 0.000000000000000000e+00 0.000000000000000000e+00 0.000000000000000000e+00 0.000000000000000000e+00 0.000000000000000000e+00 0.000000000000000000e+00 8.419229124725526958e+01 0.000000000000000000e+00 0.000000000000000000e+00 0.000000000000000000e+00
1.957735026918055155e+03 1.957735026918042422e+03 0.000000000000000000e+00 9.161396869727118997e+01 0.000000000000000000e+00 0.000000000000000000e+00 0.000000000000000000e+00 0.000000000000000000e+00 0.000000000000000000e+00 0.000000000000000000e+00 0.000000000000000000e+00 0.000000000000000000e+00 0.000000000000000000e+00 0.000000000000000000e+00 0.000000000000000000e+00 8.233642399968476866e+01 0.000000000000000000e+00 0.000000000000000000e+00 0.000000000000000000e+00
1.842264973076032447e+03 1.842264973075993112e+03 0.000000000000000000e+00 8.800912763717127518e+01 0.000000000000000000e+00 0.000000000000000000e+00 0.000000000000000000e+00 0.000000000000000000e+00 0.000000000000000000e+00 0.000000000000000000e+00 0.000000000000000000e+00 0.000000000000000000e+00 0.000000000000000000e+00 0.000000000000000000e+00 0.000000000000000000e+00 8.452185656074863118e+01 0.000000000000000000e+00 0.000000000000000000e+00 0.000000000000000000e+00
1.842264973080455320e+03 1.957735026918358017e+03 0.000000000000000000e+00 9.130592879278668761e+01 0.000000000000000000e+00 0.000000000000000000e+00 0.000000000000000000e+00 0.000000000000000000e+00 0.000000000000000000e+00 0.000000000000000000e+00 0.000000000000000000e+00 0.000000000000000000e+00 0.000000000000000000e+00 0.000000000000000000e+00 0.000000000000000000e+00 8.266412244465675485e+01 0.000000000000000000e+00 0.000000000000000000e+00 0.000000000000000000e+00
1.564257459501664584e+02 2.409556921123066786e+02 0.000000000000000000e+00 8.713167842342089386e+01 0.000000000000000000e+00 0.000000000000000000e+00 0.000000000000000000e+00 0.000000000000000000e+00 0.000000000000000000e+00 0.000000000000000000e+00 0.000000000000000000e+00 0.000000000000000000e+00 0.000000000000000000e+00 0.000000000000000000e+00 0.000000000000000000e+00 8.534857288288453958e+01 0.000000000000000000e+00 0.000000000000000000e+00 0.000000000000000000e+00
1.561705492386605272e+02 3.561705492386927290e+02 0.000000000000000000e+00 8.628175296910312397e+01 0.000000000000000000e+00 0.000000000000000000e+00 0.000000000000000000e+00 0.000000000000000000e+00 0.000000000000000000e+00 0.000000000000000000e+00 0.000000000000000000e+00 0.000000000000000000e+00 0.000000000000000000e+00 0.000000000000000000e+00 0.000000000000000000e+00 8.477398005933372360e+01 0.000000000000000000e+00 0.000000000000000000e+00 0.000000000000000000e+00
4.187080127663831064e+01 2.418708012766397530e+02 0.000000000000000000e+00 8.738281856173321671e+01 0.000000000000000000e+00 0.000000000000000000e+00 0.000000000000000000e+00 0.000000000000000000e+00 0.000000000000000000e+00 0.000000000000000000e+00 0.000000000000000000e+00 0.000000000000000000e+00 0.000000000000000000e+00 0.000000000000000000e+00 0.000000000000000000e+00 8.514364993548767302e+01 0.000000000000000000e+00 0.000000000000000000e+00 0.000000000000000000e+00
4.188912357616874971e+01 3.573591774140894586e+02 0.000000000000000000e+00 8.653983491646924620e+01 0.000000000000000000e+00 0.000000000000000000e+00 0.000000000000000000e+00 0.000000000000000000e+00 0.000000000000000000e+00 0.000000000000000000e+00 0.000000000000000000e+00 0.000000000000000000e+00 0.000000000000000000e+00 0.000000000000000000e+00 0.000000000000000000e+00 8.456528965345813731e+01 0.000000000000000000e+00 0.000000000000000000e+00 0.000000000000000000e+00
1.357734405988349181e+03 1.242264352150466266e+03 0.000000000000000000e+00 9.189401302057268595e+01 0.000000000000000000e+00 0.000000000000000000e+00 0.000000000000000000e+00 0.000000000000000000e+00 0.000000000000000000e+00 0.000000000000000000e+00 0.000000000000000000e+00 0.000000000000000000e+00 0.000000000000000000e+00 0.000000000000000000e+00 0.000000000000000000e+00 9.187769983448271205e+01 0.000000000000000000e+00 0.000000000000000000e+00 0.000000000000000000e+00
1.357734619288208478e+03 1.357734619288235535e+03 0.000000000000000000e+00 9.175294443279949519e+01 0.000000000000000000e+00 0.000000000000000000e+00 0.000000000000000000e+00 0.000000000000000000e+00 0.000000000000000000e+00 0.000000000000000000e+00 0.000000000000000000e+00 0.000000000000000000e+00 0.000000000000000000e+00 0.000000000000000000e+00 0.000000000000000000e+00 9.173630652637865524e+01 0.000000000000000000e+00 0.000000000000000000e+00 0.000000000000000000e+00
1.242263278000882110e+03 1.242263278000949867e+03 0.000000000000000000e+00 9.188740506316578660e+01 0.000000000000000000e+00 0.000000000000000000e+00 0.000000000000000000e+00 0.000000000000000000e+00 0.000000000000000000e+00 0.000000000000000000e+00 0.000000000000000000e+00 0.000000000000000000e+00 0.000000000000000000e+00 0.000000000000000000e+00 0.000000000000000000e+00 9.190094343243160324e+01 0.000000000000000000e+00 0.000000000000000000e+00 0.000000000000000000e+00
1.242264446426392624e+03 1.357734500264358985e+03 0.000000000000000000e+00 9.174632681745482898e+01 0.000000000000000000e+00 0.000000000000000000e+00 0.000000000000000000e+00 0.000000000000000000e+00 0.000000000000000000e+00 0.000000000000000000e+00 0.000000000000000000e+00 0.000000000000000000e+00 0.000000000000000000e+00 0.000000000000000000e+00 0.000000000000000000e+00 9.175953929821450572e+01 0.000000000000000000e+00 0.000000000000000000e+00 0.000000000000000000e+00
1.157712644601490638e+03 2.422425907639924958e+02 0.000000000000000000e+00 9.130750466333273607e+01 0.000000000000000000e+00 0.000000000000000000e+00 0.000000000000000000e+00 0.000000000000000000e+00 0.000000000000000000e+00 0.000000000000000000e+00 0.000000000000000000e+00 0.000000000000000000e+00 0.000000000000000000e+00 0.000000000000000000e+00 0.000000000000000000e+00 9.161603960130651103e+01 0.000000000000000000e+00 0.000000000000000000e+00 0.000000000000000000e+00
1.157709073714489477e+03 3.577090737149350730e+02 0.000000000000000000e+00 9.131371725262808070e+01 0.000000000000000000e+00 0.000000000000000000e+00 0.000000000000000000e+00 0.000000000000000000e+00 0.000000000000000000e+00 0.000000000000000000e+00 0.000000000000000000e+00 0.000000000000000000e+00 0.000000000000000000e+00 0.000000000000000000e+00 0.000000000000000000e+00 9.150924083746672011e+01 0.000000000000000000e+00 0.000000000000000000e+00 0.000000000000000000e+00
1.042214773577392634e+03 2.422147735778796687e+02 0.000000000000000000e+00 9.131459708660534602e+01 0.000000000000000000e+00 0.000000000000000000e+00 0.000000000000000000e+00 0.000000000000000000e+00 0.000000000000000000e+00 0.000000000000000000e+00 0.000000000000000000e+00 0.000000000000000000e+00 0.000000000000000000e+00 0.000000000000000000e+00 0.000000000000000000e+00 9.160353562485232715e+01 0.000000000000000000e+00 0.000000000000000000e+00 0.000000000000000000e+00
1.042193105520583686e+03 3.576631593589928002e+02 0.000000000000000000e+00 9.132081311574577853e+01 0.000000000000000000e+00 0.000000000000000000e+00 0.000000000000000000e+00 0.000000000000000000e+00 0.000000000000000000e+00 0.000000000000000000e+00 0.000000000000000000e+00 0.000000000000000000e+00 0.000000000000000000e+00 0.000000000000000000e+00 0.000000000000000000e+00 9.149671235448599305e+01 0.000000000000000000e+00 0.000000000000000000e+00 0.000000000000000000e+00
1.757734979887721238e+03 6.422649260494920327e+02 0.000000000000000000e+00 9.334529389678500877e+01 0.000000000000000000e+00 0.000000000000000000e+00 0.000000000000000000e+00 0.000000000000000000e+00 0.000000000000000000e+00 0.000000000000000000e+00 0.000000000000000000e+00 0.000000000000000000e+00 0.000000000000000000e+00 0.000000000000000000e+00 0.000000000000000000e+00 9.393343829490694930e+01 0.000000000000000000e+00 0.000000000000000000e+00 0.000000000000000000e+00
1.757734976833816745e+03 7.577349768335251383e+02 0.000000000000000000e+00 9.338601438868593618e+01 0.000000000000000000e+00 0.000000000000000000e+00 0.000000000000000000e+00 0.000000000000000000e+00 0.000000000000000000e+00 0.000000000000000000e+00 0.000000000000000000e+00 0.000000000000000000e+00 0.000000000000000000e+00 0.000000000000000000e+00 0.000000000000000000e+00 9.379306422176026103e+01 0.000000000000000000e+00 0.000000000000000000e+00 0.000000000000000000e+00
1.642264784358558927e+03 6.422647843584263683e+02 0.000000000000000000e+00 9.330921798008212420e+01 0.000000000000000000e+00 0.000000000000000000e+00 0.000000000000000000e+00 0.000000000000000000e+00 0.000000000000000000e+00 0.000000000000000000e+00 0.000000000000000000e+00 0.000000000000000000e+00 0.000000000000000000e+00 0.000000000000000000e+00 0.000000000000000000e+00 9.390287533366063144e+01 0.000000000000000000e+00 0.000000000000000000e+00 0.000000000000000000e+00
1.642264819133649326e+03 7.577348729714312867e+02 0.000000000000000000e+00 9.335004887718901045e+01 0.000000000000000000e+00 0.000000000000000000e+00 0.000000000000000000e+00 0.000000000000000000e+00 0.000000000000000000e+00 0.000000000000000000e+00 0.000000000000000000e+00 0.000000000000000000e+00 0.000000000000000000e+00 0.000000000000000000e+00 0.000000000000000000e+00 9.376240510833173403e+01 0.000000000000000000e+00 0.000000000000000000e+00 0.000000000000000000e+00
4.422366710392904565e+02 1.157706724877214356e+03 0.000000000000000000e+00 9.171314117796322307e+01 0.000000000000000000e+00 0.000000000000000000e+00 0.000000000000000000e+00 0.000000000000000000e+00 0.000000000000000000e+00 0.000000000000000000e+00 0.000000000000000000e+00 0.000000000000000000e+00 0.000000000000000000e+00 0.000000000000000000e+00 0.000000000000000000e+00 9.183728160978444066e+01 0.000000000000000000e+00 0.000000000000000000e+00 0.000000000000000000e+00
4.422044293675174913e+02 1.042204429367514194e+03 0.000000000000000000e+00 9.176160489644003349e+01 0.000000000000000000e+00 0.000000000000000000e+00 0.000000000000000000e+00 0.000000000000000000e+00 0.000000000000000000e+00 0.000000000000000000e+00 0.000000000000000000e+00 0.000000000000000000e+00 0.000000000000000000e+00 0.000000000000000000e+00 0.000000000000000000e+00 9.182491050893005990e+01 0.000000000000000000e+00 0.000000000000000000e+00 0.000000000000000000e+00
5.577046452332965600e+02 1.157704645233296105e+03 0.000000000000000000e+00 9.169386451361292245e+01 0.000000000000000000e+00 0.000000000000000000e+00 0.000000000000000000e+00 0.000000000000000000e+00 0.000000000000000000e+00 0.000000000000000000e+00 0.000000000000000000e+00 0.000000000000000000e+00 0.000000000000000000e+00 0.000000000000000000e+00 0.000000000000000000e+00 9.181870867368471067e+01 0.000000000000000000e+00 0.000000000000000000e+00 0.000000000000000000e+00
5.576753841071846409e+02 1.042205330269275237e+03 0.000000000000000000e+00 9.174236354722938813e+01 0.000000000000000000e+00 0.000000000000000000e+00 0.000000000000000000e+00 0.000000000000000000e+00 0.000000000000000000e+00 0.000000000000000000e+00 0.000000000000000000e+00 0.000000000000000000e+00 0.000000000000000000e+00 0.000000000000000000e+00 0.000000000000000000e+00 9.180630945718513658e+01 0.000000000000000000e+00 0.000000000000000000e+00 0.000000000000000000e+00
6.420750899609975022e+02 8.420750899611133491e+02 0.000000000000000000e+00 9.191208606160543582e+01 0.000000000000000000e+00 0.000000000000000000e+00 0.000000000000000000e+00 0.000000000000000000e+00 0.000000000000000000e+00 0.000000000000000000e+00 0.000000000000000000e+00 0.000000000000000000e+00 0.000000000000000000e+00 0.000000000000000000e+00 0.000000000000000000e+00 9.193206080951352988e+01 0.000000000000000000e+00 0.000000000000000000e+00 0.000000000000000000e+00
7.576048868753817942e+02 8.421348330376284821e+02 0.000000000000000000e+00 9.190340270292134051e+01 0.000000000000000000e+00 0.000000000000000000e+00 0.000000000000000000e+00 0.000000000000000000e+00 0.000000000000000000e+00 0.000000000000000000e+00 0.000000000000000000e+00 0.000000000000000000e+00 0.000000000000000000e+00 0.000000000000000000e+00 0.000000000000000000e+00 9.193333225942748754e+01 0.000000000000000000e+00 0.000000000000000000e+00 0.000000000000000000e+00
6.421736151495447302e+02 9.576436689875323509e+02 0.000000000000000000e+00 9.198001066049272367e+01 0.000000000000000000e+00 0.000000000000000000e+00 0.000000000000000000e+00 0.000000000000000000e+00 0.000000000000000000e+00 0.000000000000000000e+00 0.000000000000000000e+00 0.000000000000000000e+00 0.000000000000000000e+00 0.000000000000000000e+00 0.000000000000000000e+00 9.196543517794759737e+01 0.000000000000000000e+00 0.000000000000000000e+00 0.000000000000000000e+00
7.576520446104873372e+02 9.576520446105915880e+02 0.000000000000000000e+00 9.197134046437369648e+01 0.000000000000000000e+00 0.000000000000000000e+00 0.000000000000000000e+00 0.000000000000000000e+00 0.000000000000000000e+00 0.000000000000000000e+00 0.000000000000000000e+00 0.000000000000000000e+00 0.000000000000000000e+00 0.000000000000000000e+00 0.000000000000000000e+00 9.196671376715089252e+01 0.000000000000000000e+00 0.000000000000000000e+00 0.000000000000000000e+00
7.576900647280968997e+02 1.042220010890245248e+03 0.000000000000000000e+00 9.196117614630321668e+01 0.000000000000000000e+00 0.000000000000000000e+00 0.000000000000000000e+00 0.000000000000000000e+00 0.000000000000000000e+00 0.000000000000000000e+00 0.000000000000000000e+00 0.000000000000000000e+00 0.000000000000000000e+00 0.000000000000000000e+00 0.000000000000000000e+00 9.197620068190238385e+01 0.000000000000000000e+00 0.000000000000000000e+00 0.000000000000000000e+00
7.577109747352599243e+02 1.157710974735290620e+03 0.000000000000000000e+00 9.192791043878472124e+01 0.000000000000000000e+00 0.000000000000000000e+00 0.000000000000000000e+00 0.000000000000000000e+00 0.000000000000000000e+00 0.000000000000000000e+00 0.000000000000000000e+00 0.000000000000000000e+00 0.000000000000000000e+00 0.000000000000000000e+00 0.000000000000000000e+00 9.190685888827806593e+01 0.000000000000000000e+00 0.000000000000000000e+00 0.000000000000000000e+00
6.422075803820237070e+02 1.042207580382052356e+03 0.000000000000000000e+00 9.196005482610627269e+01 0.000000000000000000e+00 0.000000000000000000e+00 0.000000000000000000e+00 0.000000000000000000e+00 0.000000000000000000e+00 0.000000000000000000e+00 0.000000000000000000e+00 0.000000000000000000e+00 0.000000000000000000e+00 0.000000000000000000e+00 0.000000000000000000e+00 9.198470796123888249e+01 0.000000000000000000e+00 0.000000000000000000e+00 0.000000000000000000e+00
6.422376550850502781e+02 1.157707708922991060e+03 0.000000000000000000e+00 9.192678984497668182e+01 0.000000000000000000e+00 0.000000000000000000e+00 0.000000000000000000e+00 0.000000000000000000e+00 0.000000000000000000e+00 0.000000000000000000e+00 0.000000000000000000e+00 0.000000000000000000e+00 0.000000000000000000e+00 0.000000000000000000e+00 0.000000000000000000e+00 9.191536953445013580e+01 0.000000000000000000e+00 0.000000000000000000e+00 0.000000000000000000e+00
1.642264971917458297e+03 1.557735025755329389e+03 0.000000000000000000e+00 9.406002180260382772e+01 0.000000000000000000e+00 0.000000000000000000e+00 0.000000000000000000e+00 0.000000000000000000e+00 0.000000000000000000e+00 0.000000000000000000e+00 0.000000000000000000e+00 0.000000000000000000e+00 0.000000000000000000e+00 0.000000000000000000e+00 0.000000000000000000e+00 9.345473804197899881e+01 0.000000000000000000e+00 0.000000000000000000e+00 0.000000000000000000e+00
1.642264968619625279e+03 1.442264968619562296e+03 0.000000000000000000e+00 9.400547491477804840e+01 0.000000000000000000e+00 0.000000000000000000e+00 0.000000000000000000e+00 0.000000000000000000e+00 0.000000000000000000e+00 0.000000000000000000e+00 0.000000000000000000e+00 0.000000000000000000e+00 0.000000000000000000e+00 0.000000000000000000e+00 0.000000000000000000e+00 9.328817222031736378e+01 0.000000000000000000e+00 0.000000000000000000e+00 0.000000000000000000e+00
1.757735026000974131e+03 1.557735026000893185e+03 0.000000000000000000e+00 9.407967746963289812e+01 0.000000000000000000e+00 0.000000000000000000e+00 0.000000000000000000e+00 0.000000000000000000e+00 0.000000000000000000e+00 0.000000000000000000e+00 0.000000000000000000e+00 0.000000000000000000e+00 0.000000000000000000e+00 0.000000000000000000e+00 0.000000000000000000e+00 9.339573551655387007e+01 0.000000000000000000e+00 0.000000000000000000e+00 0.000000000000000000e+00
1.757735026061279314e+03 1.442264972223241102e+03 0.000000000000000000e+00 9.402516708402517054e+01 0.000000000000000000e+00 0.000000000000000000e+00 0.000000000000000000e+00 0.000000000000000000e+00 0.000000000000000000e+00 0.000000000000000000e+00 0.000000000000000000e+00 0.000000000000000000e+00 0.000000000000000000e+00 0.000000000000000000e+00 0.000000000000000000e+00 9.322883641343564420e+01 0.000000000000000000e+00 0.000000000000000000e+00 0.000000000000000000e+00
1.442264345548047231e+03 1.157734399385991992e+03 0.000000000000000000e+00 9.181575469571669146e+01 0.000000000000000000e+00 0.000000000000000000e+00 0.000000000000000000e+00 0.000000000000000000e+00 0.000000000000000000e+00 0.000000000000000000e+00 0.000000000000000000e+00 0.000000000000000000e+00 0.000000000000000000e+00 0.000000000000000000e+00 0.000000000000000000e+00 9.169573835795981154e+01 0.000000000000000000e+00 0.000000000000000000e+00 0.000000000000000000e+00
1.442263049525592578e+03 1.042263049525633960e+03 0.000000000000000000e+00 9.180138588461677784e+01 0.000000000000000000e+00 0.000000000000000000e+00 0.000000000000000000e+00 0.000000000000000000e+00 0.000000000000000000e+00 0.000000000000000000e+00 0.000000000000000000e+00 0.000000000000000000e+00 0.000000000000000000e+00 0.000000000000000000e+00 0.000000000000000000e+00 9.174388457481406078e+01 0.000000000000000000e+00 0.000000000000000000e+00 0.000000000000000000e+00
1.557734583636964089e+03 1.157734583636921343e+03 0.000000000000000000e+00 9.183435641018951401e+01 0.000000000000000000e+00 0.000000000000000000e+00 0.000000000000000000e+00 0.000000000000000000e+00 0.000000000000000000e+00 0.000000000000000000e+00 0.000000000000000000e+00 0.000000000000000000e+00 0.000000000000000000e+00 0.000000000000000000e+00 0.000000000000000000e+00 9.171499470546729071e+01 0.000000000000000000e+00 0.000000000000000000e+00 0.000000000000000000e+00
1.557734596401508725e+03 1.042264542563534405e+03 0.000000000000000000e+00 9.182001593648232074e+01 0.000000000000000000e+00 0.000000000000000000e+00 0.000000000000000000e+00 0.000000000000000000e+00 0.000000000000000000e+00 0.000000000000000000e+00 0.000000000000000000e+00 0.000000000000000000e+00 0.000000000000000000e+00 0.000000000000000000e+00 0.000000000000000000e+00 9.176310676258955823e+01 0.000000000000000000e+00 0.000000000000000000e+00 0.000000000000000000e+00
1.242247019428714111e+03 6.422470194290308427e+02 0.000000000000000000e+00 9.175670995605410951e+01 0.000000000000000000e+00 0.000000000000000000e+00 0.000000000000000000e+00 0.000000000000000000e+00 0.000000000000000000e+00 0.000000000000000000e+00 0.000000000000000000e+00 0.000000000000000000e+00 0.000000000000000000e+00 0.000000000000000000e+00 0.000000000000000000e+00 9.174607615322661047e+01 0.000000000000000000e+00 0.000000000000000000e+00 0.000000000000000000e+00
1.357728519425897503e+03 6.422584655881912568e+02 0.000000000000000000e+00 9.173337586702555768e+01 0.000000000000000000e+00 0.000000000000000000e+00 0.000000000000000000e+00 0.000000000000000000e+00 0.000000000000000000e+00 0.000000000000000000e+00 0.000000000000000000e+00 0.000000000000000000e+00 0.000000000000000000e+00 0.000000000000000000e+00 0.000000000000000000e+00 9.175260724964321923e+01 0.000000000000000000e+00 0.000000000000000000e+00 0.000000000000000000e+00
1.242249866488225734e+03 7.577199203264027574e+02 0.000000000000000000e+00 9.189799097658389826e+01 0.000000000000000000e+00 0.000000000000000000e+00 0.000000000000000000e+00 0.000000000000000000e+00 0.000000000000000000e+00 0.000000000000000000e+00 0.000000000000000000e+00 0.000000000000000000e+00 0.000000000000000000e+00 0.000000000000000000e+00 0.000000000000000000e+00 9.188827172069130711e+01 0.000000000000000000e+00 0.000000000000000000e+00 0.000000000000000000e+00
1.357728037236337968e+03 7.577280372365236190e+02 0.000000000000000000e+00 9.187464682469710908e+01 0.000000000000000000e+00 0.000000000000000000e+00 0.000000000000000000e+00 0.000000000000000000e+00 0.000000000000000000e+00 0.000000000000000000e+00 0.000000000000000000e+00 0.000000000000000000e+00 0.000000000000000000e+00 0.000000000000000000e+00 0.000000000000000000e+00 9.189479458251045685e+01 0.000000000000000000e+00 0.000000000000000000e+00 0.000000000000000000e+00
2.405349881813147022e+02 4.405349881813684192e+02 0.000000000000000000e+00 9.408006323645176394e+01 0.000000000000000000e+00 0.000000000000000000e+00 0.000000000000000000e+00 0.000000000000000000e+00 0.000000000000000000e+00 0.000000000000000000e+00 0.000000000000000000e+00 0.000000000000000000e+00 0.000000000000000000e+00 0.000000000000000000e+00 0.000000000000000000e+00 9.337831765497706726e+01 0.000000000000000000e+00 0.000000000000000000e+00 0.000000000000000000e+00
3.563615158681365642e+02 4.408914620303358447e+02 0.000000000000000000e+00 9.405991315968637423e+01 0.000000000000000000e+00 0.000000000000000000e+00 0.000000000000000000e+00 0.000000000000000000e+00 0.000000000000000000e+00 0.000000000000000000e+00 0.000000000000000000e+00 0.000000000000000000e+00 0.000000000000000000e+00 0.000000000000000000e+00 0.000000000000000000e+00 9.343698786959210167e+01 0.000000000000000000e+00 0.000000000000000000e+00 0.000000000000000000e+00
2.411916331339882618e+02 5.566616869719453007e+02 0.000000000000000000e+00 9.402549246303469488e+01 0.000000000000000000e+00 0.000000000000000000e+00 0.000000000000000000e+00 0.000000000000000000e+00 0.000000000000000000e+00 0.000000000000000000e+00 0.000000000000000000e+00 0.000000000000000000e+00 0.000000000000000000e+00 0.000000000000000000e+00 0.000000000000000000e+00 9.323078319108643086e+01 0.000000000000000000e+00 0.000000000000000000e+00 0.000000000000000000e+00
3.567120400570634615e+02 5.567120400571482151e+02 0.000000000000000000e+00 9.400520475205316018e+01 0.000000000000000000e+00 0.000000000000000000e+00 0.000000000000000000e+00 0.000000000000000000e+00 0.000000000000000000e+00 0.000000000000000000e+00 0.000000000000000000e+00 0.000000000000000000e+00 0.000000000000000000e+00 0.000000000000000000e+00 0.000000000000000000e+00 9.328965624525585554e+01 0.000000000000000000e+00 0.000000000000000000e+00 0.000000000000000000e+00
1.357735021744051210e+03 1.757735021744037795e+03 0.000000000000000000e+00 9.194679208314279606e+01 0.000000000000000000e+00 0.000000000000000000e+00 0.000000000000000000e+00 0.000000000000000000e+00 0.000000000000000000e+00 0.000000000000000000e+00 0.000000000000000000e+00 0.000000000000000000e+00 0.000000000000000000e+00 0.000000000000000000e+00 0.000000000000000000e+00 9.105901207624074800e+01 0.000000000000000000e+00 0.000000000000000000e+00 0.000000000000000000e+00
1.242264968855136431e+03 1.757735022693047767e+03 0.000000000000000000e+00 9.192929281115098661e+01 0.000000000000000000e+00 0.000000000000000000e+00 0.000000000000000000e+00 0.000000000000000000e+00 0.000000000000000000e+00 0.000000000000000000e+00 0.000000000000000000e+00 0.000000000000000000e+00 0.000000000000000000e+00 0.000000000000000000e+00 0.000000000000000000e+00 9.106461822586760491e+01 0.000000000000000000e+00 0.000000000000000000e+00 0.000000000000000000e+00
1.357735018869155056e+03 1.642264965031225074e+03 0.000000000000000000e+00 9.183922152399003380e+01 0.000000000000000000e+00 0.000000000000000000e+00 0.000000000000000000e+00 0.000000000000000000e+00 0.000000000000000000e+00 0.000000000000000000e+00 0.000000000000000000e+00 0.000000000000000000e+00 0.000000000000000000e+00 0.000000000000000000e+00 0.000000000000000000e+00 9.125401825790012822e+01 0.000000000000000000e+00 0.000000000000000000e+00 0.000000000000000000e+00
1.242264948557261732e+03 1.642264948557266507e+03 0.000000000000000000e+00 9.182168986220055729e+01 0.000000000000000000e+00 0.000000000000000000e+00 0.000000000000000000e+00 0.000000000000000000e+00 0.000000000000000000e+00 0.000000000000000000e+00 0.000000000000000000e+00 0.000000000000000000e+00 0.000000000000000000e+00 0.000000000000000000e+00 0.000000000000000000e+00 9.125960601881655521e+01 0.000000000000000000e+00 0.000000000000000000e+00 0.000000000000000000e+00
9.576143409387966585e+02 5.576143409392362855e+02 0.000000000000000000e+00 9.143387564103807108e+01 0.000000000000000000e+00 0.000000000000000000e+00 0.000000000000000000e+00 0.000000000000000000e+00 0.000000000000000000e+00 0.000000000000000000e+00 0.000000000000000000e+00 0.000000000000000000e+00 0.000000000000000000e+00 0.000000000000000000e+00 0.000000000000000000e+00 9.140455132795725035e+01 0.000000000000000000e+00 0.000000000000000000e+00 0.000000000000000000e+00
8.420506164053877001e+02 5.575206702436975092e+02 0.000000000000000000e+00 9.144187147832830931e+01 0.000000000000000000e+00 0.000000000000000000e+00 0.000000000000000000e+00 0.000000000000000000e+00 0.000000000000000000e+00 0.000000000000000000e+00 0.000000000000000000e+00 0.000000000000000000e+00 0.000000000000000000e+00 0.000000000000000000e+00 0.000000000000000000e+00 9.139313504937976518e+01 0.000000000000000000e+00 0.000000000000000000e+00 0.000000000000000000e+00
9.576070809208666788e+02 4.421370270834152052e+02 0.000000000000000000e+00 9.128504693581703577e+01 0.000000000000000000e+00 0.000000000000000000e+00 0.000000000000000000e+00 0.000000000000000000e+00 0.000000000000000000e+00 0.000000000000000000e+00 0.000000000000000000e+00 0.000000000000000000e+00 0.000000000000000000e+00 0.000000000000000000e+00 0.000000000000000000e+00 9.117557504108492594e+01 0.000000000000000000e+00 0.000000000000000000e+00 0.000000000000000000e+00
8.420107569296209249e+02 4.420107569300740238e+02 0.000000000000000000e+00 9.129307403890439332e+01 0.000000000000000000e+00 0.000000000000000000e+00 0.000000000000000000e+00 0.000000000000000000e+00 0.000000000000000000e+00 0.000000000000000000e+00 0.000000000000000000e+00 0.000000000000000000e+00 0.000000000000000000e+00 0.000000000000000000e+00 0.000000000000000000e+00 9.116416567796150616e+01 0.000000000000000000e+00 0.000000000000000000e+00 0.000000000000000000e+00
1.842264970644526102e+03 5.577350244820629541e+02 0.000000000000000000e+00 8.457739779009234837e+01 0.000000000000000000e+00 0.000000000000000000e+00 0.000000000000000000e+00 0.000000000000000000e+00 0.000000000000000000e+00 0.000000000000000000e+00 0.000000000000000000e+00 0.000000000000000000e+00 0.000000000000000000e+00 0.000000000000000000e+00 0.000000000000000000e+00 8.549837850672159334e+01 0.000000000000000000e+00 0.000000000000000000e+00 0.000000000000000000e+00
1.842264971110865417e+03 4.422649711105184451e+02 0.000000000000000000e+00 8.460605182354208864e+01 0.000000000000000000e+00 0.000000000000000000e+00 0.000000000000000000e+00 0.000000000000000000e+00 0.000000000000000000e+00 0.000000000000000000e+00 0.000000000000000000e+00 0.000000000000000000e+00 0.000000000000000000e+00 0.000000000000000000e+00 0.000000000000000000e+00 8.558199471595382590e+01 0.000000000000000000e+00 0.000000000000000000e+00 0.000000000000000000e+00
1.957735026345319739e+03 5.577350263447635825e+02 0.000000000000000000e+00 8.470984612292673432e+01 0.000000000000000000e+00 0.000000000000000000e+00 0.000000000000000000e+00 0.000000000000000000e+00 0.000000000000000000e+00 0.000000000000000000e+00 0.000000000000000000e+00 0.000000000000000000e+00 0.000000000000000000e+00 0.000000000000000000e+00 0.000000000000000000e+00 8.551120132674232366e+01 0.000000000000000000e+00 0.000000000000000000e+00 0.000000000000000000e+00
1.957735026311838055e+03 4.422649724734981760e+02 0.000000000000000000e+00 8.473979434681655221e+01 0.000000000000000000e+00 0.000000000000000000e+00 0.000000000000000000e+00 0.000000000000000000e+00 0.000000000000000000e+00 0.000000000000000000e+00 0.000000000000000000e+00 0.000000000000000000e+00 0.000000000000000000e+00 0.000000000000000000e+00 0.000000000000000000e+00 8.559480048549990272e+01 0.000000000000000000e+00 0.000000000000000000e+00 0.000000000000000000e+00
1.042262655160593567e+03 1.357732708998559474e+03 0.000000000000000000e+00 9.151560563329562115e+01 0.000000000000000000e+00 0.000000000000000000e+00 0.000000000000000000e+00 0.000000000000000000e+00 0.000000000000000000e+00 0.000000000000000000e+00 0.000000000000000000e+00 0.000000000000000000e+00 0.000000000000000000e+00 0.000000000000000000e+00 0.000000000000000000e+00 9.152518670226618269e+01 0.000000000000000000e+00 0.000000000000000000e+00 0.000000000000000000e+00
1.042258640503661127e+03 1.242258640503727065e+03 0.000000000000000000e+00 9.170037112483674946e+01 0.000000000000000000e+00 0.000000000000000000e+00 0.000000000000000000e+00 0.000000000000000000e+00 0.000000000000000000e+00 0.000000000000000000e+00 0.000000000000000000e+00 0.000000000000000000e+00 0.000000000000000000e+00 0.000000000000000000e+00 0.000000000000000000e+00 9.174083336772272901e+01 0.000000000000000000e+00 0.000000000000000000e+00 0.000000000000000000e+00
1.157733342655880051e+03 1.357733342655926663e+03 0.000000000000000000e+00 9.152385064074337606e+01 0.000000000000000000e+00 0.000000000000000000e+00 0.000000000000000000e+00 0.000000000000000000e+00 0.000000000000000000e+00 0.000000000000000000e+00 0.000000000000000000e+00 0.000000000000000000e+00 0.000000000000000000e+00 0.000000000000000000e+00 0.000000000000000000e+00 9.151126510010497839e+01 0.000000000000000000e+00 0.000000000000000000e+00 0.000000000000000000e+00
1.157732447155527780e+03 1.242262393317675105e+03 0.000000000000000000e+00 9.170860100907438550e+01 0.000000000000000000e+00 0.000000000000000000e+00 0.000000000000000000e+00 0.000000000000000000e+00 0.000000000000000000e+00 0.000000000000000000e+00 0.000000000000000000e+00 0.000000000000000000e+00 0.000000000000000000e+00 0.000000000000000000e+00 0.000000000000000000e+00 9.172693736293426525e+01 0.000000000000000000e+00 0.000000000000000000e+00 0.000000000000000000e+00
1.442264584123298846e+03 1.242264584123316126e+03 0.000000000000000000e+00 9.185245683993690591e+01 0.000000000000000000e+00 0.000000000000000000e+00 0.000000000000000000e+00 0.000000000000000000e+00 0.000000000000000000e+00 0.000000000000000000e+00 0.000000000000000000e+00 0.000000000000000000e+00 0.000000000000000000e+00 0.000000000000000000e+00 0.000000000000000000e+00 9.165791645078033412e+01 0.000000000000000000e+00 0.000000000000000000e+00 0.000000000000000000e+00
1.557734928702414891e+03 1.242264874864441254e+03 0.000000000000000000e+00 9.186276011441904643e+01 0.000000000000000000e+00 0.000000000000000000e+00 0.000000000000000000e+00 0.000000000000000000e+00 0.000000000000000000e+00 0.000000000000000000e+00 0.000000000000000000e+00 0.000000000000000000e+00 0.000000000000000000e+00 0.000000000000000000e+00 0.000000000000000000e+00 9.164186658448916489e+01 0.000000000000000000e+00 0.000000000000000000e+00 0.000000000000000000e+00
1.442264880222539432e+03 1.357734934060463729e+03 0.000000000000000000e+00 9.178688750301571986e+01 0.000000000000000000e+00 0.000000000000000000e+00 0.000000000000000000e+00 0.000000000000000000e+00 0.000000000000000000e+00 0.000000000000000000e+00 0.000000000000000000e+00 0.000000000000000000e+00 0.000000000000000000e+00 0.000000000000000000e+00 0.000000000000000000e+00 9.162661204499528367e+01 0.000000000000000000e+00 0.000000000000000000e+00 0.000000000000000000e+00
1.557734943881316894e+03 1.357734943881279605e+03 0.000000000000000000e+00 9.179718887092664659e+01 0.000000000000000000e+00 0.000000000000000000e+00 0.000000000000000000e+00 0.000000000000000000e+00 0.000000000000000000e+00 0.000000000000000000e+00 0.000000000000000000e+00 0.000000000000000000e+00 0.000000000000000000e+00 0.000000000000000000e+00 0.000000000000000000e+00 9.161057805564857404e+01 0.000000000000000000e+00 0.000000000000000000e+00 0.000000000000000000e+00
9.576994824867707621e+02 4.222942864933761342e+01 0.000000000000000000e+00 9.126725032299790996e+01 0.000000000000000000e+00 0.000000000000000000e+00 0.000000000000000000e+00 0.000000000000000000e+00 0.000000000000000000e+00 0.000000000000000000e+00 0.000000000000000000e+00 0.000000000000000000e+00 0.000000000000000000e+00 0.000000000000000000e+00 0.000000000000000000e+00 9.083896574125614620e+01 0.000000000000000000e+00 0.000000000000000000e+00 0.000000000000000000e+00
9.576748949781029978e+02 1.576748949786151002e+02 0.000000000000000000e+00 9.094928922898867540e+01 0.000000000000000000e+00 0.000000000000000000e+00 0.000000000000000000e+00 0.000000000000000000e+00 0.000000000000000000e+00 0.000000000000000000e+00 0.000000000000000000e+00 0.000000000000000000e+00 0.000000000000000000e+00 0.000000000000000000e+00 0.000000000000000000e+00 9.056505106313682063e+01 0.000000000000000000e+00 0.000000000000000000e+00 0.000000000000000000e+00
8.422376416319665395e+02 4.223764163251745885e+01 0.000000000000000000e+00 9.128094893787594799e+01 0.000000000000000000e+00 0.000000000000000000e+00 0.000000000000000000e+00 0.000000000000000000e+00 0.000000000000000000e+00 0.000000000000000000e+00 0.000000000000000000e+00 0.000000000000000000e+00 0.000000000000000000e+00 0.000000000000000000e+00 0.000000000000000000e+00 9.083655651264503206e+01 0.000000000000000000e+00 0.000000000000000000e+00 0.000000000000000000e+00
8.420904490413188341e+02 1.575605028797592126e+02 0.000000000000000000e+00 9.096282247532967347e+01 0.000000000000000000e+00 0.000000000000000000e+00 0.000000000000000000e+00 0.000000000000000000e+00 0.000000000000000000e+00 0.000000000000000000e+00 0.000000000000000000e+00 0.000000000000000000e+00 0.000000000000000000e+00 0.000000000000000000e+00 0.000000000000000000e+00 9.056252068037689185e+01 0.000000000000000000e+00 0.000000000000000000e+00 0.000000000000000000e+00
1.642264962956603085e+03 1.357735016794447347e+03 0.000000000000000000e+00 9.390299567681407211e+01 0.000000000000000000e+00 0.000000000000000000e+00 0.000000000000000000e+00 0.000000000000000000e+00 0.000000000000000000e+00 0.000000000000000000e+00 0.000000000000000000e+00 0.000000000000000000e+00 0.000000000000000000e+00 0.000000000000000000e+00 0.000000000000000000e+00 9.331095334008600162e+01 0.000000000000000000e+00 0.000000000000000000e+00 0.000000000000000000e+00
1.642264926426211559e+03 1.242264926426123338e+03 0.000000000000000000e+00 9.376217060478965948e+01 0.000000000000000000e+00 0.000000000000000000e+00 0.000000000000000000e+00 0.000000000000000000e+00 0.000000000000000000e+00 0.000000000000000000e+00 0.000000000000000000e+00 0.000000000000000000e+00 0.000000000000000000e+00 0.000000000000000000e+00 0.000000000000000000e+00 9.335169465960747459e+01 0.000000000000000000e+00 0.000000000000000000e+00 0.000000000000000000e+00
1.757735017639909529e+03 1.357735017639781972e+03 0.000000000000000000e+00 9.393362289476196736e+01 0.000000000000000000e+00 0.000000000000000000e+00 0.000000000000000000e+00 0.000000000000000000e+00 0.000000000000000000e+00 0.000000000000000000e+00 0.000000000000000000e+00 0.000000000000000000e+00 0.000000000000000000e+00 0.000000000000000000e+00 0.000000000000000000e+00 9.334706463603332338e+01 0.000000000000000000e+00 0.000000000000000000e+00 0.000000000000000000e+00
1.757735018928554609e+03 1.242264965090462283e+03 0.000000000000000000e+00 9.379289438037179139e+01 0.000000000000000000e+00 0.000000000000000000e+00 0.000000000000000000e+00 0.000000000000000000e+00 0.000000000000000000e+00 0.000000000000000000e+00 0.000000000000000000e+00 0.000000000000000000e+00 0.000000000000000000e+00 0.000000000000000000e+00 0.000000000000000000e+00 9.338769535251284992e+01 0.000000000000000000e+00 0.000000000000000000e+00 0.000000000000000000e+00
8.420530455646274959e+02 2.420530455651369834e+02 0.000000000000000000e+00 9.161556965041729939e+01 0.000000000000000000e+00 0.000000000000000000e+00 0.000000000000000000e+00 0.000000000000000000e+00 0.000000000000000000e+00 0.000000000000000000e+00 0.000000000000000000e+00 0.000000000000000000e+00 0.000000000000000000e+00 0.000000000000000000e+00 0.000000000000000000e+00 9.130640316743620133e+01 0.000000000000000000e+00 0.000000000000000000e+00 0.000000000000000000e+00
9.576278933846854216e+02 2.421578395472605791e+02 0.000000000000000000e+00 9.160278345238413067e+01 0.000000000000000000e+00 0.000000000000000000e+00 0.000000000000000000e+00 0.000000000000000000e+00 0.000000000000000000e+00 0.000000000000000000e+00 0.000000000000000000e+00 0.000000000000000000e+00 0.000000000000000000e+00 0.000000000000000000e+00 0.000000000000000000e+00 9.131309902278437107e+01 0.000000000000000000e+00 0.000000000000000000e+00 0.000000000000000000e+00
8.420132973667399483e+02 3.574833512051407070e+02 0.000000000000000000e+00 9.150804589915131260e+01 0.000000000000000000e+00 0.000000000000000000e+00 0.000000000000000000e+00 0.000000000000000000e+00 0.000000000000000000e+00 0.000000000000000000e+00 0.000000000000000000e+00 0.000000000000000000e+00 0.000000000000000000e+00 0.000000000000000000e+00 0.000000000000000000e+00 9.131562213106901993e+01 0.000000000000000000e+00 0.000000000000000000e+00 0.000000000000000000e+00
9.576088227419354553e+02 3.576088227424363595e+02 0.000000000000000000e+00 9.149525219553123634e+01 0.000000000000000000e+00 0.000000000000000000e+00 0.000000000000000000e+00 0.000000000000000000e+00 0.000000000000000000e+00 0.000000000000000000e+00 0.000000000000000000e+00 0.000000000000000000e+00 0.000000000000000000e+00 0.000000000000000000e+00 0.000000000000000000e+00 9.132231952324636381e+01 0.000000000000000000e+00 0.000000000000000000e+00 0.000000000000000000e+00
8.420701995200541887e+02 6.420701995203905881e+02 0.000000000000000000e+00 9.152210115563173076e+01 0.000000000000000000e+00 0.000000000000000000e+00 0.000000000000000000e+00 0.000000000000000000e+00 0.000000000000000000e+00 0.000000000000000000e+00 0.000000000000000000e+00 0.000000000000000000e+00 0.000000000000000000e+00 0.000000000000000000e+00 0.000000000000000000e+00 9.151063719100132232e+01 0.000000000000000000e+00 0.000000000000000000e+00 0.000000000000000000e+00
9.576395709249145511e+02 6.421695170873791767e+02 0.000000000000000000e+00 9.151376092575338816e+01 0.000000000000000000e+00 0.000000000000000000e+00 0.000000000000000000e+00 0.000000000000000000e+00 0.000000000000000000e+00 0.000000000000000000e+00 0.000000000000000000e+00 0.000000000000000000e+00 0.000000000000000000e+00 0.000000000000000000e+00 0.000000000000000000e+00 9.152467943770824377e+01 0.000000000000000000e+00 0.000000000000000000e+00 0.000000000000000000e+00
8.421337047007014007e+02 7.576037585388862681e+02 0.000000000000000000e+00 9.170764775684152426e+01 0.000000000000000000e+00 0.000000000000000000e+00 0.000000000000000000e+00 0.000000000000000000e+00 0.000000000000000000e+00 0.000000000000000000e+00 0.000000000000000000e+00 0.000000000000000000e+00 0.000000000000000000e+00 0.000000000000000000e+00 0.000000000000000000e+00 9.172683484710142920e+01 0.000000000000000000e+00 0.000000000000000000e+00 0.000000000000000000e+00
9.576513779187578166e+02 7.576513779190596551e+02 0.000000000000000000e+00 9.169936482378899711e+01 0.000000000000000000e+00 0.000000000000000000e+00 0.000000000000000000e+00 0.000000000000000000e+00 0.000000000000000000e+00 0.000000000000000000e+00 0.000000000000000000e+00 0.000000000000000000e+00 0.000000000000000000e+00 0.000000000000000000e+00 0.000000000000000000e+00 9.174090611174111132e+01 0.000000000000000000e+00 0.000000000000000000e+00 0.000000000000000000e+00
1.842264972847733361e+03 1.442264972847592162e+03 0.000000000000000000e+00 8.549843522494634840e+01 0.000000000000000000e+00 0.000000000000000000e+00 0.000000000000000000e+00 0.000000000000000000e+00 0.000000000000000000e+00 0.000000000000000000e+00 0.000000000000000000e+00 0.000000000000000000e+00 0.000000000000000000e+00 0.000000000000000000e+00 0.000000000000000000e+00 8.457875004829604393e+01 0.000000000000000000e+00 0.000000000000000000e+00 0.000000000000000000e+00
1.957735026886581409e+03 1.442264973048467027e+03 0.000000000000000000e+00 8.551130111573658610e+01 0.000000000000000000e+00 0.000000000000000000e+00 0.000000000000000000e+00 0.000000000000000000e+00 0.000000000000000000e+00 0.000000000000000000e+00 0.000000000000000000e+00 0.000000000000000000e+00 0.000000000000000000e+00 0.000000000000000000e+00 0.000000000000000000e+00 8.471123549051355894e+01 0.000000000000000000e+00 0.000000000000000000e+00 0.000000000000000000e+00
1.842264973025116205e+03 1.557735026862929772e+03 0.000000000000000000e+00 8.558205846489413204e+01 0.000000000000000000e+00 0.000000000000000000e+00 0.000000000000000000e+00 0.000000000000000000e+00 0.000000000000000000e+00 0.000000000000000000e+00 0.000000000000000000e+00 0.000000000000000000e+00 0.000000000000000000e+00 0.000000000000000000e+00 0.000000000000000000e+00 8.460730421794519884e+01 0.000000000000000000e+00 0.000000000000000000e+00 0.000000000000000000e+00
1.957735026873845982e+03 1.557735026873699780e+03 0.000000000000000000e+00 8.559490719593777897e+01 0.000000000000000000e+00 0.000000000000000000e+00 0.000000000000000000e+00 0.000000000000000000e+00 0.000000000000000000e+00 0.000000000000000000e+00 0.000000000000000000e+00 0.000000000000000000e+00 0.000000000000000000e+00 0.000000000000000000e+00 0.000000000000000000e+00 8.474108468841049557e+01 0.000000000000000000e+00 0.000000000000000000e+00 0.000000000000000000e+00
1.842264973072633438e+03 1.757735026910494753e+03 0.000000000000000000e+00 8.715207237792469641e+01 0.000000000000000000e+00 0.000000000000000000e+00 0.000000000000000000e+00 0.000000000000000000e+00 0.000000000000000000e+00 0.000000000000000000e+00 0.000000000000000000e+00 0.000000000000000000e+00 0.000000000000000000e+00 0.000000000000000000e+00 0.000000000000000000e+00 8.548922662849646770e+01 0.000000000000000000e+00 0.000000000000000000e+00 0.000000000000000000e+00
1.842264973051687321e+03 1.642264973051602510e+03 0.000000000000000000e+00 8.633885644736196241e+01 0.000000000000000000e+00 0.000000000000000000e+00 0.000000000000000000e+00 0.000000000000000000e+00 0.000000000000000000e+00 0.000000000000000000e+00 0.000000000000000000e+00 0.000000000000000000e+00 0.000000000000000000e+00 0.000000000000000000e+00 0.000000000000000000e+00 8.489911098641988474e+01 0.000000000000000000e+00 0.000000000000000000e+00 0.000000000000000000e+00
1.957735026913152524e+03 1.757735026913074307e+03 0.000000000000000000e+00 8.739403108430843758e+01 0.000000000000000000e+00 0.000000000000000000e+00 0.000000000000000000e+00 0.000000000000000000e+00 0.000000000000000000e+00 0.000000000000000000e+00 0.000000000000000000e+00 0.000000000000000000e+00 0.000000000000000000e+00 0.000000000000000000e+00 0.000000000000000000e+00 8.528008320326956948e+01 0.000000000000000000e+00 0.000000000000000000e+00 0.000000000000000000e+00
1.957735026914656373e+03 1.642264973076609067e+03 0.000000000000000000e+00 8.658634091851409664e+01 0.000000000000000000e+00 0.000000000000000000e+00 0.000000000000000000e+00 0.000000000000000000e+00 0.000000000000000000e+00 0.000000000000000000e+00 0.000000000000000000e+00 0.000000000000000000e+00 0.000000000000000000e+00 0.000000000000000000e+00 0.000000000000000000e+00 8.468583935104818750e+01 0.000000000000000000e+00 0.000000000000000000e+00 0.000000000000000000e+00
1.577072228226387551e+02 1.042237168984724349e+03 0.000000000000000000e+00 8.470298291160013093e+01 0.000000000000000000e+00 0.000000000000000000e+00 0.000000000000000000e+00 0.000000000000000000e+00 0.000000000000000000e+00 0.000000000000000000e+00 0.000000000000000000e+00 0.000000000000000000e+00 0.000000000000000000e+00 0.000000000000000000e+00 0.000000000000000000e+00 8.479207906809632789e+01 0.000000000000000000e+00 0.000000000000000000e+00 0.000000000000000000e+00
1.577268008933138503e+02 1.157726800893335394e+03 0.000000000000000000e+00 8.466393397773649099e+01 0.000000000000000000e+00 0.000000000000000000e+00 0.000000000000000000e+00 0.000000000000000000e+00 0.000000000000000000e+00 0.000000000000000000e+00 0.000000000000000000e+00 0.000000000000000000e+00 0.000000000000000000e+00 0.000000000000000000e+00 0.000000000000000000e+00 8.483147550166394524e+01 0.000000000000000000e+00 0.000000000000000000e+00 0.000000000000000000e+00
4.226084878111051779e+01 1.042260848781148297e+03 0.000000000000000000e+00 8.474877876662553433e+01 0.000000000000000000e+00 0.000000000000000000e+00 0.000000000000000000e+00 0.000000000000000000e+00 0.000000000000000000e+00 0.000000000000000000e+00 0.000000000000000000e+00 0.000000000000000000e+00 0.000000000000000000e+00 0.000000000000000000e+00 0.000000000000000000e+00 8.483078973030481507e+01 0.000000000000000000e+00 0.000000000000000000e+00 0.000000000000000000e+00
4.225944313887860915e+01 1.157729496976846121e+03 0.000000000000000000e+00 8.470989137733366192e+01 0.000000000000000000e+00 0.000000000000000000e+00 0.000000000000000000e+00 0.000000000000000000e+00 0.000000000000000000e+00 0.000000000000000000e+00 0.000000000000000000e+00 0.000000000000000000e+00 0.000000000000000000e+00 0.000000000000000000e+00 0.000000000000000000e+00 8.487006448413052340e+01 0.000000000000000000e+00 0.000000000000000000e+00 0.000000000000000000e+00
8.422649727510892035e+02 1.957735026589047266e+03 0.000000000000000000e+00 9.083245510143437684e+01 0.000000000000000000e+00 0.000000000000000000e+00 0.000000000000000000e+00 0.000000000000000000e+00 0.000000000000000000e+00 0.000000000000000000e+00 0.000000000000000000e+00 0.000000000000000000e+00 0.000000000000000000e+00 0.000000000000000000e+00 0.000000000000000000e+00 9.128023096761221211e+01 0.000000000000000000e+00 0.000000000000000000e+00 0.000000000000000000e+00
8.422649719095286400e+02 1.842264971909530459e+03 0.000000000000000000e+00 9.057813712887590896e+01 0.000000000000000000e+00 0.000000000000000000e+00 0.000000000000000000e+00 0.000000000000000000e+00 0.000000000000000000e+00 0.000000000000000000e+00 0.000000000000000000e+00 0.000000000000000000e+00 0.000000000000000000e+00 0.000000000000000000e+00 0.000000000000000000e+00 9.095356707037089450e+01 0.000000000000000000e+00 0.000000000000000000e+00 0.000000000000000000e+00
9.577350265958413047e+02 1.957735026595814361e+03 0.000000000000000000e+00 9.083470824652653164e+01 0.000000000000000000e+00 0.000000000000000000e+00 0.000000000000000000e+00 0.000000000000000000e+00 0.000000000000000000e+00 0.000000000000000000e+00 0.000000000000000000e+00 0.000000000000000000e+00 0.000000000000000000e+00 0.000000000000000000e+00 0.000000000000000000e+00 9.126569534389666671e+01 0.000000000000000000e+00 0.000000000000000000e+00 0.000000000000000000e+00
9.577350256532060939e+02 1.842264971815277704e+03 0.000000000000000000e+00 9.058037065845815050e+01 0.000000000000000000e+00 0.000000000000000000e+00 0.000000000000000000e+00 0.000000000000000000e+00 0.000000000000000000e+00 0.000000000000000000e+00 0.000000000000000000e+00 0.000000000000000000e+00 0.000000000000000000e+00 0.000000000000000000e+00 0.000000000000000000e+00 9.093901819333987646e+01 0.000000000000000000e+00 0.000000000000000000e+00 0.000000000000000000e+00
3.577316714449732444e+02 1.357731671444980066e+03 0.000000000000000000e+00 9.330880371061300593e+01 0.000000000000000000e+00 0.000000000000000000e+00 0.000000000000000000e+00 0.000000000000000000e+00 0.000000000000000000e+00 0.000000000000000000e+00 0.000000000000000000e+00 0.000000000000000000e+00 0.000000000000000000e+00 0.000000000000000000e+00 0.000000000000000000e+00 9.390321190725413203e+01 0.000000000000000000e+00 0.000000000000000000e+00 0.000000000000000000e+00
2.422619195000138177e+02 1.357731973337956788e+03 0.000000000000000000e+00 9.334488100344289307e+01 0.000000000000000000e+00 0.000000000000000000e+00 0.000000000000000000e+00 0.000000000000000000e+00 0.000000000000000000e+00 0.000000000000000000e+00 0.000000000000000000e+00 0.000000000000000000e+00 0.000000000000000000e+00 0.000000000000000000e+00 0.000000000000000000e+00 9.393389616145620380e+01 0.000000000000000000e+00 0.000000000000000000e+00 0.000000000000000000e+00
3.577226606851730821e+02 1.242252606847249126e+03 0.000000000000000000e+00 9.334964031134660445e+01 0.000000000000000000e+00 0.000000000000000000e+00 0.000000000000000000e+00 0.000000000000000000e+00 0.000000000000000000e+00 0.000000000000000000e+00 0.000000000000000000e+00 0.000000000000000000e+00 0.000000000000000000e+00 0.000000000000000000e+00 0.000000000000000000e+00 9.376267986797540743e+01 0.000000000000000000e+00 0.000000000000000000e+00 0.000000000000000000e+00
2.422583731742560644e+02 1.242258373174269764e+03 0.000000000000000000e+00 9.338560898305169644e+01 0.000000000000000000e+00 0.000000000000000000e+00 0.000000000000000000e+00 0.000000000000000000e+00 0.000000000000000000e+00 0.000000000000000000e+00 0.000000000000000000e+00 0.000000000000000000e+00 0.000000000000000000e+00 0.000000000000000000e+00 0.000000000000000000e+00 9.379345842406746669e+01 0.000000000000000000e+00 0.000000000000000000e+00 0.000000000000000000e+00
2.420558017473840948e+02 8.420558017473792916e+02 0.000000000000000000e+00 9.366335699500029932e+01 0.000000000000000000e+00 0.000000000000000000e+00 0.000000000000000000e+00 0.000000000000000000e+00 0.000000000000000000e+00 0.000000000000000000e+00 0.000000000000000000e+00 0.000000000000000000e+00 0.000000000000000000e+00 0.000000000000000000e+00 0.000000000000000000e+00 9.345248242178102771e+01 0.000000000000000000e+00 0.000000000000000000e+00 0.000000000000000000e+00
3.574842382337613458e+02 8.420141843958597292e+02 0.000000000000000000e+00 9.362982792289798795e+01 0.000000000000000000e+00 0.000000000000000000e+00 0.000000000000000000e+00 0.000000000000000000e+00 0.000000000000000000e+00 0.000000000000000000e+00 0.000000000000000000e+00 0.000000000000000000e+00 0.000000000000000000e+00 0.000000000000000000e+00 0.000000000000000000e+00 9.342774625877559913e+01 0.000000000000000000e+00 0.000000000000000000e+00 0.000000000000000000e+00
2.421717237164966718e+02 9.576417775544239248e+02 0.000000000000000000e+00 9.355658336983636048e+01 0.000000000000000000e+00 0.000000000000000000e+00 0.000000000000000000e+00 0.000000000000000000e+00 0.000000000000000000e+00 0.000000000000000000e+00 0.000000000000000000e+00 0.000000000000000000e+00 0.000000000000000000e+00 0.000000000000000000e+00 0.000000000000000000e+00 9.346856355947210204e+01 0.000000000000000000e+00 0.000000000000000000e+00 0.000000000000000000e+00
3.576241121678766604e+02 9.576241121678738182e+02 0.000000000000000000e+00 9.352296010074462629e+01 0.000000000000000000e+00 0.000000000000000000e+00 0.000000000000000000e+00 0.000000000000000000e+00 0.000000000000000000e+00 0.000000000000000000e+00 0.000000000000000000e+00 0.000000000000000000e+00 0.000000000000000000e+00 0.000000000000000000e+00 0.000000000000000000e+00 9.344387834568652806e+01 0.000000000000000000e+00 0.000000000000000000e+00 0.000000000000000000e+00
1.957735026340942341e+03 1.042264972502606724e+03 0.000000000000000000e+00 8.483276821091857300e+01 0.000000000000000000e+00 0.000000000000000000e+00 0.000000000000000000e+00 0.000000000000000000e+00 0.000000000000000000e+00 0.000000000000000000e+00 0.000000000000000000e+00 0.000000000000000000e+00 0.000000000000000000e+00 0.000000000000000000e+00 0.000000000000000000e+00 8.475349879772637962e+01 0.000000000000000000e+00 0.000000000000000000e+00 0.000000000000000000e+00
1.957735026312256423e+03 1.157735026311956517e+03 0.000000000000000000e+00 8.487127337624089307e+01 0.000000000000000000e+00 0.000000000000000000e+00 0.000000000000000000e+00 0.000000000000000000e+00 0.000000000000000000e+00 0.000000000000000000e+00 0.000000000000000000e+00 0.000000000000000000e+00 0.000000000000000000e+00 0.000000000000000000e+00 0.000000000000000000e+00 8.471321212038482429e+01 0.000000000000000000e+00 0.000000000000000000e+00 0.000000000000000000e+00
1.842264970670536059e+03 1.042264970670239336e+03 0.000000000000000000e+00 8.479448669212487744e+01 0.000000000000000000e+00 0.000000000000000000e+00 0.000000000000000000e+00 0.000000000000000000e+00 0.000000000000000000e+00 0.000000000000000000e+00 0.000000000000000000e+00 0.000000000000000000e+00 0.000000000000000000e+00 0.000000000000000000e+00 0.000000000000000000e+00 8.470760187445041822e+01 0.000000000000000000e+00 0.000000000000000000e+00 0.000000000000000000e+00
1.842264971070079810e+03 1.157735024907752404e+03 0.000000000000000000e+00 8.483311078578500997e+01 0.000000000000000000e+00 0.000000000000000000e+00 0.000000000000000000e+00 0.000000000000000000e+00 0.000000000000000000e+00 0.000000000000000000e+00 0.000000000000000000e+00 0.000000000000000000e+00 0.000000000000000000e+00 0.000000000000000000e+00 0.000000000000000000e+00 8.466714475319420785e+01 0.000000000000000000e+00 0.000000000000000000e+00 0.000000000000000000e+00
1.642264910349032334e+03 1.157734964186848174e+03 0.000000000000000000e+00 9.363022675041679577e+01 0.000000000000000000e+00 0.000000000000000000e+00 0.000000000000000000e+00 0.000000000000000000e+00 0.000000000000000000e+00 0.000000000000000000e+00 0.000000000000000000e+00 0.000000000000000000e+00 0.000000000000000000e+00 0.000000000000000000e+00 0.000000000000000000e+00 9.342368141506969437e+01 0.000000000000000000e+00 0.000000000000000000e+00 0.000000000000000000e+00
1.642264829676038062e+03 1.042264829675927558e+03 0.000000000000000000e+00 9.352337331732104531e+01 0.000000000000000000e+00 0.000000000000000000e+00 0.000000000000000000e+00 0.000000000000000000e+00 0.000000000000000000e+00 0.000000000000000000e+00 0.000000000000000000e+00 0.000000000000000000e+00 0.000000000000000000e+00 0.000000000000000000e+00 0.000000000000000000e+00 9.344160154397594908e+01 0.000000000000000000e+00 0.000000000000000000e+00 0.000000000000000000e+00
1.757734994552546141e+03 1.157734994552363560e+03 0.000000000000000000e+00 9.366388098315405841e+01 0.000000000000000000e+00 0.000000000000000000e+00 0.000000000000000000e+00 0.000000000000000000e+00 0.000000000000000000e+00 0.000000000000000000e+00 0.000000000000000000e+00 0.000000000000000000e+00 0.000000000000000000e+00 0.000000000000000000e+00 0.000000000000000000e+00 9.344844148327142364e+01 0.000000000000000000e+00 0.000000000000000000e+00 0.000000000000000000e+00
1.757734999947122560e+03 1.042264946108962477e+03 0.000000000000000000e+00 9.355713701282289207e+01 0.000000000000000000e+00 0.000000000000000000e+00 0.000000000000000000e+00 0.000000000000000000e+00 0.000000000000000000e+00 0.000000000000000000e+00 0.000000000000000000e+00 0.000000000000000000e+00 0.000000000000000000e+00 0.000000000000000000e+00 0.000000000000000000e+00 9.346631119565836343e+01 0.000000000000000000e+00 0.000000000000000000e+00 0.000000000000000000e+00
3.573098814245574317e+02 7.573098814245895483e+02 0.000000000000000000e+00 9.376139154889551719e+01 0.000000000000000000e+00 0.000000000000000000e+00 0.000000000000000000e+00 0.000000000000000000e+00 0.000000000000000000e+00 0.000000000000000000e+00 0.000000000000000000e+00 0.000000000000000000e+00 0.000000000000000000e+00 0.000000000000000000e+00 0.000000000000000000e+00 9.335742817684766237e+01 0.000000000000000000e+00 0.000000000000000000e+00 0.000000000000000000e+00
2.418884164523471441e+02 7.573584702902803656e+02 0.000000000000000000e+00 9.379191576980218770e+01 0.000000000000000000e+00 0.000000000000000000e+00 0.000000000000000000e+00 0.000000000000000000e+00 0.000000000000000000e+00 0.000000000000000000e+00 0.000000000000000000e+00 0.000000000000000000e+00 0.000000000000000000e+00 0.000000000000000000e+00 0.000000000000000000e+00 9.339305047465911969e+01 0.000000000000000000e+00 0.000000000000000000e+00 0.000000000000000000e+00
3.570349630528904186e+02 6.415649092150332535e+02 0.000000000000000000e+00 9.390173271151218160e+01 0.000000000000000000e+00 0.000000000000000000e+00 0.000000000000000000e+00 0.000000000000000000e+00 0.000000000000000000e+00 0.000000000000000000e+00 0.000000000000000000e+00 0.000000000000000000e+00 0.000000000000000000e+00 0.000000000000000000e+00 0.000000000000000000e+00 9.331826693551342089e+01 0.000000000000000000e+00 0.000000000000000000e+00 0.000000000000000000e+00
2.414854739353702939e+02 6.414854739353820605e+02 0.000000000000000000e+00 9.393206700606411630e+01 0.000000000000000000e+00 0.000000000000000000e+00 0.000000000000000000e+00 0.000000000000000000e+00 0.000000000000000000e+00 0.000000000000000000e+00 0.000000000000000000e+00 0.000000000000000000e+00 0.000000000000000000e+00 0.000000000000000000e+00 0.000000000000000000e+00 9.335399908740819797e+01 0.000000000000000000e+00 0.000000000000000000e+00 0.000000000000000000e+00
1.042189487242847918e+03 4.421894872433218779e+02 0.000000000000000000e+00 9.117764381525482520e+01 0.000000000000000000e+00 0.000000000000000000e+00 0.000000000000000000e+00 0.000000000000000000e+00 0.000000000000000000e+00 0.000000000000000000e+00 0.000000000000000000e+00 0.000000000000000000e+00 0.000000000000000000e+00 0.000000000000000000e+00 0.000000000000000000e+00 9.128204734536852527e+01 0.000000000000000000e+00 0.000000000000000000e+00 0.000000000000000000e+00
1.157705311545070117e+03 4.422352577075791373e+02 0.000000000000000000e+00 9.116591783152661321e+01 0.000000000000000000e+00 0.000000000000000000e+00 0.000000000000000000e+00 0.000000000000000000e+00 0.000000000000000000e+00 0.000000000000000000e+00 0.000000000000000000e+00 0.000000000000000000e+00 0.000000000000000000e+00 0.000000000000000000e+00 0.000000000000000000e+00 9.128965709655118133e+01 0.000000000000000000e+00 0.000000000000000000e+00 0.000000000000000000e+00
1.042199999399203534e+03 5.576700532375662078e+02 0.000000000000000000e+00 9.140314161282790906e+01 0.000000000000000000e+00 0.000000000000000000e+00 0.000000000000000000e+00 0.000000000000000000e+00 0.000000000000000000e+00 0.000000000000000000e+00 0.000000000000000000e+00 0.000000000000000000e+00 0.000000000000000000e+00 0.000000000000000000e+00 0.000000000000000000e+00 9.143435762946134560e+01 0.000000000000000000e+00 0.000000000000000000e+00 0.000000000000000000e+00
1.157699874575913782e+03 5.576998745763105489e+02 0.000000000000000000e+00 9.139145649848563835e+01 0.000000000000000000e+00 0.000000000000000000e+00 0.000000000000000000e+00 0.000000000000000000e+00 0.000000000000000000e+00 0.000000000000000000e+00 0.000000000000000000e+00 0.000000000000000000e+00 0.000000000000000000e+00 0.000000000000000000e+00 0.000000000000000000e+00 9.144196641265031644e+01 0.000000000000000000e+00 0.000000000000000000e+00 0.000000000000000000e+00
1.757734983158948353e+03 8.422649293207374512e+02 0.000000000000000000e+00 9.344683157861437905e+01 0.000000000000000000e+00 0.000000000000000000e+00 0.000000000000000000e+00 0.000000000000000000e+00 0.000000000000000000e+00 0.000000000000000000e+00 0.000000000000000000e+00 0.000000000000000000e+00 0.000000000000000000e+00 0.000000000000000000e+00 0.000000000000000000e+00 9.366441259143337561e+01 0.000000000000000000e+00 0.000000000000000000e+00 0.000000000000000000e+00
1.757734984034778336e+03 9.577349840345290204e+02 0.000000000000000000e+00 9.346503448497549016e+01 0.000000000000000000e+00 0.000000000000000000e+00 0.000000000000000000e+00 0.000000000000000000e+00 0.000000000000000000e+00 0.000000000000000000e+00 0.000000000000000000e+00 0.000000000000000000e+00 0.000000000000000000e+00 0.000000000000000000e+00 0.000000000000000000e+00 9.355814664089490407e+01 0.000000000000000000e+00 0.000000000000000000e+00 0.000000000000000000e+00
1.642264823255114379e+03 8.422648232549807972e+02 0.000000000000000000e+00 9.342207874927285616e+01 0.000000000000000000e+00 0.000000000000000000e+00 0.000000000000000000e+00 0.000000000000000000e+00 0.000000000000000000e+00 0.000000000000000000e+00 0.000000000000000000e+00 0.000000000000000000e+00 0.000000000000000000e+00 0.000000000000000000e+00 0.000000000000000000e+00 9.363079286649326605e+01 0.000000000000000000e+00 0.000000000000000000e+00 0.000000000000000000e+00
1.642264819198732312e+03 9.577348730365270058e+02 0.000000000000000000e+00 9.344033209643606597e+01 0.000000000000000000e+00 0.000000000000000000e+00 0.000000000000000000e+00 0.000000000000000000e+00 0.000000000000000000e+00 0.000000000000000000e+00 0.000000000000000000e+00 0.000000000000000000e+00 0.000000000000000000e+00 0.000000000000000000e+00 0.000000000000000000e+00 9.352441768841228509e+01 0.000000000000000000e+00 0.000000000000000000e+00 0.000000000000000000e+00
1.157706747405729629e+03 7.577067474060241921e+02 0.000000000000000000e+00 9.172287151188174903e+01 0.000000000000000000e+00 0.000000000000000000e+00 0.000000000000000000e+00 0.000000000000000000e+00 0.000000000000000000e+00 0.000000000000000000e+00 0.000000000000000000e+00 0.000000000000000000e+00 0.000000000000000000e+00 0.000000000000000000e+00 0.000000000000000000e+00 9.171036790746735790e+01 0.000000000000000000e+00 0.000000000000000000e+00 0.000000000000000000e+00
1.042219428090972997e+03 7.576894819292067496e+02 0.000000000000000000e+00 9.173690168847846849e+01 0.000000000000000000e+00 0.000000000000000000e+00 0.000000000000000000e+00 0.000000000000000000e+00 0.000000000000000000e+00 0.000000000000000000e+00 0.000000000000000000e+00 0.000000000000000000e+00 0.000000000000000000e+00 0.000000000000000000e+00 0.000000000000000000e+00 9.170213977626424651e+01 0.000000000000000000e+00 0.000000000000000000e+00 0.000000000000000000e+00
1.157705101540814212e+03 6.422350477032441631e+02 0.000000000000000000e+00 9.150739246658207549e+01 0.000000000000000000e+00 0.000000000000000000e+00 0.000000000000000000e+00 0.000000000000000000e+00 0.000000000000000000e+00 0.000000000000000000e+00 0.000000000000000000e+00 0.000000000000000000e+00 0.000000000000000000e+00 0.000000000000000000e+00 0.000000000000000000e+00 9.152433936295378203e+01 0.000000000000000000e+00 0.000000000000000000e+00 0.000000000000000000e+00
1.042203179798082829e+03 6.422031797984806190e+02 0.000000000000000000e+00 9.152145776930812815e+01 0.000000000000000000e+00 0.000000000000000000e+00 0.000000000000000000e+00 0.000000000000000000e+00 0.000000000000000000e+00 0.000000000000000000e+00 0.000000000000000000e+00 0.000000000000000000e+00 0.000000000000000000e+00 0.000000000000000000e+00 0.000000000000000000e+00 9.151610575798466130e+01 0.000000000000000000e+00 0.000000000000000000e+00 0.000000000000000000e+00
1.842264971303272659e+03 1.242264971303065522e+03 0.000000000000000000e+00 8.502489737257464242e+01 0.000000000000000000e+00 0.000000000000000000e+00 0.000000000000000000e+00 0.000000000000000000e+00 0.000000000000000000e+00 0.000000000000000000e+00 0.000000000000000000e+00 0.000000000000000000e+00 0.000000000000000000e+00 0.000000000000000000e+00 0.000000000000000000e+00 8.463299593914422303e+01 0.000000000000000000e+00 0.000000000000000000e+00 0.000000000000000000e+00
1.957735026670417028e+03 1.242264972832232615e+03 0.000000000000000000e+00 8.510002532948644216e+01 0.000000000000000000e+00 0.000000000000000000e+00 0.000000000000000000e+00 0.000000000000000000e+00 0.000000000000000000e+00 0.000000000000000000e+00 0.000000000000000000e+00 0.000000000000000000e+00 0.000000000000000000e+00 0.000000000000000000e+00 0.000000000000000000e+00 8.465590245453495299e+01 0.000000000000000000e+00 0.000000000000000000e+00 0.000000000000000000e+00
1.842264972644304635e+03 1.357735026482059766e+03 0.000000000000000000e+00 8.534831088406960475e+01 0.000000000000000000e+00 0.000000000000000000e+00 0.000000000000000000e+00 0.000000000000000000e+00 0.000000000000000000e+00 0.000000000000000000e+00 0.000000000000000000e+00 0.000000000000000000e+00 0.000000000000000000e+00 0.000000000000000000e+00 0.000000000000000000e+00 8.473061724041514253e+01 0.000000000000000000e+00 0.000000000000000000e+00 0.000000000000000000e+00
1.957735026574135418e+03 1.357735026573918731e+03 0.000000000000000000e+00 8.542289030607838640e+01 0.000000000000000000e+00 0.000000000000000000e+00 0.000000000000000000e+00 0.000000000000000000e+00 0.000000000000000000e+00 0.000000000000000000e+00 0.000000000000000000e+00 0.000000000000000000e+00 0.000000000000000000e+00 0.000000000000000000e+00 0.000000000000000000e+00 8.475354151875225739e+01 0.000000000000000000e+00 0.000000000000000000e+00 0.000000000000000000e+00
1.557734258616966827e+03 8.422642047789951221e+02 0.000000000000000000e+00 9.171283377982149432e+01 0.000000000000000000e+00 0.000000000000000000e+00 0.000000000000000000e+00 0.000000000000000000e+00 0.000000000000000000e+00 0.000000000000000000e+00 0.000000000000000000e+00 0.000000000000000000e+00 0.000000000000000000e+00 0.000000000000000000e+00 0.000000000000000000e+00 9.183514929958465700e+01 0.000000000000000000e+00 0.000000000000000000e+00 0.000000000000000000e+00
1.557734220493921839e+03 9.577342204938840950e+02 0.000000000000000000e+00 9.176131469854526301e+01 0.000000000000000000e+00 0.000000000000000000e+00 0.000000000000000000e+00 0.000000000000000000e+00 0.000000000000000000e+00 0.000000000000000000e+00 0.000000000000000000e+00 0.000000000000000000e+00 0.000000000000000000e+00 0.000000000000000000e+00 0.000000000000000000e+00 9.182151574887495826e+01 0.000000000000000000e+00 0.000000000000000000e+00 0.000000000000000000e+00
1.442262320323937274e+03 8.422623203240260636e+02 0.000000000000000000e+00 9.169361853471386326e+01 0.000000000000000000e+00 0.000000000000000000e+00 0.000000000000000000e+00 0.000000000000000000e+00 0.000000000000000000e+00 0.000000000000000000e+00 0.000000000000000000e+00 0.000000000000000000e+00 0.000000000000000000e+00 0.000000000000000000e+00 0.000000000000000000e+00 9.181656760348028001e+01 0.000000000000000000e+00 0.000000000000000000e+00 0.000000000000000000e+00
1.442262795687169046e+03 9.577328495251414324e+02 0.000000000000000000e+00 9.174213353293825435e+01 0.000000000000000000e+00 0.000000000000000000e+00 0.000000000000000000e+00 0.000000000000000000e+00 0.000000000000000000e+00 0.000000000000000000e+00 0.000000000000000000e+00 0.000000000000000000e+00 0.000000000000000000e+00 0.000000000000000000e+00 0.000000000000000000e+00 9.180290566580072209e+01 0.000000000000000000e+00 0.000000000000000000e+00 0.000000000000000000e+00
1.642264960632450766e+03 4.226496063255193292e+01 0.000000000000000000e+00 8.897765053304215144e+01 0.000000000000000000e+00 0.000000000000000000e+00 0.000000000000000000e+00 0.000000000000000000e+00 0.000000000000000000e+00 0.000000000000000000e+00 0.000000000000000000e+00 0.000000000000000000e+00 0.000000000000000000e+00 0.000000000000000000e+00 0.000000000000000000e+00 9.736520731323665245e+01 0.000000000000000000e+00 0.000000000000000000e+00 0.000000000000000000e+00
1.757735007998092669e+03 4.226495416022925866e+01 0.000000000000000000e+00 8.896624016466481066e+01 0.000000000000000000e+00 0.000000000000000000e+00 0.000000000000000000e+00 0.000000000000000000e+00 0.000000000000000000e+00 0.000000000000000000e+00 0.000000000000000000e+00 0.000000000000000000e+00 0.000000000000000000e+00 0.000000000000000000e+00 0.000000000000000000e+00 9.746421517936997247e+01 0.000000000000000000e+00 0.000000000000000000e+00 0.000000000000000000e+00
1.642264869471180191e+03 1.577349233091508722e+02 0.000000000000000000e+00 9.127247678309750256e+01 0.000000000000000000e+00 0.000000000000000000e+00 0.000000000000000000e+00 0.000000000000000000e+00 0.000000000000000000e+00 0.000000000000000000e+00 0.000000000000000000e+00 0.000000000000000000e+00 0.000000000000000000e+00 0.000000000000000000e+00 0.000000000000000000e+00 9.486560882932199945e+01 0.000000000000000000e+00 0.000000000000000000e+00 0.000000000000000000e+00
1.757735013457013338e+03 1.577350134569765601e+02 0.000000000000000000e+00 9.126311722128968995e+01 0.000000000000000000e+00 0.000000000000000000e+00 0.000000000000000000e+00 0.000000000000000000e+00 0.000000000000000000e+00 0.000000000000000000e+00 0.000000000000000000e+00 0.000000000000000000e+00 0.000000000000000000e+00 0.000000000000000000e+00 0.000000000000000000e+00 9.496519242938718719e+01 0.000000000000000000e+00 0.000000000000000000e+00 0.000000000000000000e+00
2.422649627577224010e+02 1.642264962757744343e+03 0.000000000000000000e+00 9.344632113560146536e+01 0.000000000000000000e+00 0.000000000000000000e+00 0.000000000000000000e+00 0.000000000000000000e+00 0.000000000000000000e+00 0.000000000000000000e+00 0.000000000000000000e+00 0.000000000000000000e+00 0.000000000000000000e+00 0.000000000000000000e+00 0.000000000000000000e+00 9.447172202056724188e+01 0.000000000000000000e+00 0.000000000000000000e+00 0.000000000000000000e+00
3.577349806726828092e+02 1.642264926834773632e+03 0.000000000000000000e+00 9.357661277962566260e+01 0.000000000000000000e+00 0.000000000000000000e+00 0.000000000000000000e+00 0.000000000000000000e+00 0.000000000000000000e+00 0.000000000000000000e+00 0.000000000000000000e+00 0.000000000000000000e+00 0.000000000000000000e+00 0.000000000000000000e+00 0.000000000000000000e+00 9.443137368523134967e+01 0.000000000000000000e+00 0.000000000000000000e+00 0.000000000000000000e+00
2.422649630183281033e+02 1.757735016856272068e+03 0.000000000000000000e+00 9.283701125395434417e+01 0.000000000000000000e+00 0.000000000000000000e+00 0.000000000000000000e+00 0.000000000000000000e+00 0.000000000000000000e+00 0.000000000000000000e+00 0.000000000000000000e+00 0.000000000000000000e+00 0.000000000000000000e+00 0.000000000000000000e+00 0.000000000000000000e+00 9.464859340507769048e+01 0.000000000000000000e+00 0.000000000000000000e+00 0.000000000000000000e+00
3.577350112895998109e+02 1.757735011289619706e+03 0.000000000000000000e+00 9.296665356053088658e+01 0.000000000000000000e+00 0.000000000000000000e+00 0.000000000000000000e+00 0.000000000000000000e+00 0.000000000000000000e+00 0.000000000000000000e+00 0.000000000000000000e+00 0.000000000000000000e+00 0.000000000000000000e+00 0.000000000000000000e+00 0.000000000000000000e+00 9.460840769543398210e+01 0.000000000000000000e+00 0.000000000000000000e+00 0.000000000000000000e+00
1.157735026657508115e+03 1.957735026657464232e+03 0.000000000000000000e+00 9.127935269290296105e+01 0.000000000000000000e+00 0.000000000000000000e+00 0.000000000000000000e+00 0.000000000000000000e+00 0.000000000000000000e+00 0.000000000000000000e+00 0.000000000000000000e+00 0.000000000000000000e+00 0.000000000000000000e+00 0.000000000000000000e+00 0.000000000000000000e+00 9.083365293532116880e+01 0.000000000000000000e+00 0.000000000000000000e+00 0.000000000000000000e+00
1.042264972863009234e+03 1.957735026700895560e+03 0.000000000000000000e+00 9.126481538896838686e+01 0.000000000000000000e+00 0.000000000000000000e+00 0.000000000000000000e+00 0.000000000000000000e+00 0.000000000000000000e+00 0.000000000000000000e+00 0.000000000000000000e+00 0.000000000000000000e+00 0.000000000000000000e+00 0.000000000000000000e+00 0.000000000000000000e+00 9.083589883428611245e+01 0.000000000000000000e+00 0.000000000000000000e+00 0.000000000000000000e+00
1.157735026326565503e+03 1.842264972488616422e+03 0.000000000000000000e+00 9.095251823875466357e+01 0.000000000000000000e+00 0.000000000000000000e+00 0.000000000000000000e+00 0.000000000000000000e+00 0.000000000000000000e+00 0.000000000000000000e+00 0.000000000000000000e+00 0.000000000000000000e+00 0.000000000000000000e+00 0.000000000000000000e+00 0.000000000000000000e+00 9.057945012195075662e+01 0.000000000000000000e+00 0.000000000000000000e+00 0.000000000000000000e+00
1.042264971883713315e+03 1.842264971883694670e+03 0.000000000000000000e+00 9.093796769772933430e+01 0.000000000000000000e+00 0.000000000000000000e+00 0.000000000000000000e+00 0.000000000000000000e+00 0.000000000000000000e+00 0.000000000000000000e+00 0.000000000000000000e+00 0.000000000000000000e+00 0.000000000000000000e+00 0.000000000000000000e+00 0.000000000000000000e+00 9.058167641007015902e+01 0.000000000000000000e+00 0.000000000000000000e+00 0.000000000000000000e+00
1.357729689361962073e+03 4.422596355242881714e+02 0.000000000000000000e+00 9.120036565858509903e+01 0.000000000000000000e+00 0.000000000000000000e+00 0.000000000000000000e+00 0.000000000000000000e+00 0.000000000000000000e+00 0.000000000000000000e+00 0.000000000000000000e+00 0.000000000000000000e+00 0.000000000000000000e+00 0.000000000000000000e+00 0.000000000000000000e+00 9.158787096589671251e+01 0.000000000000000000e+00 0.000000000000000000e+00 0.000000000000000000e+00
1.357729071611429845e+03 5.577290716116770000e+02 0.000000000000000000e+00 9.158332014168210833e+01 0.000000000000000000e+00 0.000000000000000000e+00 0.000000000000000000e+00 0.000000000000000000e+00 0.000000000000000000e+00 0.000000000000000000e+00 0.000000000000000000e+00 0.000000000000000000e+00 0.000000000000000000e+00 0.000000000000000000e+00 0.000000000000000000e+00 9.170044164426418831e+01 0.000000000000000000e+00 0.000000000000000000e+00 0.000000000000000000e+00
1.242252163211977859e+03 4.422521632123578001e+02 0.000000000000000000e+00 9.122684289073535524e+01 0.000000000000000000e+00 0.000000000000000000e+00 0.000000000000000000e+00 0.000000000000000000e+00 0.000000000000000000e+00 0.000000000000000000e+00 0.000000000000000000e+00 0.000000000000000000e+00 0.000000000000000000e+00 0.000000000000000000e+00 0.000000000000000000e+00 9.158139995594717675e+01 0.000000000000000000e+00 0.000000000000000000e+00 0.000000000000000000e+00
1.242247525334183365e+03 5.577175791724487226e+02 0.000000000000000000e+00 9.160973487509951951e+01 0.000000000000000000e+00 0.000000000000000000e+00 0.000000000000000000e+00 0.000000000000000000e+00 0.000000000000000000e+00 0.000000000000000000e+00 0.000000000000000000e+00 0.000000000000000000e+00 0.000000000000000000e+00 0.000000000000000000e+00 0.000000000000000000e+00 9.169397915387483522e+01 0.000000000000000000e+00 0.000000000000000000e+00 0.000000000000000000e+00
4.422644738949683187e+02 1.557734527732903189e+03 0.000000000000000000e+00 9.129270288867824945e+01 0.000000000000000000e+00 0.000000000000000000e+00 0.000000000000000000e+00 0.000000000000000000e+00 0.000000000000000000e+00 0.000000000000000000e+00 0.000000000000000000e+00 0.000000000000000000e+00 0.000000000000000000e+00 0.000000000000000000e+00 0.000000000000000000e+00 9.171107660617902013e+01 0.000000000000000000e+00 0.000000000000000000e+00 0.000000000000000000e+00
4.422636987460109594e+02 1.442263698746015052e+03 0.000000000000000000e+00 9.150173908825374269e+01 0.000000000000000000e+00 0.000000000000000000e+00 0.000000000000000000e+00 0.000000000000000000e+00 0.000000000000000000e+00 0.000000000000000000e+00 0.000000000000000000e+00 0.000000000000000000e+00 0.000000000000000000e+00 0.000000000000000000e+00 0.000000000000000000e+00 9.178514887915568465e+01 0.000000000000000000e+00 0.000000000000000000e+00 0.000000000000000000e+00
5.577345602945215433e+02 1.557734560294525636e+03 0.000000000000000000e+00 9.135219387807380542e+01 0.000000000000000000e+00 0.000000000000000000e+00 0.000000000000000000e+00 0.000000000000000000e+00 0.000000000000000000e+00 0.000000000000000000e+00 0.000000000000000000e+00 0.000000000000000000e+00 0.000000000000000000e+00 0.000000000000000000e+00 0.000000000000000000e+00 9.170312388731451847e+01 0.000000000000000000e+00 0.000000000000000000e+00 0.000000000000000000e+00
5.577331043238965549e+02 1.442263050485969870e+03 0.000000000000000000e+00 9.156139988141357833e+01 0.000000000000000000e+00 0.000000000000000000e+00 0.000000000000000000e+00 0.000000000000000000e+00 0.000000000000000000e+00 0.000000000000000000e+00 0.000000000000000000e+00 0.000000000000000000e+00 0.000000000000000000e+00 0.000000000000000000e+00 0.000000000000000000e+00 9.177719721062723579e+01 0.000000000000000000e+00 0.000000000000000000e+00 0.000000000000000000e+00
1.157734727883795586e+03 1.557734727883812411e+03 0.000000000000000000e+00 9.129183216305609960e+01 0.000000000000000000e+00 0.000000000000000000e+00 0.000000000000000000e+00 0.000000000000000000e+00 0.000000000000000000e+00 0.000000000000000000e+00 0.000000000000000000e+00 0.000000000000000000e+00 0.000000000000000000e+00 0.000000000000000000e+00 0.000000000000000000e+00 9.116740166053585881e+01 0.000000000000000000e+00 0.000000000000000000e+00 0.000000000000000000e+00
1.042264688289742026e+03 1.557734742127681784e+03 0.000000000000000000e+00 9.128398900421585438e+01 0.000000000000000000e+00 0.000000000000000000e+00 0.000000000000000000e+00 0.000000000000000000e+00 0.000000000000000000e+00 0.000000000000000000e+00 0.000000000000000000e+00 0.000000000000000000e+00 0.000000000000000000e+00 0.000000000000000000e+00 0.000000000000000000e+00 9.117897371063131118e+01 0.000000000000000000e+00 0.000000000000000000e+00 0.000000000000000000e+00
1.157734593696518232e+03 1.442264539858625312e+03 0.000000000000000000e+00 9.144256674316201838e+01 0.000000000000000000e+00 0.000000000000000000e+00 0.000000000000000000e+00 0.000000000000000000e+00 0.000000000000000000e+00 0.000000000000000000e+00 0.000000000000000000e+00 0.000000000000000000e+00 0.000000000000000000e+00 0.000000000000000000e+00 0.000000000000000000e+00 9.139446847072071023e+01 0.000000000000000000e+00 0.000000000000000000e+00 0.000000000000000000e+00
1.042263635738649327e+03 1.442263635738675475e+03 0.000000000000000000e+00 9.143473474375085175e+01 0.000000000000000000e+00 0.000000000000000000e+00 0.000000000000000000e+00 0.000000000000000000e+00 0.000000000000000000e+00 0.000000000000000000e+00 0.000000000000000000e+00 0.000000000000000000e+00 0.000000000000000000e+00 0.000000000000000000e+00 0.000000000000000000e+00 9.140601308602015251e+01 0.000000000000000000e+00 0.000000000000000000e+00 0.000000000000000000e+00
6.422649481548512540e+02 1.757735001992789421e+03 0.000000000000000000e+00 9.105740318380618703e+01 0.000000000000000000e+00 0.000000000000000000e+00 0.000000000000000000e+00 0.000000000000000000e+00 0.000000000000000000e+00 0.000000000000000000e+00 0.000000000000000000e+00 0.000000000000000000e+00 0.000000000000000000e+00 0.000000000000000000e+00 0.000000000000000000e+00 9.194769499054672224e+01 0.000000000000000000e+00 0.000000000000000000e+00 0.000000000000000000e+00
6.422649011037871105e+02 1.642264901103792226e+03 0.000000000000000000e+00 9.125222367306767524e+01 0.000000000000000000e+00 0.000000000000000000e+00 0.000000000000000000e+00 0.000000000000000000e+00 0.000000000000000000e+00 0.000000000000000000e+00 0.000000000000000000e+00 0.000000000000000000e+00 0.000000000000000000e+00 0.000000000000000000e+00 0.000000000000000000e+00 9.184031416021026928e+01 0.000000000000000000e+00 0.000000000000000000e+00 0.000000000000000000e+00
7.577350036756945428e+02 1.757735003675700909e+03 0.000000000000000000e+00 9.106303598544938893e+01 0.000000000000000000e+00 0.000000000000000000e+00 0.000000000000000000e+00 0.000000000000000000e+00 0.000000000000000000e+00 0.000000000000000000e+00 0.000000000000000000e+00 0.000000000000000000e+00 0.000000000000000000e+00 0.000000000000000000e+00 0.000000000000000000e+00 9.193018875129610024e+01 0.000000000000000000e+00 0.000000000000000000e+00 0.000000000000000000e+00
7.577349251367380703e+02 1.642264871298817525e+03 0.000000000000000000e+00 9.125783809379484524e+01 0.000000000000000000e+00 0.000000000000000000e+00 0.000000000000000000e+00 0.000000000000000000e+00 0.000000000000000000e+00 0.000000000000000000e+00 0.000000000000000000e+00 0.000000000000000000e+00 0.000000000000000000e+00 0.000000000000000000e+00 0.000000000000000000e+00 9.182277551881649913e+01 0.000000000000000000e+00 0.000000000000000000e+00 0.000000000000000000e+00
6.421750077166682331e+02 4.217500771727233655e+01 0.000000000000000000e+00 9.194888333883575626e+01 0.000000000000000000e+00 0.000000000000000000e+00 0.000000000000000000e+00 0.000000000000000000e+00 0.000000000000000000e+00 0.000000000000000000e+00 0.000000000000000000e+00 0.000000000000000000e+00 0.000000000000000000e+00 0.000000000000000000e+00 0.000000000000000000e+00 9.035785308419580986e+01 0.000000000000000000e+00 0.000000000000000000e+00 0.000000000000000000e+00
7.576241104482267019e+02 4.215405661085571865e+01 0.000000000000000000e+00 9.191720641305094830e+01 0.000000000000000000e+00 0.000000000000000000e+00 0.000000000000000000e+00 0.000000000000000000e+00 0.000000000000000000e+00 0.000000000000000000e+00 0.000000000000000000e+00 0.000000000000000000e+00 0.000000000000000000e+00 0.000000000000000000e+00 0.000000000000000000e+00 9.034973244122870994e+01 0.000000000000000000e+00 0.000000000000000000e+00 0.000000000000000000e+00
6.417442168412327419e+02 1.572142706796241782e+02 0.000000000000000000e+00 9.141691521507394214e+01 0.000000000000000000e+00 0.000000000000000000e+00 0.000000000000000000e+00 0.000000000000000000e+00 0.000000000000000000e+00 0.000000000000000000e+00 0.000000000000000000e+00 0.000000000000000000e+00 0.000000000000000000e+00 0.000000000000000000e+00 0.000000000000000000e+00 9.019812405317510695e+01 0.000000000000000000e+00 0.000000000000000000e+00 0.000000000000000000e+00
7.575060819471640343e+02 1.575060819476939287e+02 0.000000000000000000e+00 9.138589543095827139e+01 0.000000000000000000e+00 0.000000000000000000e+00 0.000000000000000000e+00 0.000000000000000000e+00 0.000000000000000000e+00 0.000000000000000000e+00 0.000000000000000000e+00 0.000000000000000000e+00 0.000000000000000000e+00 0.000000000000000000e+00 0.000000000000000000e+00 9.019021618211016289e+01 0.000000000000000000e+00 0.000000000000000000e+00 0.000000000000000000e+00
1.577350268678580676e+02 1.957735026867870829e+03 0.000000000000000000e+00 8.266327796821639140e+01 0.000000000000000000e+00 0.000000000000000000e+00 0.000000000000000000e+00 0.000000000000000000e+00 0.000000000000000000e+00 0.000000000000000000e+00 0.000000000000000000e+00 0.000000000000000000e+00 0.000000000000000000e+00 0.000000000000000000e+00 0.000000000000000000e+00 9.130600730054655401e+01 0.000000000000000000e+00 0.000000000000000000e+00 0.000000000000000000e+00
4.226497300255930867e+01 1.957735026840489127e+03 0.000000000000000000e+00 8.233555956535006715e+01 0.000000000000000000e+00 0.000000000000000000e+00 0.000000000000000000e+00 0.000000000000000000e+00 0.000000000000000000e+00 0.000000000000000000e+00 0.000000000000000000e+00 0.000000000000000000e+00 0.000000000000000000e+00 0.000000000000000000e+00 0.000000000000000000e+00 9.161405216509774618e+01 0.000000000000000000e+00 0.000000000000000000e+00 0.000000000000000000e+00
1.577350264864866176e+02 1.842264972648577213e+03 0.000000000000000000e+00 8.452095317071859881e+01 0.000000000000000000e+00 0.000000000000000000e+00 0.000000000000000000e+00 0.000000000000000000e+00 0.000000000000000000e+00 0.000000000000000000e+00 0.000000000000000000e+00 0.000000000000000000e+00 0.000000000000000000e+00 0.000000000000000000e+00 0.000000000000000000e+00 8.800916292998412871e+01 0.000000000000000000e+00 0.000000000000000000e+00 0.000000000000000000e+00
4.226497302994054905e+01 1.842264973029953353e+03 0.000000000000000000e+00 8.419136701715589766e+01 0.000000000000000000e+00 0.000000000000000000e+00 0.000000000000000000e+00 0.000000000000000000e+00 0.000000000000000000e+00 0.000000000000000000e+00 0.000000000000000000e+00 0.000000000000000000e+00 0.000000000000000000e+00 0.000000000000000000e+00 0.000000000000000000e+00 8.832799160418383622e+01 0.000000000000000000e+00 0.000000000000000000e+00 0.000000000000000000e+00
6.418560685428097941e+02 6.418560685430351214e+02 0.000000000000000000e+00 9.175213946112562269e+01 0.000000000000000000e+00 0.000000000000000000e+00 0.000000000000000000e+00 0.000000000000000000e+00 0.000000000000000000e+00 0.000000000000000000e+00 0.000000000000000000e+00 0.000000000000000000e+00 0.000000000000000000e+00 0.000000000000000000e+00 0.000000000000000000e+00 9.173587461021725176e+01 0.000000000000000000e+00 0.000000000000000000e+00 0.000000000000000000e+00
7.574812460149673825e+02 6.420111921773393533e+02 0.000000000000000000e+00 9.174543588903927116e+01 0.000000000000000000e+00 0.000000000000000000e+00 0.000000000000000000e+00 0.000000000000000000e+00 0.000000000000000000e+00 0.000000000000000000e+00 0.000000000000000000e+00 0.000000000000000000e+00 0.000000000000000000e+00 0.000000000000000000e+00 0.000000000000000000e+00 9.175915497431692813e+01 0.000000000000000000e+00 0.000000000000000000e+00 0.000000000000000000e+00
6.420149321262958892e+02 7.574849859643857144e+02 0.000000000000000000e+00 9.189428362757261937e+01 0.000000000000000000e+00 0.000000000000000000e+00 0.000000000000000000e+00 0.000000000000000000e+00 0.000000000000000000e+00 0.000000000000000000e+00 0.000000000000000000e+00 0.000000000000000000e+00 0.000000000000000000e+00 0.000000000000000000e+00 0.000000000000000000e+00 9.188010009758781393e+01 0.000000000000000000e+00 0.000000000000000000e+00 0.000000000000000000e+00
7.575341930075114760e+02 7.575341930077298684e+02 0.000000000000000000e+00 9.188765245417380356e+01 0.000000000000000000e+00 0.000000000000000000e+00 0.000000000000000000e+00 0.000000000000000000e+00 0.000000000000000000e+00 0.000000000000000000e+00 0.000000000000000000e+00 0.000000000000000000e+00 0.000000000000000000e+00 0.000000000000000000e+00 0.000000000000000000e+00 9.190346842799624483e+01 0.000000000000000000e+00 0.000000000000000000e+00 0.000000000000000000e+00
5.575279077706006774e+02 8.420578539327631233e+02 0.000000000000000000e+00 9.181668154887739774e+01 0.000000000000000000e+00 0.000000000000000000e+00 0.000000000000000000e+00 0.000000000000000000e+00 0.000000000000000000e+00 0.000000000000000000e+00 0.000000000000000000e+00 0.000000000000000000e+00 0.000000000000000000e+00 0.000000000000000000e+00 0.000000000000000000e+00 9.170316512992786784e+01 0.000000000000000000e+00 0.000000000000000000e+00 0.000000000000000000e+00
5.576196516026739118e+02 9.576196516027048347e+02 0.000000000000000000e+00 9.180185461181832807e+01 0.000000000000000000e+00 0.000000000000000000e+00 0.000000000000000000e+00 0.000000000000000000e+00 0.000000000000000000e+00 0.000000000000000000e+00 0.000000000000000000e+00 0.000000000000000000e+00 0.000000000000000000e+00 0.000000000000000000e+00 0.000000000000000000e+00 9.174883517436879288e+01 0.000000000000000000e+00 0.000000000000000000e+00 0.000000000000000000e+00
4.420106270650120450e+02 8.420106270650494480e+02 0.000000000000000000e+00 9.183543953396781490e+01 0.000000000000000000e+00 0.000000000000000000e+00 0.000000000000000000e+00 0.000000000000000000e+00 0.000000000000000000e+00 0.000000000000000000e+00 0.000000000000000000e+00 0.000000000000000000e+00 0.000000000000000000e+00 0.000000000000000000e+00 0.000000000000000000e+00 9.172213358931570326e+01 0.000000000000000000e+00 0.000000000000000000e+00 0.000000000000000000e+00
4.421522369112646516e+02 9.576222907492054901e+02 0.000000000000000000e+00 9.182064896212450833e+01 0.000000000000000000e+00 0.000000000000000000e+00 0.000000000000000000e+00 0.000000000000000000e+00 0.000000000000000000e+00 0.000000000000000000e+00 0.000000000000000000e+00 0.000000000000000000e+00 0.000000000000000000e+00 0.000000000000000000e+00 0.000000000000000000e+00 9.176776479225691219e+01 0.000000000000000000e+00 0.000000000000000000e+00 0.000000000000000000e+00
1.242260346566304406e+03 1.577304004045850832e+02 0.000000000000000000e+00 9.022524541969131917e+01 0.000000000000000000e+00 0.000000000000000000e+00 0.000000000000000000e+00 0.000000000000000000e+00 0.000000000000000000e+00 0.000000000000000000e+00 0.000000000000000000e+00 0.000000000000000000e+00 0.000000000000000000e+00 0.000000000000000000e+00 0.000000000000000000e+00 9.135610340414827135e+01 0.000000000000000000e+00 0.000000000000000000e+00 0.000000000000000000e+00
1.242264398832041479e+03 4.226439883232816186e+01 0.000000000000000000e+00 9.034539027720279591e+01 0.000000000000000000e+00 0.000000000000000000e+00 0.000000000000000000e+00 0.000000000000000000e+00 0.000000000000000000e+00 0.000000000000000000e+00 0.000000000000000000e+00 0.000000000000000000e+00 0.000000000000000000e+00 0.000000000000000000e+00 0.000000000000000000e+00 9.192188761218781679e+01 0.000000000000000000e+00 0.000000000000000000e+00 0.000000000000000000e+00
1.357734317578676610e+03 1.577343175789216048e+02 0.000000000000000000e+00 9.023363469155196981e+01 0.000000000000000000e+00 0.000000000000000000e+00 0.000000000000000000e+00 0.000000000000000000e+00 0.000000000000000000e+00 0.000000000000000000e+00 0.000000000000000000e+00 0.000000000000000000e+00 0.000000000000000000e+00 0.000000000000000000e+00 0.000000000000000000e+00 9.139040779482046162e+01 0.000000000000000000e+00 0.000000000000000000e+00 0.000000000000000000e+00
1.357734171429540311e+03 4.226411759186435546e+01 0.000000000000000000e+00 9.035376977154626843e+01 0.000000000000000000e+00 0.000000000000000000e+00 0.000000000000000000e+00 0.000000000000000000e+00 0.000000000000000000e+00 0.000000000000000000e+00 0.000000000000000000e+00 0.000000000000000000e+00 0.000000000000000000e+00 0.000000000000000000e+00 0.000000000000000000e+00 9.195606024659872446e+01 0.000000000000000000e+00 0.000000000000000000e+00 0.000000000000000000e+00
1.557734903956592461e+03 1.577349039566828708e+02 0.000000000000000000e+00 8.929817458589317880e+01 0.000000000000000000e+00 0.000000000000000000e+00 0.000000000000000000e+00 0.000000000000000000e+00 0.000000000000000000e+00 0.000000000000000000e+00 0.000000000000000000e+00 0.000000000000000000e+00 0.000000000000000000e+00 0.000000000000000000e+00 0.000000000000000000e+00 9.160868342773289896e+01 0.000000000000000000e+00 0.000000000000000000e+00 0.000000000000000000e+00
1.442264795817599634e+03 1.577348496557210638e+02 0.000000000000000000e+00 8.926551043633793370e+01 0.000000000000000000e+00 0.000000000000000000e+00 0.000000000000000000e+00 0.000000000000000000e+00 0.000000000000000000e+00 0.000000000000000000e+00 0.000000000000000000e+00 0.000000000000000000e+00 0.000000000000000000e+00 0.000000000000000000e+00 0.000000000000000000e+00 9.156126442830134238e+01 0.000000000000000000e+00 0.000000000000000000e+00 0.000000000000000000e+00
1.557734984746899272e+03 4.226493090912762796e+01 0.000000000000000000e+00 8.957478202749622653e+01 0.000000000000000000e+00 0.000000000000000000e+00 0.000000000000000000e+00 0.000000000000000000e+00 0.000000000000000000e+00 0.000000000000000000e+00 0.000000000000000000e+00 0.000000000000000000e+00 0.000000000000000000e+00 0.000000000000000000e+00 0.000000000000000000e+00 9.200875129686635034e+01 0.000000000000000000e+00 0.000000000000000000e+00 0.000000000000000000e+00
1.442264934807570171e+03 4.226493480776126432e+01 0.000000000000000000e+00 8.954213416965920658e+01 0.000000000000000000e+00 0.000000000000000000e+00 0.000000000000000000e+00 0.000000000000000000e+00 0.000000000000000000e+00 0.000000000000000000e+00 0.000000000000000000e+00 0.000000000000000000e+00 0.000000000000000000e+00 0.000000000000000000e+00 0.000000000000000000e+00 9.196159260253405421e+01 0.000000000000000000e+00 0.000000000000000000e+00 0.000000000000000000e+00
4.226497262034142466e+01 1.642264972620365597e+03 0.000000000000000000e+00 8.468452031238419409e+01 0.000000000000000000e+00 0.000000000000000000e+00 0.000000000000000000e+00 0.000000000000000000e+00 0.000000000000000000e+00 0.000000000000000000e+00 0.000000000000000000e+00 0.000000000000000000e+00 0.000000000000000000e+00 0.000000000000000000e+00 0.000000000000000000e+00 8.658624133289080760e+01 0.000000000000000000e+00 0.000000000000000000e+00 0.000000000000000000e+00
1.577350236327270068e+02 1.642264969794824083e+03 0.000000000000000000e+00 8.489783916404869046e+01 0.000000000000000000e+00 0.000000000000000000e+00 0.000000000000000000e+00 0.000000000000000000e+00 0.000000000000000000e+00 0.000000000000000000e+00 0.000000000000000000e+00 0.000000000000000000e+00 0.000000000000000000e+00 0.000000000000000000e+00 0.000000000000000000e+00 8.633875152775880224e+01 0.000000000000000000e+00 0.000000000000000000e+00 0.000000000000000000e+00
4.226497244289270583e+01 1.757735026280834063e+03 0.000000000000000000e+00 8.527895637939738549e+01 0.000000000000000000e+00 0.000000000000000000e+00 0.000000000000000000e+00 0.000000000000000000e+00 0.000000000000000000e+00 0.000000000000000000e+00 0.000000000000000000e+00 0.000000000000000000e+00 0.000000000000000000e+00 0.000000000000000000e+00 0.000000000000000000e+00 8.739402632807022542e+01 0.000000000000000000e+00 0.000000000000000000e+00 0.000000000000000000e+00
1.577350261042687123e+02 1.757735026104288636e+03 0.000000000000000000e+00 8.548814511501545610e+01 0.000000000000000000e+00 0.000000000000000000e+00 0.000000000000000000e+00 0.000000000000000000e+00 0.000000000000000000e+00 0.000000000000000000e+00 0.000000000000000000e+00 0.000000000000000000e+00 0.000000000000000000e+00 0.000000000000000000e+00 0.000000000000000000e+00 8.715206259288947876e+01 0.000000000000000000e+00 0.000000000000000000e+00 0.000000000000000000e+00
3.577339463831755779e+02 1.442263892545259750e+03 0.000000000000000000e+00 9.328615109817192774e+01 0.000000000000000000e+00 0.000000000000000000e+00 0.000000000000000000e+00 0.000000000000000000e+00 0.000000000000000000e+00 0.000000000000000000e+00 0.000000000000000000e+00 0.000000000000000000e+00 0.000000000000000000e+00 0.000000000000000000e+00 0.000000000000000000e+00 9.400566219995893391e+01 0.000000000000000000e+00 0.000000000000000000e+00 0.000000000000000000e+00
3.577348161825648845e+02 1.557734816182580289e+03 0.000000000000000000e+00 9.345288155371278549e+01 0.000000000000000000e+00 0.000000000000000000e+00 0.000000000000000000e+00 0.000000000000000000e+00 0.000000000000000000e+00 0.000000000000000000e+00 0.000000000000000000e+00 0.000000000000000000e+00 0.000000000000000000e+00 0.000000000000000000e+00 0.000000000000000000e+00 9.406021918695364548e+01 0.000000000000000000e+00 0.000000000000000000e+00 0.000000000000000000e+00
2.422646095299162425e+02 1.442264609529937388e+03 0.000000000000000000e+00 9.322677096767463922e+01 0.000000000000000000e+00 0.000000000000000000e+00 0.000000000000000000e+00 0.000000000000000000e+00 0.000000000000000000e+00 0.000000000000000000e+00 0.000000000000000000e+00 0.000000000000000000e+00 0.000000000000000000e+00 0.000000000000000000e+00 0.000000000000000000e+00 9.402536888913016355e+01 0.000000000000000000e+00 0.000000000000000000e+00 0.000000000000000000e+00
2.422647471900893095e+02 1.557734801028035008e+03 0.000000000000000000e+00 9.339383592420102786e+01 0.000000000000000000e+00 0.000000000000000000e+00 0.000000000000000000e+00 0.000000000000000000e+00 0.000000000000000000e+00 0.000000000000000000e+00 0.000000000000000000e+00 0.000000000000000000e+00 0.000000000000000000e+00 0.000000000000000000e+00 0.000000000000000000e+00 9.407988943155460504e+01 0.000000000000000000e+00 0.000000000000000000e+00 0.000000000000000000e+00
7.577330299723644202e+02 1.442262976134443079e+03 0.000000000000000000e+00 9.161000571499783973e+01 0.000000000000000000e+00 0.000000000000000000e+00 0.000000000000000000e+00 0.000000000000000000e+00 0.000000000000000000e+00 0.000000000000000000e+00 0.000000000000000000e+00 0.000000000000000000e+00 0.000000000000000000e+00 0.000000000000000000e+00 0.000000000000000000e+00 9.169658163921785388e+01 0.000000000000000000e+00 0.000000000000000000e+00 0.000000000000000000e+00
7.577343932818229177e+02 1.557734393281824168e+03 0.000000000000000000e+00 9.122653531056062093e+01 0.000000000000000000e+00 0.000000000000000000e+00 0.000000000000000000e+00 0.000000000000000000e+00 0.000000000000000000e+00 0.000000000000000000e+00 0.000000000000000000e+00 0.000000000000000000e+00 0.000000000000000000e+00 0.000000000000000000e+00 0.000000000000000000e+00 9.158416925802762876e+01 0.000000000000000000e+00 0.000000000000000000e+00 0.000000000000000000e+00
6.422629567753619995e+02 1.442262956775359044e+03 0.000000000000000000e+00 9.158364448835574478e+01 0.000000000000000000e+00 0.000000000000000000e+00 0.000000000000000000e+00 0.000000000000000000e+00 0.000000000000000000e+00 0.000000000000000000e+00 0.000000000000000000e+00 0.000000000000000000e+00 0.000000000000000000e+00 0.000000000000000000e+00 0.000000000000000000e+00 9.170323113648613855e+01 0.000000000000000000e+00 0.000000000000000000e+00 0.000000000000000000e+00
6.422643705179630160e+02 1.557734424355891178e+03 0.000000000000000000e+00 9.120010518616336981e+01 0.000000000000000000e+00 0.000000000000000000e+00 0.000000000000000000e+00 0.000000000000000000e+00 0.000000000000000000e+00 0.000000000000000000e+00 0.000000000000000000e+00 0.000000000000000000e+00 0.000000000000000000e+00 0.000000000000000000e+00 0.000000000000000000e+00 9.159082517002694601e+01 0.000000000000000000e+00 0.000000000000000000e+00 0.000000000000000000e+00
2.422649712665949266e+02 1.957735025104535907e+03 0.000000000000000000e+00 8.896580262309313980e+01 0.000000000000000000e+00 0.000000000000000000e+00 0.000000000000000000e+00 0.000000000000000000e+00 0.000000000000000000e+00 0.000000000000000000e+00 0.000000000000000000e+00 0.000000000000000000e+00 0.000000000000000000e+00 0.000000000000000000e+00 0.000000000000000000e+00 9.746432426883950484e+01 0.000000000000000000e+00 0.000000000000000000e+00 0.000000000000000000e+00
2.422649715004770030e+02 1.842264971500496586e+03 0.000000000000000000e+00 9.126269211719485952e+01 0.000000000000000000e+00 0.000000000000000000e+00 0.000000000000000000e+00 0.000000000000000000e+00 0.000000000000000000e+00 0.000000000000000000e+00 0.000000000000000000e+00 0.000000000000000000e+00 0.000000000000000000e+00 0.000000000000000000e+00 0.000000000000000000e+00 9.496546500858507045e+01 0.000000000000000000e+00 0.000000000000000000e+00 0.000000000000000000e+00
3.577350256923846246e+02 1.957735025692408726e+03 0.000000000000000000e+00 8.897721720191617578e+01 0.000000000000000000e+00 0.000000000000000000e+00 0.000000000000000000e+00 0.000000000000000000e+00 0.000000000000000000e+00 0.000000000000000000e+00 0.000000000000000000e+00 0.000000000000000000e+00 0.000000000000000000e+00 0.000000000000000000e+00 0.000000000000000000e+00 9.736532723348381069e+01 0.000000000000000000e+00 0.000000000000000000e+00 0.000000000000000000e+00
3.577350171503891261e+02 1.842264963312483587e+03 0.000000000000000000e+00 9.127205473196889329e+01 0.000000000000000000e+00 0.000000000000000000e+00 0.000000000000000000e+00 0.000000000000000000e+00 0.000000000000000000e+00 0.000000000000000000e+00 0.000000000000000000e+00 0.000000000000000000e+00 0.000000000000000000e+00 0.000000000000000000e+00 0.000000000000000000e+00 9.486589352447566625e+01 0.000000000000000000e+00 0.000000000000000000e+00 0.000000000000000000e+00
1.557735025883131811e+03 1.757735025883110211e+03 0.000000000000000000e+00 9.217066414164352750e+01 0.000000000000000000e+00 0.000000000000000000e+00 0.000000000000000000e+00 0.000000000000000000e+00 0.000000000000000000e+00 0.000000000000000000e+00 0.000000000000000000e+00 0.000000000000000000e+00 0.000000000000000000e+00 0.000000000000000000e+00 0.000000000000000000e+00 9.024235396595241809e+01 0.000000000000000000e+00 0.000000000000000000e+00 0.000000000000000000e+00
1.442264972173338037e+03 1.757735026011243008e+03 0.000000000000000000e+00 9.214570904508062199e+01 0.000000000000000000e+00 0.000000000000000000e+00 0.000000000000000000e+00 0.000000000000000000e+00 0.000000000000000000e+00 0.000000000000000000e+00 0.000000000000000000e+00 0.000000000000000000e+00 0.000000000000000000e+00 0.000000000000000000e+00 0.000000000000000000e+00 9.027576123972289679e+01 0.000000000000000000e+00 0.000000000000000000e+00 0.000000000000000000e+00
1.557735025673415521e+03 1.642264971835460301e+03 0.000000000000000000e+00 9.201800414241191106e+01 0.000000000000000000e+00 0.000000000000000000e+00 0.000000000000000000e+00 0.000000000000000000e+00 0.000000000000000000e+00 0.000000000000000000e+00 0.000000000000000000e+00 0.000000000000000000e+00 0.000000000000000000e+00 0.000000000000000000e+00 0.000000000000000000e+00 9.118206649098495120e+01 0.000000000000000000e+00 0.000000000000000000e+00 0.000000000000000000e+00
1.442264967856177236e+03 1.642264967856167232e+03 0.000000000000000000e+00 9.199298324816358274e+01 0.000000000000000000e+00 0.000000000000000000e+00 0.000000000000000000e+00 0.000000000000000000e+00 0.000000000000000000e+00 0.000000000000000000e+00 0.000000000000000000e+00 0.000000000000000000e+00 0.000000000000000000e+00 0.000000000000000000e+00 0.000000000000000000e+00 9.121503772336870952e+01 0.000000000000000000e+00 0.000000000000000000e+00 0.000000000000000000e+00
9.577349338574524609e+02 1.642264880019533621e+03 0.000000000000000000e+00 9.132127235163505929e+01 0.000000000000000000e+00 0.000000000000000000e+00 0.000000000000000000e+00 0.000000000000000000e+00 0.000000000000000000e+00 0.000000000000000000e+00 0.000000000000000000e+00 0.000000000000000000e+00 0.000000000000000000e+00 0.000000000000000000e+00 0.000000000000000000e+00 9.149944827556780069e+01 0.000000000000000000e+00 0.000000000000000000e+00 0.000000000000000000e+00
9.577349988827561447e+02 1.757734998882750915e+03 0.000000000000000000e+00 9.131468846653918092e+01 0.000000000000000000e+00 0.000000000000000000e+00 0.000000000000000000e+00 0.000000000000000000e+00 0.000000000000000000e+00 0.000000000000000000e+00 0.000000000000000000e+00 0.000000000000000000e+00 0.000000000000000000e+00 0.000000000000000000e+00 0.000000000000000000e+00 9.160673183023197907e+01 0.000000000000000000e+00 0.000000000000000000e+00 0.000000000000000000e+00
8.422648687026402285e+02 1.642264868702641706e+03 0.000000000000000000e+00 9.131424615390089627e+01 0.000000000000000000e+00 0.000000000000000000e+00 0.000000000000000000e+00 0.000000000000000000e+00 0.000000000000000000e+00 0.000000000000000000e+00 0.000000000000000000e+00 0.000000000000000000e+00 0.000000000000000000e+00 0.000000000000000000e+00 0.000000000000000000e+00 9.151221087945832267e+01 0.000000000000000000e+00 0.000000000000000000e+00 0.000000000000000000e+00
8.422649459511044370e+02 1.757734999789034191e+03 0.000000000000000000e+00 9.130766568990289045e+01 0.000000000000000000e+00 0.000000000000000000e+00 0.000000000000000000e+00 0.000000000000000000e+00 0.000000000000000000e+00 0.000000000000000000e+00 0.000000000000000000e+00 0.000000000000000000e+00 0.000000000000000000e+00 0.000000000000000000e+00 0.000000000000000000e+00 9.161947656222471892e+01 0.000000000000000000e+00 0.000000000000000000e+00 0.000000000000000000e+00
7.577350258216105203e+02 1.842264971983700434e+03 0.000000000000000000e+00 9.022383205570167775e+01 0.000000000000000000e+00 0.000000000000000000e+00 0.000000000000000000e+00 0.000000000000000000e+00 0.000000000000000000e+00 0.000000000000000000e+00 0.000000000000000000e+00 0.000000000000000000e+00 0.000000000000000000e+00 0.000000000000000000e+00 0.000000000000000000e+00 9.135831879772190689e+01 0.000000000000000000e+00 0.000000000000000000e+00 0.000000000000000000e+00
7.577350267029211182e+02 1.957735026702964433e+03 0.000000000000000000e+00 9.034372327523701074e+01 0.000000000000000000e+00 0.000000000000000000e+00 0.000000000000000000e+00 0.000000000000000000e+00 0.000000000000000000e+00 0.000000000000000000e+00 0.000000000000000000e+00 0.000000000000000000e+00 0.000000000000000000e+00 0.000000000000000000e+00 0.000000000000000000e+00 9.192186123810621723e+01 0.000000000000000000e+00 0.000000000000000000e+00 0.000000000000000000e+00
6.422649724430352762e+02 1.842264972443057786e+03 0.000000000000000000e+00 9.023215784874005863e+01 0.000000000000000000e+00 0.000000000000000000e+00 0.000000000000000000e+00 0.000000000000000000e+00 0.000000000000000000e+00 0.000000000000000000e+00 0.000000000000000000e+00 0.000000000000000000e+00 0.000000000000000000e+00 0.000000000000000000e+00 0.000000000000000000e+00 9.139260221961907860e+01 0.000000000000000000e+00 0.000000000000000000e+00 0.000000000000000000e+00
6.422649728320242275e+02 1.957735026669984109e+03 0.000000000000000000e+00 9.035204133908317203e+01 0.000000000000000000e+00 0.000000000000000000e+00 0.000000000000000000e+00 0.000000000000000000e+00 0.000000000000000000e+00 0.000000000000000000e+00 0.000000000000000000e+00 0.000000000000000000e+00 0.000000000000000000e+00 0.000000000000000000e+00 0.000000000000000000e+00 9.195602227034315490e+01 0.000000000000000000e+00 0.000000000000000000e+00 0.000000000000000000e+00
1.957735026134117561e+03 6.422649722956148253e+02 0.000000000000000000e+00 8.475205673928064698e+01 0.000000000000000000e+00 0.000000000000000000e+00 0.000000000000000000e+00 0.000000000000000000e+00 0.000000000000000000e+00 0.000000000000000000e+00 0.000000000000000000e+00 0.000000000000000000e+00 0.000000000000000000e+00 0.000000000000000000e+00 0.000000000000000000e+00 8.542300072169075520e+01 0.000000000000000000e+00 0.000000000000000000e+00 0.000000000000000000e+00
1.957735026174327459e+03 7.577350261737946084e+02 0.000000000000000000e+00 8.465448509616318518e+01 0.000000000000000000e+00 0.000000000000000000e+00 0.000000000000000000e+00 0.000000000000000000e+00 0.000000000000000000e+00 0.000000000000000000e+00 0.000000000000000000e+00 0.000000000000000000e+00 0.000000000000000000e+00 0.000000000000000000e+00 0.000000000000000000e+00 8.510034356433908442e+01 0.000000000000000000e+00 0.000000000000000000e+00 0.000000000000000000e+00
1.842264970507015505e+03 6.422649705066015713e+02 0.000000000000000000e+00 8.472915492920236602e+01 0.000000000000000000e+00 0.000000000000000000e+00 0.000000000000000000e+00 0.000000000000000000e+00 0.000000000000000000e+00 0.000000000000000000e+00 0.000000000000000000e+00 0.000000000000000000e+00 0.000000000000000000e+00 0.000000000000000000e+00 0.000000000000000000e+00 8.534847251338490537e+01 0.000000000000000000e+00 0.000000000000000000e+00 0.000000000000000000e+00
1.842264969946963220e+03 7.577350237844829053e+02 0.000000000000000000e+00 8.463160100540227404e+01 0.000000000000000000e+00 0.000000000000000000e+00 0.000000000000000000e+00 0.000000000000000000e+00 0.000000000000000000e+00 0.000000000000000000e+00 0.000000000000000000e+00 0.000000000000000000e+00 0.000000000000000000e+00 0.000000000000000000e+00 0.000000000000000000e+00 8.502526757778365152e+01 0.000000000000000000e+00 0.000000000000000000e+00 0.000000000000000000e+00
4.422649718393840317e+02 1.957735025677334988e+03 0.000000000000000000e+00 8.957381870843114768e+01 0.000000000000000000e+00 0.000000000000000000e+00 0.000000000000000000e+00 0.000000000000000000e+00 0.000000000000000000e+00 0.000000000000000000e+00 0.000000000000000000e+00 0.000000000000000000e+00 0.000000000000000000e+00 0.000000000000000000e+00 0.000000000000000000e+00 9.200890182367474779e+01 0.000000000000000000e+00 0.000000000000000000e+00 0.000000000000000000e+00
4.422649633026466063e+02 1.842264963302669230e+03 0.000000000000000000e+00 8.929741467662380217e+01 0.000000000000000000e+00 0.000000000000000000e+00 0.000000000000000000e+00 0.000000000000000000e+00 0.000000000000000000e+00 0.000000000000000000e+00 0.000000000000000000e+00 0.000000000000000000e+00 0.000000000000000000e+00 0.000000000000000000e+00 0.000000000000000000e+00 9.160945823419677936e+01 0.000000000000000000e+00 0.000000000000000000e+00 0.000000000000000000e+00
5.577350250946873302e+02 1.957735025094721550e+03 0.000000000000000000e+00 8.954118038039938199e+01 0.000000000000000000e+00 0.000000000000000000e+00 0.000000000000000000e+00 0.000000000000000000e+00 0.000000000000000000e+00 0.000000000000000000e+00 0.000000000000000000e+00 0.000000000000000000e+00 0.000000000000000000e+00 0.000000000000000000e+00 0.000000000000000000e+00 9.196176244301676661e+01 0.000000000000000000e+00 0.000000000000000000e+00 0.000000000000000000e+00
5.577350252553333121e+02 1.842264971417428342e+03 0.000000000000000000e+00 8.926476017494204029e+01 0.000000000000000000e+00 0.000000000000000000e+00 0.000000000000000000e+00 0.000000000000000000e+00 0.000000000000000000e+00 0.000000000000000000e+00 0.000000000000000000e+00 0.000000000000000000e+00 0.000000000000000000e+00 0.000000000000000000e+00 0.000000000000000000e+00 9.156205886668446681e+01 0.000000000000000000e+00 0.000000000000000000e+00 0.000000000000000000e+00
4.223076599110341789e+01 9.577008198290540122e+02 0.000000000000000000e+00 8.482519486854067736e+01 0.000000000000000000e+00 0.000000000000000000e+00 0.000000000000000000e+00 0.000000000000000000e+00 0.000000000000000000e+00 0.000000000000000000e+00 0.000000000000000000e+00 0.000000000000000000e+00 0.000000000000000000e+00 0.000000000000000000e+00 0.000000000000000000e+00 8.474915648620873299e+01 0.000000000000000000e+00 0.000000000000000000e+00 0.000000000000000000e+00
4.223985669337961468e+01 8.422398566933447910e+02 0.000000000000000000e+00 8.485471381581604078e+01 0.000000000000000000e+00 0.000000000000000000e+00 0.000000000000000000e+00 0.000000000000000000e+00 0.000000000000000000e+00 0.000000000000000000e+00 0.000000000000000000e+00 0.000000000000000000e+00 0.000000000000000000e+00 0.000000000000000000e+00 0.000000000000000000e+00 8.470545086543781110e+01 0.000000000000000000e+00 0.000000000000000000e+00 0.000000000000000000e+00
1.576876363771397394e+02 9.576876363771347087e+02 0.000000000000000000e+00 8.478777857739099488e+01 0.000000000000000000e+00 0.000000000000000000e+00 0.000000000000000000e+00 0.000000000000000000e+00 0.000000000000000000e+00 0.000000000000000000e+00 0.000000000000000000e+00 0.000000000000000000e+00 0.000000000000000000e+00 0.000000000000000000e+00 0.000000000000000000e+00 8.470140035526910083e+01 0.000000000000000000e+00 0.000000000000000000e+00 0.000000000000000000e+00
1.575610192283311051e+02 8.420909653904001289e+02 0.000000000000000000e+00 8.481736988733439375e+01 0.000000000000000000e+00 0.000000000000000000e+00 0.000000000000000000e+00 0.000000000000000000e+00 0.000000000000000000e+00 0.000000000000000000e+00 0.000000000000000000e+00 0.000000000000000000e+00 0.000000000000000000e+00 0.000000000000000000e+00 0.000000000000000000e+00 8.465750675837233530e+01 0.000000000000000000e+00 0.000000000000000000e+00 0.000000000000000000e+00
1.842264971641349803e+03 2.422649716412024077e+02 0.000000000000000000e+00 8.548835609723491302e+01 0.000000000000000000e+00 0.000000000000000000e+00 0.000000000000000000e+00 0.000000000000000000e+00 0.000000000000000000e+00 0.000000000000000000e+00 0.000000000000000000e+00 0.000000000000000000e+00 0.000000000000000000e+00 0.000000000000000000e+00 0.000000000000000000e+00 8.715205716331043106e+01 0.000000000000000000e+00 0.000000000000000000e+00 0.000000000000000000e+00
1.957735026463090435e+03 2.422649726250378137e+02 0.000000000000000000e+00 8.527917500273055396e+01 0.000000000000000000e+00 0.000000000000000000e+00 0.000000000000000000e+00 0.000000000000000000e+00 0.000000000000000000e+00 0.000000000000000000e+00 0.000000000000000000e+00 0.000000000000000000e+00 0.000000000000000000e+00 0.000000000000000000e+00 0.000000000000000000e+00 8.739400363650371162e+01 0.000000000000000000e+00 0.000000000000000000e+00 0.000000000000000000e+00
1.842264971228636341e+03 3.577350250663107545e+02 0.000000000000000000e+00 8.489805592579307358e+01 0.000000000000000000e+00 0.000000000000000000e+00 0.000000000000000000e+00 0.000000000000000000e+00 0.000000000000000000e+00 0.000000000000000000e+00 0.000000000000000000e+00 0.000000000000000000e+00 0.000000000000000000e+00 0.000000000000000000e+00 0.000000000000000000e+00 8.633871084810522234e+01 0.000000000000000000e+00 0.000000000000000000e+00 0.000000000000000000e+00
1.957735026492722000e+03 3.577350264923901477e+02 0.000000000000000000e+00 8.468474501834593582e+01 0.000000000000000000e+00 0.000000000000000000e+00 0.000000000000000000e+00 0.000000000000000000e+00 0.000000000000000000e+00 0.000000000000000000e+00 0.000000000000000000e+00 0.000000000000000000e+00 0.000000000000000000e+00 0.000000000000000000e+00 0.000000000000000000e+00 8.658618268491063930e+01 0.000000000000000000e+00 0.000000000000000000e+00 0.000000000000000000e+00
7.577236865797425480e+02 1.242253632741836782e+03 0.000000000000000000e+00 9.189868575400458894e+01 0.000000000000000000e+00 0.000000000000000000e+00 0.000000000000000000e+00 0.000000000000000000e+00 0.000000000000000000e+00 0.000000000000000000e+00 0.000000000000000000e+00 0.000000000000000000e+00 0.000000000000000000e+00 0.000000000000000000e+00 0.000000000000000000e+00 9.189056880299239083e+01 0.000000000000000000e+00 0.000000000000000000e+00 0.000000000000000000e+00
7.577294460115650736e+02 1.357729446011570644e+03 0.000000000000000000e+00 9.175726098022659016e+01 0.000000000000000000e+00 0.000000000000000000e+00 0.000000000000000000e+00 0.000000000000000000e+00 0.000000000000000000e+00 0.000000000000000000e+00 0.000000000000000000e+00 0.000000000000000000e+00 0.000000000000000000e+00 0.000000000000000000e+00 0.000000000000000000e+00 9.174847381529157531e+01 0.000000000000000000e+00 0.000000000000000000e+00 0.000000000000000000e+00
6.422494541492318376e+02 1.242249454149233316e+03 0.000000000000000000e+00 9.187537149824575522e+01 0.000000000000000000e+00 0.000000000000000000e+00 0.000000000000000000e+00 0.000000000000000000e+00 0.000000000000000000e+00 0.000000000000000000e+00 0.000000000000000000e+00 0.000000000000000000e+00 0.000000000000000000e+00 0.000000000000000000e+00 0.000000000000000000e+00 9.189713714300924607e+01 0.000000000000000000e+00 0.000000000000000000e+00 0.000000000000000000e+00
6.422596750550297884e+02 1.357729728892954881e+03 0.000000000000000000e+00 9.173396068577451956e+01 0.000000000000000000e+00 0.000000000000000000e+00 0.000000000000000000e+00 0.000000000000000000e+00 0.000000000000000000e+00 0.000000000000000000e+00 0.000000000000000000e+00 0.000000000000000000e+00 0.000000000000000000e+00 0.000000000000000000e+00 0.000000000000000000e+00 9.175505538926438476e+01 0.000000000000000000e+00 0.000000000000000000e+00 0.000000000000000000e+00
4.226493072171851395e+01 1.557734984559670465e+03 0.000000000000000000e+00 8.473947606941443667e+01 0.000000000000000000e+00 0.000000000000000000e+00 0.000000000000000000e+00 0.000000000000000000e+00 0.000000000000000000e+00 0.000000000000000000e+00 0.000000000000000000e+00 0.000000000000000000e+00 0.000000000000000000e+00 0.000000000000000000e+00 0.000000000000000000e+00 8.559470884599869578e+01 0.000000000000000000e+00 0.000000000000000000e+00 0.000000000000000000e+00
4.226494516333872298e+01 1.442264945163374023e+03 0.000000000000000000e+00 8.470936136937527294e+01 0.000000000000000000e+00 0.000000000000000000e+00 0.000000000000000000e+00 0.000000000000000000e+00 0.000000000000000000e+00 0.000000000000000000e+00 0.000000000000000000e+00 0.000000000000000000e+00 0.000000000000000000e+00 0.000000000000000000e+00 0.000000000000000000e+00 8.551097118963230059e+01 0.000000000000000000e+00 0.000000000000000000e+00 0.000000000000000000e+00
1.577349963531730168e+02 1.557734996353198767e+03 0.000000000000000000e+00 8.460576122174943237e+01 0.000000000000000000e+00 0.000000000000000000e+00 0.000000000000000000e+00 0.000000000000000000e+00 0.000000000000000000e+00 0.000000000000000000e+00 0.000000000000000000e+00 0.000000000000000000e+00 0.000000000000000000e+00 0.000000000000000000e+00 0.000000000000000000e+00 8.558185872331686994e+01 0.000000000000000000e+00 0.000000000000000000e+00 0.000000000000000000e+00
1.577347952073517945e+02 1.442264741369451940e+03 0.000000000000000000e+00 8.457693990851475974e+01 0.000000000000000000e+00 0.000000000000000000e+00 0.000000000000000000e+00 0.000000000000000000e+00 0.000000000000000000e+00 0.000000000000000000e+00 0.000000000000000000e+00 0.000000000000000000e+00 0.000000000000000000e+00 0.000000000000000000e+00 0.000000000000000000e+00 8.549810396704825166e+01 0.000000000000000000e+00 0.000000000000000000e+00 0.000000000000000000e+00
1.042264888463415446e+03 1.642264888463419993e+03 0.000000000000000000e+00 9.149801413359091384e+01 0.000000000000000000e+00 0.000000000000000000e+00 0.000000000000000000e+00 0.000000000000000000e+00 0.000000000000000000e+00 0.000000000000000000e+00 0.000000000000000000e+00 0.000000000000000000e+00 0.000000000000000000e+00 0.000000000000000000e+00 0.000000000000000000e+00 9.132292573057056018e+01 0.000000000000000000e+00 0.000000000000000000e+00 0.000000000000000000e+00
1.157734993189469606e+03 1.642264939351551675e+03 0.000000000000000000e+00 9.151078212753931496e+01 0.000000000000000000e+00 0.000000000000000000e+00 0.000000000000000000e+00 0.000000000000000000e+00 0.000000000000000000e+00 0.000000000000000000e+00 0.000000000000000000e+00 0.000000000000000000e+00 0.000000000000000000e+00 0.000000000000000000e+00 0.000000000000000000e+00 9.131591860380092385e+01 0.000000000000000000e+00 0.000000000000000000e+00 0.000000000000000000e+00
1.042264957920805500e+03 1.757735011758724795e+03 0.000000000000000000e+00 9.160555742337254514e+01 0.000000000000000000e+00 0.000000000000000000e+00 0.000000000000000000e+00 0.000000000000000000e+00 0.000000000000000000e+00 0.000000000000000000e+00 0.000000000000000000e+00 0.000000000000000000e+00 0.000000000000000000e+00 0.000000000000000000e+00 0.000000000000000000e+00 9.131609730548026960e+01 0.000000000000000000e+00 0.000000000000000000e+00 0.000000000000000000e+00
1.157735008706936242e+03 1.757735008706924873e+03 0.000000000000000000e+00 9.161830756057621272e+01 0.000000000000000000e+00 0.000000000000000000e+00 0.000000000000000000e+00 0.000000000000000000e+00 0.000000000000000000e+00 0.000000000000000000e+00 0.000000000000000000e+00 0.000000000000000000e+00 0.000000000000000000e+00 0.000000000000000000e+00 0.000000000000000000e+00 9.130909356408608346e+01 0.000000000000000000e+00 0.000000000000000000e+00 0.000000000000000000e+00
1.242256338148896702e+03 1.042256338149021531e+03 0.000000000000000000e+00 9.197058438746336151e+01 0.000000000000000000e+00 0.000000000000000000e+00 0.000000000000000000e+00 0.000000000000000000e+00 0.000000000000000000e+00 0.000000000000000000e+00 0.000000000000000000e+00 0.000000000000000000e+00 0.000000000000000000e+00 0.000000000000000000e+00 0.000000000000000000e+00 9.196295072078515886e+01 0.000000000000000000e+00 0.000000000000000000e+00 0.000000000000000000e+00
1.357731871683828558e+03 1.042261817845983160e+03 0.000000000000000000e+00 9.197924075641361696e+01 0.000000000000000000e+00 0.000000000000000000e+00 0.000000000000000000e+00 0.000000000000000000e+00 0.000000000000000000e+00 0.000000000000000000e+00 0.000000000000000000e+00 0.000000000000000000e+00 0.000000000000000000e+00 0.000000000000000000e+00 0.000000000000000000e+00 9.196189174751359019e+01 0.000000000000000000e+00 0.000000000000000000e+00 0.000000000000000000e+00
1.242262016027997788e+03 1.157732069866008032e+03 0.000000000000000000e+00 9.190276247263234666e+01 0.000000000000000000e+00 0.000000000000000000e+00 0.000000000000000000e+00 0.000000000000000000e+00 0.000000000000000000e+00 0.000000000000000000e+00 0.000000000000000000e+00 0.000000000000000000e+00 0.000000000000000000e+00 0.000000000000000000e+00 0.000000000000000000e+00 9.193014177110613616e+01 0.000000000000000000e+00 0.000000000000000000e+00 0.000000000000000000e+00
1.357732759136451705e+03 1.157732759136513096e+03 0.000000000000000000e+00 9.191141760931762406e+01 0.000000000000000000e+00 0.000000000000000000e+00 0.000000000000000000e+00 0.000000000000000000e+00 0.000000000000000000e+00 0.000000000000000000e+00 0.000000000000000000e+00 0.000000000000000000e+00 0.000000000000000000e+00 0.000000000000000000e+00 0.000000000000000000e+00 9.192908156405751186e+01 0.000000000000000000e+00 0.000000000000000000e+00 0.000000000000000000e+00
4.226403644768711843e+01 1.357734090285648790e+03 0.000000000000000000e+00 8.475132662701362563e+01 0.000000000000000000e+00 0.000000000000000000e+00 0.000000000000000000e+00 0.000000000000000000e+00 0.000000000000000000e+00 0.000000000000000000e+00 0.000000000000000000e+00 0.000000000000000000e+00 0.000000000000000000e+00 0.000000000000000000e+00 0.000000000000000000e+00 8.542238846721492962e+01 0.000000000000000000e+00 0.000000000000000000e+00 0.000000000000000000e+00
4.226433907082509478e+01 1.242264339070870165e+03 0.000000000000000000e+00 8.465326938071763152e+01 0.000000000000000000e+00 0.000000000000000000e+00 0.000000000000000000e+00 0.000000000000000000e+00 0.000000000000000000e+00 0.000000000000000000e+00 0.000000000000000000e+00 0.000000000000000000e+00 0.000000000000000000e+00 0.000000000000000000e+00 0.000000000000000000e+00 8.509910493919561247e+01 0.000000000000000000e+00 0.000000000000000000e+00 0.000000000000000000e+00
1.577342035564583966e+02 1.357734203556486591e+03 0.000000000000000000e+00 8.472849134191787357e+01 0.000000000000000000e+00 0.000000000000000000e+00 0.000000000000000000e+00 0.000000000000000000e+00 0.000000000000000000e+00 0.000000000000000000e+00 0.000000000000000000e+00 0.000000000000000000e+00 0.000000000000000000e+00 0.000000000000000000e+00 0.000000000000000000e+00 8.534774880184373558e+01 0.000000000000000000e+00 0.000000000000000000e+00 0.000000000000000000e+00
1.577299885598904723e+02 1.242259934721988429e+03 0.000000000000000000e+00 8.463045298686515139e+01 0.000000000000000000e+00 0.000000000000000000e+00 0.000000000000000000e+00 0.000000000000000000e+00 0.000000000000000000e+00 0.000000000000000000e+00 0.000000000000000000e+00 0.000000000000000000e+00 0.000000000000000000e+00 0.000000000000000000e+00 0.000000000000000000e+00 8.502392059466929197e+01 0.000000000000000000e+00 0.000000000000000000e+00 0.000000000000000000e+00
9.577275295595095486e+02 1.242257475721641185e+03 0.000000000000000000e+00 9.173801489973803314e+01 0.000000000000000000e+00 0.000000000000000000e+00 0.000000000000000000e+00 0.000000000000000000e+00 0.000000000000000000e+00 0.000000000000000000e+00 0.000000000000000000e+00 0.000000000000000000e+00 0.000000000000000000e+00 0.000000000000000000e+00 0.000000000000000000e+00 9.170375950968318080e+01 0.000000000000000000e+00 0.000000000000000000e+00 0.000000000000000000e+00
9.577311610348351678e+02 1.357731161034865863e+03 0.000000000000000000e+00 9.152264338621660045e+01 0.000000000000000000e+00 0.000000000000000000e+00 0.000000000000000000e+00 0.000000000000000000e+00 0.000000000000000000e+00 0.000000000000000000e+00 0.000000000000000000e+00 0.000000000000000000e+00 0.000000000000000000e+00 0.000000000000000000e+00 0.000000000000000000e+00 9.151824511631255632e+01 0.000000000000000000e+00 0.000000000000000000e+00 0.000000000000000000e+00
8.422546627494532459e+02 1.242254662749483259e+03 0.000000000000000000e+00 9.172402918979234698e+01 0.000000000000000000e+00 0.000000000000000000e+00 0.000000000000000000e+00 0.000000000000000000e+00 0.000000000000000000e+00 0.000000000000000000e+00 0.000000000000000000e+00 0.000000000000000000e+00 0.000000000000000000e+00 0.000000000000000000e+00 0.000000000000000000e+00 9.171190009086409134e+01 0.000000000000000000e+00 0.000000000000000000e+00 0.000000000000000000e+00
8.422608952810981009e+02 1.357730949119041270e+03 0.000000000000000000e+00 9.150863756789149761e+01 0.000000000000000000e+00 0.000000000000000000e+00 0.000000000000000000e+00 0.000000000000000000e+00 0.000000000000000000e+00 0.000000000000000000e+00 0.000000000000000000e+00 0.000000000000000000e+00 0.000000000000000000e+00 0.000000000000000000e+00 0.000000000000000000e+00 9.152640552107187943e+01 0.000000000000000000e+00 0.000000000000000000e+00 0.000000000000000000e+00
5.577349592468270885e+02 1.642264905408909954e+03 0.000000000000000000e+00 9.121327288009716483e+01 0.000000000000000000e+00 0.000000000000000000e+00 0.000000000000000000e+00 0.000000000000000000e+00 0.000000000000000000e+00 0.000000000000000000e+00 0.000000000000000000e+00 0.000000000000000000e+00 0.000000000000000000e+00 0.000000000000000000e+00 0.000000000000000000e+00 9.199366212234801310e+01 0.000000000000000000e+00 0.000000000000000000e+00 0.000000000000000000e+00
5.577350099988107104e+02 1.757735009998826172e+03 0.000000000000000000e+00 9.027415257098773793e+01 0.000000000000000000e+00 0.000000000000000000e+00 0.000000000000000000e+00 0.000000000000000000e+00 0.000000000000000000e+00 0.000000000000000000e+00 0.000000000000000000e+00 0.000000000000000000e+00 0.000000000000000000e+00 0.000000000000000000e+00 0.000000000000000000e+00 9.214632355657735729e+01 0.000000000000000000e+00 0.000000000000000000e+00 0.000000000000000000e+00
4.422649200453083722e+02 1.642264920045322242e+03 0.000000000000000000e+00 9.118027187639340525e+01 0.000000000000000000e+00 0.000000000000000000e+00 0.000000000000000000e+00 0.000000000000000000e+00 0.000000000000000000e+00 0.000000000000000000e+00 0.000000000000000000e+00 0.000000000000000000e+00 0.000000000000000000e+00 0.000000000000000000e+00 0.000000000000000000e+00 9.201869288896651256e+01 0.000000000000000000e+00 0.000000000000000000e+00 0.000000000000000000e+00
4.422649470371076177e+02 1.757735000875049991e+03 0.000000000000000000e+00 9.024071552708028321e+01 0.000000000000000000e+00 0.000000000000000000e+00 0.000000000000000000e+00 0.000000000000000000e+00 0.000000000000000000e+00 0.000000000000000000e+00 0.000000000000000000e+00 0.000000000000000000e+00 0.000000000000000000e+00 0.000000000000000000e+00 0.000000000000000000e+00 9.217128849161873916e+01 0.000000000000000000e+00 0.000000000000000000e+00 0.000000000000000000e+00
1.574871338420471716e+02 7.574871338420309712e+02 0.000000000000000000e+00 8.500092897303557038e+01 0.000000000000000000e+00 0.000000000000000000e+00 0.000000000000000000e+00 0.000000000000000000e+00 0.000000000000000000e+00 0.000000000000000000e+00 0.000000000000000000e+00 0.000000000000000000e+00 0.000000000000000000e+00 0.000000000000000000e+00 0.000000000000000000e+00 8.461332699517558353e+01 0.000000000000000000e+00 0.000000000000000000e+00 0.000000000000000000e+00
4.212637624792120761e+01 7.575964300858049683e+02 0.000000000000000000e+00 8.507361303599388691e+01 0.000000000000000000e+00 0.000000000000000000e+00 0.000000000000000000e+00 0.000000000000000000e+00 0.000000000000000000e+00 0.000000000000000000e+00 0.000000000000000000e+00 0.000000000000000000e+00 0.000000000000000000e+00 0.000000000000000000e+00 0.000000000000000000e+00 8.464105266415802475e+01 0.000000000000000000e+00 0.000000000000000000e+00 0.000000000000000000e+00
1.570622629597588968e+02 6.415922091218232026e+02 0.000000000000000000e+00 8.530484857162554135e+01 0.000000000000000000e+00 0.000000000000000000e+00 0.000000000000000000e+00 0.000000000000000000e+00 0.000000000000000000e+00 0.000000000000000000e+00 0.000000000000000000e+00 0.000000000000000000e+00 0.000000000000000000e+00 0.000000000000000000e+00 0.000000000000000000e+00 8.469666267500795698e+01 0.000000000000000000e+00 0.000000000000000000e+00 0.000000000000000000e+00
4.215688060481950572e+01 6.421568806047858970e+02 0.000000000000000000e+00 8.537777171080333005e+01 0.000000000000000000e+00 0.000000000000000000e+00 0.000000000000000000e+00 0.000000000000000000e+00 0.000000000000000000e+00 0.000000000000000000e+00 0.000000000000000000e+00 0.000000000000000000e+00 0.000000000000000000e+00 0.000000000000000000e+00 0.000000000000000000e+00 8.472464435239848513e+01 0.000000000000000000e+00 0.000000000000000000e+00 0.000000000000000000e+00
1.562281780818929633e+02 4.407581242439888456e+02 0.000000000000000000e+00 8.546973031472083449e+01 0.000000000000000000e+00 0.000000000000000000e+00 0.000000000000000000e+00 0.000000000000000000e+00 0.000000000000000000e+00 0.000000000000000000e+00 0.000000000000000000e+00 0.000000000000000000e+00 0.000000000000000000e+00 0.000000000000000000e+00 0.000000000000000000e+00 8.454433878631482457e+01 0.000000000000000000e+00 0.000000000000000000e+00 0.000000000000000000e+00
1.569135223352486150e+02 5.569135223352454886e+02 0.000000000000000000e+00 8.543119279353841478e+01 0.000000000000000000e+00 0.000000000000000000e+00 0.000000000000000000e+00 0.000000000000000000e+00 0.000000000000000000e+00 0.000000000000000000e+00 0.000000000000000000e+00 0.000000000000000000e+00 0.000000000000000000e+00 0.000000000000000000e+00 0.000000000000000000e+00 8.453270588401326791e+01 0.000000000000000000e+00 0.000000000000000000e+00 0.000000000000000000e+00
4.197763562341091870e+01 4.419776356233921888e+02 0.000000000000000000e+00 8.547466031413991061e+01 0.000000000000000000e+00 0.000000000000000000e+00 0.000000000000000000e+00 0.000000000000000000e+00 0.000000000000000000e+00 0.000000000000000000e+00 0.000000000000000000e+00 0.000000000000000000e+00 0.000000000000000000e+00 0.000000000000000000e+00 0.000000000000000000e+00 8.468273151217644568e+01 0.000000000000000000e+00 0.000000000000000000e+00 0.000000000000000000e+00
4.192843011987073965e+01 5.573984839577707362e+02 0.000000000000000000e+00 8.543598607419329483e+01 0.000000000000000000e+00 0.000000000000000000e+00 0.000000000000000000e+00 0.000000000000000000e+00 0.000000000000000000e+00 0.000000000000000000e+00 0.000000000000000000e+00 0.000000000000000000e+00 0.000000000000000000e+00 0.000000000000000000e+00 0.000000000000000000e+00 8.466920647686703205e+01 0.000000000000000000e+00 0.000000000000000000e+00 0.000000000000000000e+00
1.757735026912630019e+03 1.842264973074666386e+03 0.000000000000000000e+00 9.496514011152960677e+01 0.000000000000000000e+00 0.000000000000000000e+00 0.000000000000000000e+00 0.000000000000000000e+00 0.000000000000000000e+00 0.000000000000000000e+00 0.000000000000000000e+00 0.000000000000000000e+00 0.000000000000000000e+00 0.000000000000000000e+00 0.000000000000000000e+00 9.126405150963165624e+01 0.000000000000000000e+00 0.000000000000000000e+00 0.000000000000000000e+00
1.757735026916338711e+03 1.957735026916320294e+03 0.000000000000000000e+00 9.746402809367116049e+01 0.000000000000000000e+00 0.000000000000000000e+00 0.000000000000000000e+00 0.000000000000000000e+00 0.000000000000000000e+00 0.000000000000000000e+00 0.000000000000000000e+00 0.000000000000000000e+00 0.000000000000000000e+00 0.000000000000000000e+00 0.000000000000000000e+00 8.896717931299959048e+01 0.000000000000000000e+00 0.000000000000000000e+00 0.000000000000000000e+00
1.642264973069185544e+03 1.842264973069161215e+03 0.000000000000000000e+00 9.486556981230005192e+01 0.000000000000000000e+00 0.000000000000000000e+00 0.000000000000000000e+00 0.000000000000000000e+00 0.000000000000000000e+00 0.000000000000000000e+00 0.000000000000000000e+00 0.000000000000000000e+00 0.000000000000000000e+00 0.000000000000000000e+00 0.000000000000000000e+00 9.127340095290632860e+01 0.000000000000000000e+00 0.000000000000000000e+00 0.000000000000000000e+00
1.642264973078818002e+03 1.957735026916715469e+03 0.000000000000000000e+00 9.736503225021195362e+01 0.000000000000000000e+00 0.000000000000000000e+00 0.000000000000000000e+00 0.000000000000000000e+00 0.000000000000000000e+00 0.000000000000000000e+00 0.000000000000000000e+00 0.000000000000000000e+00 0.000000000000000000e+00 0.000000000000000000e+00 0.000000000000000000e+00 8.897858032407769713e+01 0.000000000000000000e+00 0.000000000000000000e+00 0.000000000000000000e+00
1.442264972888842294e+03 1.842264972888820466e+03 0.000000000000000000e+00 9.156149781565410706e+01 0.000000000000000000e+00 0.000000000000000000e+00 0.000000000000000000e+00 0.000000000000000000e+00 0.000000000000000000e+00 0.000000000000000000e+00 0.000000000000000000e+00 0.000000000000000000e+00 0.000000000000000000e+00 0.000000000000000000e+00 0.000000000000000000e+00 8.926629579180945484e+01 0.000000000000000000e+00 0.000000000000000000e+00 0.000000000000000000e+00
1.557735026885154639e+03 1.842264973047204194e+03 0.000000000000000000e+00 9.160889778532126115e+01 0.000000000000000000e+00 0.000000000000000000e+00 0.000000000000000000e+00 0.000000000000000000e+00 0.000000000000000000e+00 0.000000000000000000e+00 0.000000000000000000e+00 0.000000000000000000e+00 0.000000000000000000e+00 0.000000000000000000e+00 0.000000000000000000e+00 8.929896593475942268e+01 0.000000000000000000e+00 0.000000000000000000e+00 0.000000000000000000e+00
1.442264973056473082e+03 1.957735026894363273e+03 0.000000000000000000e+00 9.196134331873939516e+01 0.000000000000000000e+00 0.000000000000000000e+00 0.000000000000000000e+00 0.000000000000000000e+00 0.000000000000000000e+00 0.000000000000000000e+00 0.000000000000000000e+00 0.000000000000000000e+00 0.000000000000000000e+00 0.000000000000000000e+00 0.000000000000000000e+00 8.954271125041314860e+01 0.000000000000000000e+00 0.000000000000000000e+00 0.000000000000000000e+00
1.557735026883018236e+03 1.957735026882991860e+03 0.000000000000000000e+00 9.200848330024732036e+01 0.000000000000000000e+00 0.000000000000000000e+00 0.000000000000000000e+00 0.000000000000000000e+00 0.000000000000000000e+00 0.000000000000000000e+00 0.000000000000000000e+00 0.000000000000000000e+00 0.000000000000000000e+00 0.000000000000000000e+00 0.000000000000000000e+00 8.957536528009893573e+01 0.000000000000000000e+00 0.000000000000000000e+00 0.000000000000000000e+00
1.357735026674070014e+03 1.842264972836120023e+03 0.000000000000000000e+00 9.139180830670466094e+01 0.000000000000000000e+00 0.000000000000000000e+00 0.000000000000000000e+00 0.000000000000000000e+00 0.000000000000000000e+00 0.000000000000000000e+00 0.000000000000000000e+00 0.000000000000000000e+00 0.000000000000000000e+00 0.000000000000000000e+00 0.000000000000000000e+00 9.023367403020444044e+01 0.000000000000000000e+00 0.000000000000000000e+00 0.000000000000000000e+00
1.357735026813457125e+03 1.957735026813420745e+03 0.000000000000000000e+00 9.195541658120470174e+01 0.000000000000000000e+00 0.000000000000000000e+00 0.000000000000000000e+00 0.000000000000000000e+00 0.000000000000000000e+00 0.000000000000000000e+00 0.000000000000000000e+00 0.000000000000000000e+00 0.000000000000000000e+00 0.000000000000000000e+00 0.000000000000000000e+00 9.035350054776807838e+01 0.000000000000000000e+00 0.000000000000000000e+00 0.000000000000000000e+00
1.242264972601165709e+03 1.842264972601141608e+03 0.000000000000000000e+00 9.135752481346744958e+01 0.000000000000000000e+00 0.000000000000000000e+00 0.000000000000000000e+00 0.000000000000000000e+00 0.000000000000000000e+00 0.000000000000000000e+00 0.000000000000000000e+00 0.000000000000000000e+00 0.000000000000000000e+00 0.000000000000000000e+00 0.000000000000000000e+00 9.022533460083305101e+01 0.000000000000000000e+00 0.000000000000000000e+00 0.000000000000000000e+00
1.242264972992411003e+03 1.957735026830291417e+03 0.000000000000000000e+00 9.192125544813985982e+01 0.000000000000000000e+00 0.000000000000000000e+00 0.000000000000000000e+00 0.000000000000000000e+00 0.000000000000000000e+00 0.000000000000000000e+00 0.000000000000000000e+00 0.000000000000000000e+00 0.000000000000000000e+00 0.000000000000000000e+00 0.000000000000000000e+00 9.034516883335349746e+01 0.000000000000000000e+00 0.000000000000000000e+00 0.000000000000000000e+00
1.042224753171976317e+03 8.422247531722335907e+02 0.000000000000000000e+00 9.178259918591697897e+01 0.000000000000000000e+00 0.000000000000000000e+00 0.000000000000000000e+00 0.000000000000000000e+00 0.000000000000000000e+00 0.000000000000000000e+00 0.000000000000000000e+00 0.000000000000000000e+00 0.000000000000000000e+00 0.000000000000000000e+00 0.000000000000000000e+00 9.174478696320008453e+01 0.000000000000000000e+00 0.000000000000000000e+00 0.000000000000000000e+00
1.157713700994216879e+03 8.422436471565320062e+02 0.000000000000000000e+00 9.177620435037380275e+01 0.000000000000000000e+00 0.000000000000000000e+00 0.000000000000000000e+00 0.000000000000000000e+00 0.000000000000000000e+00 0.000000000000000000e+00 0.000000000000000000e+00 0.000000000000000000e+00 0.000000000000000000e+00 0.000000000000000000e+00 0.000000000000000000e+00 9.174962814341252226e+01 0.000000000000000000e+00 0.000000000000000000e+00 0.000000000000000000e+00
1.042237433198875806e+03 9.577074870369815471e+02 0.000000000000000000e+00 9.183744280469761634e+01 0.000000000000000000e+00 0.000000000000000000e+00 0.000000000000000000e+00 0.000000000000000000e+00 0.000000000000000000e+00 0.000000000000000000e+00 0.000000000000000000e+00 0.000000000000000000e+00 0.000000000000000000e+00 0.000000000000000000e+00 0.000000000000000000e+00 9.183270996505800099e+01 0.000000000000000000e+00 0.000000000000000000e+00 0.000000000000000000e+00
1.157716672758409686e+03 9.577166727585873787e+02 0.000000000000000000e+00 9.183105038977706158e+01 0.000000000000000000e+00 0.000000000000000000e+00 0.000000000000000000e+00 0.000000000000000000e+00 0.000000000000000000e+00 0.000000000000000000e+00 0.000000000000000000e+00 0.000000000000000000e+00 0.000000000000000000e+00 0.000000000000000000e+00 0.000000000000000000e+00 9.183755114433456868e+01 0.000000000000000000e+00 0.000000000000000000e+00 0.000000000000000000e+00
1.757734975368613732e+03 4.422649215304450649e+02 0.000000000000000000e+00 9.339423649254327131e+01 0.000000000000000000e+00 0.000000000000000000e+00 0.000000000000000000e+00 0.000000000000000000e+00 0.000000000000000000e+00 0.000000000000000000e+00 0.000000000000000000e+00 0.000000000000000000e+00 0.000000000000000000e+00 0.000000000000000000e+00 0.000000000000000000e+00 9.407930122934365613e+01 0.000000000000000000e+00 0.000000000000000000e+00 0.000000000000000000e+00
1.757734975987193138e+03 5.577349759868990304e+02 0.000000000000000000e+00 9.322718161195663811e+01 0.000000000000000000e+00 0.000000000000000000e+00 0.000000000000000000e+00 0.000000000000000000e+00 0.000000000000000000e+00 0.000000000000000000e+00 0.000000000000000000e+00 0.000000000000000000e+00 0.000000000000000000e+00 0.000000000000000000e+00 0.000000000000000000e+00 9.402474255724808927e+01 0.000000000000000000e+00 0.000000000000000000e+00 0.000000000000000000e+00
1.642264797018145373e+03 4.422647970180337325e+02 0.000000000000000000e+00 9.345328079988978232e+01 0.000000000000000000e+00 0.000000000000000000e+00 0.000000000000000000e+00 0.000000000000000000e+00 0.000000000000000000e+00 0.000000000000000000e+00 0.000000000000000000e+00 0.000000000000000000e+00 0.000000000000000000e+00 0.000000000000000000e+00 0.000000000000000000e+00 9.405970129174679073e+01 0.000000000000000000e+00 0.000000000000000000e+00 0.000000000000000000e+00
1.642264781940655666e+03 5.577348357784594555e+02 0.000000000000000000e+00 9.328655967216334943e+01 0.000000000000000000e+00 0.000000000000000000e+00 0.000000000000000000e+00 0.000000000000000000e+00 0.000000000000000000e+00 0.000000000000000000e+00 0.000000000000000000e+00 0.000000000000000000e+00 0.000000000000000000e+00 0.000000000000000000e+00 0.000000000000000000e+00 9.400510630085207708e+01 0.000000000000000000e+00 0.000000000000000000e+00 0.000000000000000000e+00
1.642264850836437063e+03 2.422648508364207203e+02 0.000000000000000000e+00 9.296705809964578293e+01 0.000000000000000000e+00 0.000000000000000000e+00 0.000000000000000000e+00 0.000000000000000000e+00 0.000000000000000000e+00 0.000000000000000000e+00 0.000000000000000000e+00 0.000000000000000000e+00 0.000000000000000000e+00 0.000000000000000000e+00 0.000000000000000000e+00 9.460809245667709888e+01 0.000000000000000000e+00 0.000000000000000000e+00 0.000000000000000000e+00
1.757734985109865875e+03 2.422649312718491785e+02 0.000000000000000000e+00 9.283742174258397029e+01 0.000000000000000000e+00 0.000000000000000000e+00 0.000000000000000000e+00 0.000000000000000000e+00 0.000000000000000000e+00 0.000000000000000000e+00 0.000000000000000000e+00 0.000000000000000000e+00 0.000000000000000000e+00 0.000000000000000000e+00 0.000000000000000000e+00 9.464825247066035274e+01 0.000000000000000000e+00 0.000000000000000000e+00 0.000000000000000000e+00
1.642264805324878353e+03 3.577348591627364272e+02 0.000000000000000000e+00 9.357699729969138502e+01 0.000000000000000000e+00 0.000000000000000000e+00 0.000000000000000000e+00 0.000000000000000000e+00 0.000000000000000000e+00 0.000000000000000000e+00 0.000000000000000000e+00 0.000000000000000000e+00 0.000000000000000000e+00 0.000000000000000000e+00 0.000000000000000000e+00 9.443078872833527271e+01 0.000000000000000000e+00 0.000000000000000000e+00 0.000000000000000000e+00
1.757734987966862718e+03 3.577349879666568313e+02 0.000000000000000000e+00 9.344671151938599962e+01 0.000000000000000000e+00 0.000000000000000000e+00 0.000000000000000000e+00 0.000000000000000000e+00 0.000000000000000000e+00 0.000000000000000000e+00 0.000000000000000000e+00 0.000000000000000000e+00 0.000000000000000000e+00 0.000000000000000000e+00 0.000000000000000000e+00 9.447111126517361868e+01 0.000000000000000000e+00 0.000000000000000000e+00 0.000000000000000000e+00
7.573416585209333789e+02 3.573416585213826124e+02 0.000000000000000000e+00 9.181545587323942925e+01 0.000000000000000000e+00 0.000000000000000000e+00 0.000000000000000000e+00 0.000000000000000000e+00 0.000000000000000000e+00 0.000000000000000000e+00 0.000000000000000000e+00 0.000000000000000000e+00 0.000000000000000000e+00 0.000000000000000000e+00 0.000000000000000000e+00 9.126749340627115714e+01 0.000000000000000000e+00 0.000000000000000000e+00 0.000000000000000000e+00
6.415925188154816396e+02 3.570625726537697346e+02 0.000000000000000000e+00 9.183302131628570919e+01 0.000000000000000000e+00 0.000000000000000000e+00 0.000000000000000000e+00 0.000000000000000000e+00 0.000000000000000000e+00 0.000000000000000000e+00 0.000000000000000000e+00 0.000000000000000000e+00 0.000000000000000000e+00 0.000000000000000000e+00 0.000000000000000000e+00 9.126201264047318773e+01 0.000000000000000000e+00 0.000000000000000000e+00 0.000000000000000000e+00
7.573794310061563237e+02 2.419093771687098524e+02 0.000000000000000000e+00 9.192590062067486656e+01 0.000000000000000000e+00 0.000000000000000000e+00 0.000000000000000000e+00 0.000000000000000000e+00 0.000000000000000000e+00 0.000000000000000000e+00 0.000000000000000000e+00 0.000000000000000000e+00 0.000000000000000000e+00 0.000000000000000000e+00 0.000000000000000000e+00 9.106743961704539458e+01 0.000000000000000000e+00 0.000000000000000000e+00 0.000000000000000000e+00
6.416391075857484338e+02 2.416391075861733384e+02 0.000000000000000000e+00 9.194343734625283560e+01 0.000000000000000000e+00 0.000000000000000000e+00 0.000000000000000000e+00 0.000000000000000000e+00 0.000000000000000000e+00 0.000000000000000000e+00 0.000000000000000000e+00 0.000000000000000000e+00 0.000000000000000000e+00 0.000000000000000000e+00 0.000000000000000000e+00 9.106193148981813579e+01 0.000000000000000000e+00 0.000000000000000000e+00 0.000000000000000000e+00
4.420138724517640867e+02 4.201387245218298716e+01 0.000000000000000000e+00 9.198904424719007977e+01 0.000000000000000000e+00 0.000000000000000000e+00 0.000000000000000000e+00 0.000000000000000000e+00 0.000000000000000000e+00 0.000000000000000000e+00 0.000000000000000000e+00 0.000000000000000000e+00 0.000000000000000000e+00 0.000000000000000000e+00 0.000000000000000000e+00 8.957657804592462014e+01 0.000000000000000000e+00 0.000000000000000000e+00 0.000000000000000000e+00
5.574297529317524322e+02 4.195969909438360901e+01 0.000000000000000000e+00 9.194541126040212475e+01 0.000000000000000000e+00 0.000000000000000000e+00 0.000000000000000000e+00 0.000000000000000000e+00 0.000000000000000000e+00 0.000000000000000000e+00 0.000000000000000000e+00 0.000000000000000000e+00 0.000000000000000000e+00 0.000000000000000000e+00 0.000000000000000000e+00 8.954728631110270953e+01 0.000000000000000000e+00 0.000000000000000000e+00 0.000000000000000000e+00
4.408494951456033277e+02 1.563195489838552135e+02 0.000000000000000000e+00 9.167726387001729904e+01 0.000000000000000000e+00 0.000000000000000000e+00 0.000000000000000000e+00 0.000000000000000000e+00 0.000000000000000000e+00 0.000000000000000000e+00 0.000000000000000000e+00 0.000000000000000000e+00 0.000000000000000000e+00 0.000000000000000000e+00 0.000000000000000000e+00 8.922625182040130198e+01 0.000000000000000000e+00 0.000000000000000000e+00 0.000000000000000000e+00
5.570740865205278851e+02 1.570740865209514538e+02 0.000000000000000000e+00 9.163465647232482070e+01 0.000000000000000000e+00 0.000000000000000000e+00 0.000000000000000000e+00 0.000000000000000000e+00 0.000000000000000000e+00 0.000000000000000000e+00 0.000000000000000000e+00 0.000000000000000000e+00 0.000000000000000000e+00 0.000000000000000000e+00 0.000000000000000000e+00 8.919823091782883751e+01 0.000000000000000000e+00 0.000000000000000000e+00 0.000000000000000000e+00
2.409643670781600235e+02 1.564344209162309198e+02 0.000000000000000000e+00 9.500979462805094045e+01 0.000000000000000000e+00 0.000000000000000000e+00 0.000000000000000000e+00 0.000000000000000000e+00 0.000000000000000000e+00 0.000000000000000000e+00 0.000000000000000000e+00 0.000000000000000000e+00 0.000000000000000000e+00 0.000000000000000000e+00 0.000000000000000000e+00 9.125875542787487404e+01 0.000000000000000000e+00 0.000000000000000000e+00 0.000000000000000000e+00
2.418841251427878660e+02 4.188412514291112387e+01 0.000000000000000000e+00 9.752545159747137404e+01 0.000000000000000000e+00 0.000000000000000000e+00 0.000000000000000000e+00 0.000000000000000000e+00 0.000000000000000000e+00 0.000000000000000000e+00 0.000000000000000000e+00 0.000000000000000000e+00 0.000000000000000000e+00 0.000000000000000000e+00 0.000000000000000000e+00 8.894841767764982876e+01 0.000000000000000000e+00 0.000000000000000000e+00 0.000000000000000000e+00
3.562439750321568681e+02 1.562439750323827354e+02 0.000000000000000000e+00 9.490341474754534090e+01 0.000000000000000000e+00 0.000000000000000000e+00 0.000000000000000000e+00 0.000000000000000000e+00 0.000000000000000000e+00 0.000000000000000000e+00 0.000000000000000000e+00 0.000000000000000000e+00 0.000000000000000000e+00 0.000000000000000000e+00 0.000000000000000000e+00 9.127352079701255150e+01 0.000000000000000000e+00 0.000000000000000000e+00 0.000000000000000000e+00
3.573678523797747175e+02 4.189779854217874089e+01 0.000000000000000000e+00 9.742208026159019596e+01 0.000000000000000000e+00 0.000000000000000000e+00 0.000000000000000000e+00 0.000000000000000000e+00 0.000000000000000000e+00 0.000000000000000000e+00 0.000000000000000000e+00 0.000000000000000000e+00 0.000000000000000000e+00 0.000000000000000000e+00 0.000000000000000000e+00 8.896323591207831782e+01 0.000000000000000000e+00 0.000000000000000000e+00 0.000000000000000000e+00
5.569134738938880673e+02 4.414434200562304795e+02 0.000000000000000000e+00 9.171240897563048122e+01 0.000000000000000000e+00 0.000000000000000000e+00 0.000000000000000000e+00 0.000000000000000000e+00 0.000000000000000000e+00 0.000000000000000000e+00 0.000000000000000000e+00 0.000000000000000000e+00 0.000000000000000000e+00 0.000000000000000000e+00 0.000000000000000000e+00 9.134910654894918025e+01 0.000000000000000000e+00 0.000000000000000000e+00 0.000000000000000000e+00
5.570659229033108204e+02 5.570659229035245517e+02 0.000000000000000000e+00 9.178257404697735922e+01 0.000000000000000000e+00 0.000000000000000000e+00 0.000000000000000000e+00 0.000000000000000000e+00 0.000000000000000000e+00 0.000000000000000000e+00 0.000000000000000000e+00 0.000000000000000000e+00 0.000000000000000000e+00 0.000000000000000000e+00 0.000000000000000000e+00 9.156461332372637685e+01 0.000000000000000000e+00 0.000000000000000000e+00 0.000000000000000000e+00
4.410492263494747363e+02 4.410492263496510077e+02 0.000000000000000000e+00 9.172088511664938437e+01 0.000000000000000000e+00 0.000000000000000000e+00 0.000000000000000000e+00 0.000000000000000000e+00 0.000000000000000000e+00 0.000000000000000000e+00 0.000000000000000000e+00 0.000000000000000000e+00 0.000000000000000000e+00 0.000000000000000000e+00 0.000000000000000000e+00 9.129008547585011968e+01 0.000000000000000000e+00 0.000000000000000000e+00 0.000000000000000000e+00
4.414359501784352346e+02 5.569060040164993097e+02 0.000000000000000000e+00 9.179098730233940273e+01 0.000000000000000000e+00 0.000000000000000000e+00 0.000000000000000000e+00 0.000000000000000000e+00 0.000000000000000000e+00 0.000000000000000000e+00 0.000000000000000000e+00 0.000000000000000000e+00 0.000000000000000000e+00 0.000000000000000000e+00 0.000000000000000000e+00 9.150514796142316243e+01 0.000000000000000000e+00 0.000000000000000000e+00 0.000000000000000000e+00
9.576888923918070304e+02 9.576888923919773333e+02 0.000000000000000000e+00 9.182994841589315627e+01 0.000000000000000000e+00 0.000000000000000000e+00 0.000000000000000000e+00 0.000000000000000000e+00 0.000000000000000000e+00 0.000000000000000000e+00 0.000000000000000000e+00 0.000000000000000000e+00 0.000000000000000000e+00 0.000000000000000000e+00 0.000000000000000000e+00 9.184206115492665390e+01 0.000000000000000000e+00 0.000000000000000000e+00 0.000000000000000000e+00
8.422093083802615183e+02 9.576793622183237176e+02 0.000000000000000000e+00 9.183466780857001766e+01 0.000000000000000000e+00 0.000000000000000000e+00 0.000000000000000000e+00 0.000000000000000000e+00 0.000000000000000000e+00 0.000000000000000000e+00 0.000000000000000000e+00 0.000000000000000000e+00 0.000000000000000000e+00 0.000000000000000000e+00 0.000000000000000000e+00 9.183553140308802654e+01 0.000000000000000000e+00 0.000000000000000000e+00 0.000000000000000000e+00
9.576798460181466908e+02 8.422097921804680709e+02 0.000000000000000000e+00 9.174215777090302026e+01 0.000000000000000000e+00 0.000000000000000000e+00 0.000000000000000000e+00 0.000000000000000000e+00 0.000000000000000000e+00 0.000000000000000000e+00 0.000000000000000000e+00 0.000000000000000000e+00 0.000000000000000000e+00 0.000000000000000000e+00 0.000000000000000000e+00 9.178668802277553596e+01 0.000000000000000000e+00 0.000000000000000000e+00 0.000000000000000000e+00
8.421557263552882659e+02 8.421557263554911970e+02 0.000000000000000000e+00 9.174689707138591643e+01 0.000000000000000000e+00 0.000000000000000000e+00 0.000000000000000000e+00 0.000000000000000000e+00 0.000000000000000000e+00 0.000000000000000000e+00 0.000000000000000000e+00 0.000000000000000000e+00 0.000000000000000000e+00 0.000000000000000000e+00 0.000000000000000000e+00 9.178016986237354047e+01 0.000000000000000000e+00 0.000000000000000000e+00 0.000000000000000000e+00
1.157723218091577564e+03 1.042253164253787872e+03 0.000000000000000000e+00 9.183446236591684908e+01 0.000000000000000000e+00 0.000000000000000000e+00 0.000000000000000000e+00 0.000000000000000000e+00 0.000000000000000000e+00 0.000000000000000000e+00 0.000000000000000000e+00 0.000000000000000000e+00 0.000000000000000000e+00 0.000000000000000000e+00 0.000000000000000000e+00 9.183444734195796855e+01 0.000000000000000000e+00 0.000000000000000000e+00 0.000000000000000000e+00
1.157728088370994101e+03 1.157728088371091872e+03 0.000000000000000000e+00 9.174738218684206004e+01 0.000000000000000000e+00 0.000000000000000000e+00 0.000000000000000000e+00 0.000000000000000000e+00 0.000000000000000000e+00 0.000000000000000000e+00 0.000000000000000000e+00 0.000000000000000000e+00 0.000000000000000000e+00 0.000000000000000000e+00 0.000000000000000000e+00 9.178023000674727427e+01 0.000000000000000000e+00 0.000000000000000000e+00 0.000000000000000000e+00
1.042242841499797578e+03 1.042242841499937640e+03 0.000000000000000000e+00 9.182969468566061266e+01 0.000000000000000000e+00 0.000000000000000000e+00 0.000000000000000000e+00 0.000000000000000000e+00 0.000000000000000000e+00 0.000000000000000000e+00 0.000000000000000000e+00 0.000000000000000000e+00 0.000000000000000000e+00 0.000000000000000000e+00 0.000000000000000000e+00 9.184075953837233897e+01 0.000000000000000000e+00 0.000000000000000000e+00 0.000000000000000000e+00
1.042254977364957085e+03 1.157725031202972787e+03 0.000000000000000000e+00 9.174261326629154212e+01 0.000000000000000000e+00 0.000000000000000000e+00 0.000000000000000000e+00 0.000000000000000000e+00 0.000000000000000000e+00 0.000000000000000000e+00 0.000000000000000000e+00 0.000000000000000000e+00 0.000000000000000000e+00 0.000000000000000000e+00 0.000000000000000000e+00 9.178654448132328980e+01 0.000000000000000000e+00 0.000000000000000000e+00 0.000000000000000000e+00
