4.073189912990415451e+03 1.926779751476560705e+03 0.000000000000000000e+00 3.952854446380403886e+01 0.000000000000000000e+00 0.000000000000000000e+00 0.000000000000000000e+00 3.004438768924818959e+01 0.000000000000000000e+00 0.000000000000000000e+00 0.000000000000000000e+00 3.004438768924818604e+01 0.000000000000000000e+00 0.000000000000000000e+00 0.000000000000000000e+00 3.952854446380403175e+01 0.000000000000000000e+00 0.000000000000000000e+00 0.000000000000000000e+00
4.073188930784125205e+03 2.273188930783046544e+03 0.000000000000000000e+00 4.590983066506060339e+01 0.000000000000000000e+00 0.000000000000000000e+00 0.000000000000000000e+00 3.080591225766127650e+01 0.000000000000000000e+00 0.000000000000000000e+00 0.000000000000000000e+00 3.080591225766127650e+01 0.000000000000000000e+00 0.000000000000000000e+00 0.000000000000000000e+00 4.590983066506059629e+01 0.000000000000000000e+00 0.000000000000000000e+00 0.000000000000000000e+00
3.726757172100077696e+03 1.926757172101458991e+03 0.000000000000000000e+00 4.344676084787313641e+01 0.000000000000000000e+00 0.000000000000000000e+00 0.000000000000000000e+00 7.142254174529888644e+01 0.000000000000000000e+00 0.000000000000000000e+00 0.000000000000000000e+00 7.142254174529888644e+01 0.000000000000000000e+00 0.000000000000000000e+00 0.000000000000000000e+00 4.344676084787312931e+01 0.000000000000000000e+00 0.000000000000000000e+00 0.000000000000000000e+00
3.726765615777362655e+03 2.273175777291543909e+03 0.000000000000000000e+00 5.046240282094075269e+01 0.000000000000000000e+00 0.000000000000000000e+00 0.000000000000000000e+00 7.148303988260141750e+01 0.000000000000000000e+00 0.000000000000000000e+00 0.000000000000000000e+00 7.148303988260141750e+01 0.000000000000000000e+00 0.000000000000000000e+00 0.000000000000000000e+00 5.046240282094075269e+01 0.000000000000000000e+00 0.000000000000000000e+00 0.000000000000000000e+00
3.726769133083525503e+03 2.526769133083407269e+03 0.000000000000000000e+00 6.113126310718761403e+01 0.000000000000000000e+00 0.000000000000000000e+00 0.000000000000000000e+00 7.485044984116937883e+01 0.000000000000000000e+00 0.000000000000000000e+00 0.000000000000000000e+00 7.485044984116937883e+01 0.000000000000000000e+00 0.000000000000000000e+00 0.000000000000000000e+00 6.113126310718761403e+01 0.000000000000000000e+00 0.000000000000000000e+00 0.000000000000000000e+00
4.073193524948957474e+03 2.526783363433555223e+03 0.000000000000000000e+00 5.741023688028911209e+01 0.000000000000000000e+00 0.000000000000000000e+00 0.000000000000000000e+00 4.588224244316295852e+01 0.000000000000000000e+00 0.000000000000000000e+00 0.000000000000000000e+00 4.588224244316297984e+01 0.000000000000000000e+00 0.000000000000000000e+00 0.000000000000000000e+00 5.741023688028910499e+01 0.000000000000000000e+00 0.000000000000000000e+00 0.000000000000000000e+00
3.726779807664214786e+03 2.873189969177207786e+03 0.000000000000000000e+00 8.170764063874358385e+01 0.000000000000000000e+00 0.000000000000000000e+00 0.000000000000000000e+00 7.769199001445643660e+01 0.000000000000000000e+00 0.000000000000000000e+00 0.000000000000000000e+00 7.769199001445643660e+01 0.000000000000000000e+00 0.000000000000000000e+00 0.000000000000000000e+00 8.170764063874358385e+01 0.000000000000000000e+00 0.000000000000000000e+00 0.000000000000000000e+00
4.073197549848155177e+03 2.873197549846238871e+03 0.000000000000000000e+00 7.881714597751343376e+01 0.000000000000000000e+00 0.000000000000000000e+00 0.000000000000000000e+00 4.854298001616417224e+01 0.000000000000000000e+00 0.000000000000000000e+00 0.000000000000000000e+00 4.854298001616417224e+01 0.000000000000000000e+00 0.000000000000000000e+00 0.000000000000000000e+00 7.881714597751343376e+01 0.000000000000000000e+00 0.000000000000000000e+00 0.000000000000000000e+00
7.218277258655784863e+02 7.218277258690814051e+02 0.000000000000000000e+00 6.718264175334650190e+01 0.000000000000000000e+00 0.000000000000000000e+00 0.000000000000000000e+00 6.653470102654178220e+01 0.000000000000000000e+00 0.000000000000000000e+00 0.000000000000000000e+00 6.653470102654178220e+01 0.000000000000000000e+00 0.000000000000000000e+00 0.000000000000000000e+00 6.718264175334650190e+01 0.000000000000000000e+00 0.000000000000000000e+00 0.000000000000000000e+00
1.067597766223534791e+03 7.211876047132233225e+02 0.000000000000000000e+00 6.720053246321437257e+01 0.000000000000000000e+00 0.000000000000000000e+00 0.000000000000000000e+00 6.655829242357236808e+01 0.000000000000000000e+00 0.000000000000000000e+00 0.000000000000000000e+00 6.655829242357236808e+01 0.000000000000000000e+00 0.000000000000000000e+00 0.000000000000000000e+00 6.720053246321437257e+01 0.000000000000000000e+00 0.000000000000000000e+00 0.000000000000000000e+00
7.210067348134853091e+02 1.067416896331892076e+03 0.000000000000000000e+00 6.746990447148870373e+01 0.000000000000000000e+00 0.000000000000000000e+00 0.000000000000000000e+00 6.658232510878427490e+01 0.000000000000000000e+00 0.000000000000000000e+00 0.000000000000000000e+00 6.658232510878427490e+01 0.000000000000000000e+00 0.000000000000000000e+00 0.000000000000000000e+00 6.746990447148870373e+01 0.000000000000000000e+00 0.000000000000000000e+00 0.000000000000000000e+00
1.068546725236312568e+03 1.068546725239927582e+03 0.000000000000000000e+00 6.748683751586631274e+01 0.000000000000000000e+00 0.000000000000000000e+00 0.000000000000000000e+00 6.660572136509676966e+01 0.000000000000000000e+00 0.000000000000000000e+00 0.000000000000000000e+00 6.660572136509676966e+01 0.000000000000000000e+00 0.000000000000000000e+00 0.000000000000000000e+00 6.748683751586631274e+01 0.000000000000000000e+00 0.000000000000000000e+00 0.000000000000000000e+00
3.126750355597728230e+03 3.126750355597946054e+03 0.000000000000000000e+00 8.554139970307264207e+01 0.000000000000000000e+00 0.000000000000000000e+00 0.000000000000000000e+00 8.887719026436249692e+01 0.000000000000000000e+00 0.000000000000000000e+00 0.000000000000000000e+00 8.887719026436249692e+01 0.000000000000000000e+00 0.000000000000000000e+00 0.000000000000000000e+00 8.554139970307264207e+01 0.000000000000000000e+00 0.000000000000000000e+00 0.000000000000000000e+00
3.473187222676402143e+03 3.126777061162080372e+03 0.000000000000000000e+00 8.434233664236984396e+01 0.000000000000000000e+00 0.000000000000000000e+00 0.000000000000000000e+00 8.329830248073103860e+01 0.000000000000000000e+00 0.000000000000000000e+00 0.000000000000000000e+00 8.329830248073103860e+01 0.000000000000000000e+00 0.000000000000000000e+00 0.000000000000000000e+00 8.434233664236984396e+01 0.000000000000000000e+00 0.000000000000000000e+00 0.000000000000000000e+00
3.126778861185842743e+03 3.473189022698882582e+03 0.000000000000000000e+00 8.196831662182533762e+01 0.000000000000000000e+00 0.000000000000000000e+00 0.000000000000000000e+00 8.814505143323822267e+01 0.000000000000000000e+00 0.000000000000000000e+00 0.000000000000000000e+00 8.814505143323822267e+01 0.000000000000000000e+00 0.000000000000000000e+00 0.000000000000000000e+00 8.196831662182533762e+01 0.000000000000000000e+00 0.000000000000000000e+00 0.000000000000000000e+00
3.473192247756559027e+03 3.473192247755403514e+03 0.000000000000000000e+00 8.074273116816890195e+01 0.000000000000000000e+00 0.000000000000000000e+00 0.000000000000000000e+00 8.250967936651426271e+01 0.000000000000000000e+00 0.000000000000000000e+00 0.000000000000000000e+00 8.250967936651426271e+01 0.000000000000000000e+00 0.000000000000000000e+00 0.000000000000000000e+00 8.074273116816890195e+01 0.000000000000000000e+00 0.000000000000000000e+00 0.000000000000000000e+00
2.273054759974193985e+03 3.126644598462443355e+03 0.000000000000000000e+00 6.496835304765428987e+01 0.000000000000000000e+00 0.000000000000000000e+00 0.000000000000000000e+00 4.028058701174843037e+01 0.000000000000000000e+00 0.000000000000000000e+00 0.000000000000000000e+00 4.028058701174842327e+01 0.000000000000000000e+00 0.000000000000000000e+00 0.000000000000000000e+00 6.496835304765428987e+01 0.000000000000000000e+00 0.000000000000000000e+00 0.000000000000000000e+00
2.273126540747374747e+03 3.473126540748628486e+03 0.000000000000000000e+00 6.125244561365406071e+01 0.000000000000000000e+00 0.000000000000000000e+00 0.000000000000000000e+00 3.843827785313924039e+01 0.000000000000000000e+00 0.000000000000000000e+00 0.000000000000000000e+00 3.843827785313923329e+01 0.000000000000000000e+00 0.000000000000000000e+00 0.000000000000000000e+00 6.125244561365406071e+01 0.000000000000000000e+00 0.000000000000000000e+00 0.000000000000000000e+00
1.926599698988675755e+03 3.126599698991789865e+03 0.000000000000000000e+00 6.586673353622700233e+01 0.000000000000000000e+00 0.000000000000000000e+00 0.000000000000000000e+00 4.949442345845530866e+01 0.000000000000000000e+00 0.000000000000000000e+00 0.000000000000000000e+00 4.949442345845530866e+01 0.000000000000000000e+00 0.000000000000000000e+00 0.000000000000000000e+00 6.586673353622701654e+01 0.000000000000000000e+00 0.000000000000000000e+00 0.000000000000000000e+00
1.926697782038069590e+03 3.473107943554545272e+03 0.000000000000000000e+00 6.217647473113208179e+01 0.000000000000000000e+00 0.000000000000000000e+00 0.000000000000000000e+00 4.805191208655842416e+01 0.000000000000000000e+00 0.000000000000000000e+00 0.000000000000000000e+00 4.805191208655840285e+01 0.000000000000000000e+00 0.000000000000000000e+00 0.000000000000000000e+00 6.217647473113207468e+01 0.000000000000000000e+00 0.000000000000000000e+00 0.000000000000000000e+00
2.873166792681261086e+03 3.473166792681002789e+03 0.000000000000000000e+00 6.571979704964388702e+01 0.000000000000000000e+00 0.000000000000000000e+00 0.000000000000000000e+00 8.023984414827290834e+01 0.000000000000000000e+00 0.000000000000000000e+00 0.000000000000000000e+00 8.023984414827290834e+01 0.000000000000000000e+00 0.000000000000000000e+00 0.000000000000000000e+00 6.571979704964388702e+01 0.000000000000000000e+00 0.000000000000000000e+00 0.000000000000000000e+00
2.526744846775938640e+03 3.473155008290264504e+03 0.000000000000000000e+00 6.305015794008857455e+01 0.000000000000000000e+00 0.000000000000000000e+00 0.000000000000000000e+00 5.418786102832351048e+01 0.000000000000000000e+00 0.000000000000000000e+00 0.000000000000000000e+00 5.418786102832351048e+01 0.000000000000000000e+00 0.000000000000000000e+00 0.000000000000000000e+00 6.305015794008856744e+01 0.000000000000000000e+00 0.000000000000000000e+00 0.000000000000000000e+00
2.873143465284923423e+03 3.126733303771834471e+03 0.000000000000000000e+00 6.619430668179847999e+01 0.000000000000000000e+00 0.000000000000000000e+00 0.000000000000000000e+00 8.005090606150210419e+01 0.000000000000000000e+00 0.000000000000000000e+00 0.000000000000000000e+00 8.005090606150210419e+01 0.000000000000000000e+00 0.000000000000000000e+00 0.000000000000000000e+00 6.619430668179847999e+01 0.000000000000000000e+00 0.000000000000000000e+00 0.000000000000000000e+00
2.526667698788349753e+03 3.126667698789633050e+03 0.000000000000000000e+00 6.309344838368573960e+01 0.000000000000000000e+00 0.000000000000000000e+00 0.000000000000000000e+00 5.438732537684374790e+01 0.000000000000000000e+00 0.000000000000000000e+00 0.000000000000000000e+00 5.438732537684374080e+01 0.000000000000000000e+00 0.000000000000000000e+00 0.000000000000000000e+00 6.309344838368572539e+01 0.000000000000000000e+00 0.000000000000000000e+00 0.000000000000000000e+00
1.673202544924567519e+03 4.673202544922823108e+03 0.000000000000000000e+00 5.942394816813241221e+01 0.000000000000000000e+00 0.000000000000000000e+00 0.000000000000000000e+00 5.690077487257182298e+01 0.000000000000000000e+00 0.000000000000000000e+00 0.000000000000000000e+00 5.690077487257182298e+01 0.000000000000000000e+00 0.000000000000000000e+00 0.000000000000000000e+00 5.942394816813241221e+01 0.000000000000000000e+00 0.000000000000000000e+00 0.000000000000000000e+00
1.326792406683765421e+03 4.673202568198057634e+03 0.000000000000000000e+00 5.963913890682114527e+01 0.000000000000000000e+00 0.000000000000000000e+00 0.000000000000000000e+00 5.695164452987165760e+01 0.000000000000000000e+00 0.000000000000000000e+00 0.000000000000000000e+00 5.695164452987165760e+01 0.000000000000000000e+00 0.000000000000000000e+00 0.000000000000000000e+00 5.963913890682114527e+01 0.000000000000000000e+00 0.000000000000000000e+00 0.000000000000000000e+00
1.673196865247643245e+03 4.326786703734483126e+03 0.000000000000000000e+00 6.239991930859354596e+01 0.000000000000000000e+00 0.000000000000000000e+00 0.000000000000000000e+00 5.729182303800469356e+01 0.000000000000000000e+00 0.000000000000000000e+00 0.000000000000000000e+00 5.729182303800469356e+01 0.000000000000000000e+00 0.000000000000000000e+00 0.000000000000000000e+00 6.239991930859354596e+01 0.000000000000000000e+00 0.000000000000000000e+00 0.000000000000000000e+00
1.326786751615317144e+03 4.326786751618143171e+03 0.000000000000000000e+00 6.259146796054029238e+01 0.000000000000000000e+00 0.000000000000000000e+00 0.000000000000000000e+00 5.734659493200046398e+01 0.000000000000000000e+00 0.000000000000000000e+00 0.000000000000000000e+00 5.734659493200046398e+01 0.000000000000000000e+00 0.000000000000000000e+00 0.000000000000000000e+00 6.259146796054029238e+01 0.000000000000000000e+00 0.000000000000000000e+00 0.000000000000000000e+00
3.473167013115626105e+03 2.873167013115617465e+03 0.000000000000000000e+00 8.656238890922229245e+01 0.000000000000000000e+00 0.000000000000000000e+00 0.000000000000000000e+00 8.873650457054500862e+01 0.000000000000000000e+00 0.000000000000000000e+00 0.000000000000000000e+00 8.873650457054500862e+01 0.000000000000000000e+00 0.000000000000000000e+00 0.000000000000000000e+00 8.656238890922229245e+01 0.000000000000000000e+00 0.000000000000000000e+00 0.000000000000000000e+00
3.126735048439468756e+03 2.873145209953974700e+03 0.000000000000000000e+00 8.590470146178739697e+01 0.000000000000000000e+00 0.000000000000000000e+00 0.000000000000000000e+00 9.124852468693329399e+01 0.000000000000000000e+00 0.000000000000000000e+00 0.000000000000000000e+00 9.124852468693329399e+01 0.000000000000000000e+00 0.000000000000000000e+00 0.000000000000000000e+00 8.590470146178739697e+01 0.000000000000000000e+00 0.000000000000000000e+00 0.000000000000000000e+00
3.473160113485863803e+03 2.526749951972716644e+03 0.000000000000000000e+00 8.594393552066500774e+01 0.000000000000000000e+00 0.000000000000000000e+00 0.000000000000000000e+00 8.862003178824770089e+01 0.000000000000000000e+00 0.000000000000000000e+00 0.000000000000000000e+00 8.862003178824770089e+01 0.000000000000000000e+00 0.000000000000000000e+00 0.000000000000000000e+00 8.594393552066500774e+01 0.000000000000000000e+00 0.000000000000000000e+00 0.000000000000000000e+00
3.126678445256581199e+03 2.526678445257979547e+03 0.000000000000000000e+00 8.630165996238928017e+01 0.000000000000000000e+00 0.000000000000000000e+00 0.000000000000000000e+00 9.019033470660892249e+01 0.000000000000000000e+00 0.000000000000000000e+00 0.000000000000000000e+00 9.019033470660892249e+01 0.000000000000000000e+00 0.000000000000000000e+00 0.000000000000000000e+00 8.630165996238928017e+01 0.000000000000000000e+00 0.000000000000000000e+00 0.000000000000000000e+00
1.073205035829752660e+03 5.526794874311595777e+03 0.000000000000000000e+00 6.005442250757863576e+01 0.000000000000000000e+00 0.000000000000000000e+00 0.000000000000000000e+00 4.863456328573739995e+01 0.000000000000000000e+00 0.000000000000000000e+00 0.000000000000000000e+00 4.863456328573740706e+01 0.000000000000000000e+00 0.000000000000000000e+00 0.000000000000000000e+00 6.005442250757863576e+01 0.000000000000000000e+00 0.000000000000000000e+00 0.000000000000000000e+00
1.073205073837529426e+03 5.873205073830748006e+03 0.000000000000000000e+00 7.387112679595048803e+01 0.000000000000000000e+00 0.000000000000000000e+00 0.000000000000000000e+00 5.002796278979592159e+01 0.000000000000000000e+00 0.000000000000000000e+00 0.000000000000000000e+00 5.002796278979592159e+01 0.000000000000000000e+00 0.000000000000000000e+00 0.000000000000000000e+00 7.387112679595048803e+01 0.000000000000000000e+00 0.000000000000000000e+00 0.000000000000000000e+00
7.267949044139710395e+02 5.526794904411870448e+03 0.000000000000000000e+00 6.013967421622059817e+01 0.000000000000000000e+00 0.000000000000000000e+00 0.000000000000000000e+00 5.049864909861440054e+01 0.000000000000000000e+00 0.000000000000000000e+00 0.000000000000000000e+00 5.049864909861440054e+01 0.000000000000000000e+00 0.000000000000000000e+00 0.000000000000000000e+00 6.013967421622059817e+01 0.000000000000000000e+00 0.000000000000000000e+00 0.000000000000000000e+00
7.267949101601791426e+02 5.873205071669644894e+03 0.000000000000000000e+00 7.388525031667320775e+01 0.000000000000000000e+00 0.000000000000000000e+00 0.000000000000000000e+00 5.197506450875444273e+01 0.000000000000000000e+00 0.000000000000000000e+00 0.000000000000000000e+00 5.197506450875444273e+01 0.000000000000000000e+00 0.000000000000000000e+00 0.000000000000000000e+00 7.388525031667319354e+01 0.000000000000000000e+00 0.000000000000000000e+00 0.000000000000000000e+00
5.526794919244035555e+03 4.926794919239381670e+03 0.000000000000000000e+00 6.794488313006257840e+01 0.000000000000000000e+00 0.000000000000000000e+00 0.000000000000000000e+00 6.679332586470023614e+01 0.000000000000000000e+00 0.000000000000000000e+00 0.000000000000000000e+00 6.679332586470023614e+01 0.000000000000000000e+00 0.000000000000000000e+00 0.000000000000000000e+00 6.794488313006257840e+01 0.000000000000000000e+00 0.000000000000000000e+00 0.000000000000000000e+00
5.873205080757243195e+03 4.926794919237232534e+03 0.000000000000000000e+00 6.729686354144631366e+01 0.000000000000000000e+00 0.000000000000000000e+00 0.000000000000000000e+00 6.138160978459420392e+01 0.000000000000000000e+00 0.000000000000000000e+00 0.000000000000000000e+00 6.138160978459421102e+01 0.000000000000000000e+00 0.000000000000000000e+00 0.000000000000000000e+00 6.729686354144629945e+01 0.000000000000000000e+00 0.000000000000000000e+00 0.000000000000000000e+00
5.526794919244671291e+03 5.273205080754203664e+03 0.000000000000000000e+00 7.305923993634296210e+01 0.000000000000000000e+00 0.000000000000000000e+00 0.000000000000000000e+00 6.619679347089964949e+01 0.000000000000000000e+00 0.000000000000000000e+00 0.000000000000000000e+00 6.619679347089967791e+01 0.000000000000000000e+00 0.000000000000000000e+00 0.000000000000000000e+00 7.305923993634294789e+01 0.000000000000000000e+00 0.000000000000000000e+00 0.000000000000000000e+00
5.873205080757197720e+03 5.273205080753156835e+03 0.000000000000000000e+00 7.089442161894515948e+01 0.000000000000000000e+00 0.000000000000000000e+00 0.000000000000000000e+00 6.157486795811290392e+01 0.000000000000000000e+00 0.000000000000000000e+00 0.000000000000000000e+00 6.157486795811290392e+01 0.000000000000000000e+00 0.000000000000000000e+00 0.000000000000000000e+00 7.089442161894517369e+01 0.000000000000000000e+00 0.000000000000000000e+00 0.000000000000000000e+00
4.926794886875271004e+03 4.732050483929069742e+02 0.000000000000000000e+00 7.202203916102612880e+01 0.000000000000000000e+00 0.000000000000000000e+00 0.000000000000000000e+00 6.942877275005953663e+01 0.000000000000000000e+00 0.000000000000000000e+00 0.000000000000000000e+00 6.942877275005953663e+01 0.000000000000000000e+00 0.000000000000000000e+00 0.000000000000000000e+00 7.202203916102612880e+01 0.000000000000000000e+00 0.000000000000000000e+00 0.000000000000000000e+00
4.926794915244953700e+03 1.267949152507628696e+02 0.000000000000000000e+00 7.647374072485189345e+01 0.000000000000000000e+00 0.000000000000000000e+00 0.000000000000000000e+00 7.014139426501496644e+01 0.000000000000000000e+00 0.000000000000000000e+00 0.000000000000000000e+00 7.014139426501496644e+01 0.000000000000000000e+00 0.000000000000000000e+00 0.000000000000000000e+00 7.647374072485189345e+01 0.000000000000000000e+00 0.000000000000000000e+00 0.000000000000000000e+00
5.273205075938079062e+03 4.732050759402724225e+02 0.000000000000000000e+00 7.239029278256425926e+01 0.000000000000000000e+00 0.000000000000000000e+00 0.000000000000000000e+00 7.232099930494912599e+01 0.000000000000000000e+00 0.000000000000000000e+00 0.000000000000000000e+00 7.232099930494912599e+01 0.000000000000000000e+00 0.000000000000000000e+00 0.000000000000000000e+00 7.239029278256425926e+01 0.000000000000000000e+00 0.000000000000000000e+00 0.000000000000000000e+00
5.273205074783021701e+03 1.267949132729510211e+02 0.000000000000000000e+00 7.687447522933453570e+01 0.000000000000000000e+00 0.000000000000000000e+00 0.000000000000000000e+00 7.306819416198300132e+01 0.000000000000000000e+00 0.000000000000000000e+00 0.000000000000000000e+00 7.306819416198300132e+01 0.000000000000000000e+00 0.000000000000000000e+00 0.000000000000000000e+00 7.687447522933453570e+01 0.000000000000000000e+00 0.000000000000000000e+00 0.000000000000000000e+00
1.267949174910549459e+02 5.873205079004689651e+03 0.000000000000000000e+00 8.574995824111721276e+01 0.000000000000000000e+00 0.000000000000000000e+00 0.000000000000000000e+00 1.053226469361115676e+02 0.000000000000000000e+00 0.000000000000000000e+00 0.000000000000000000e+00 1.053226469361115676e+02 0.000000000000000000e+00 0.000000000000000000e+00 0.000000000000000000e+00 8.574995824111722698e+01 0.000000000000000000e+00 0.000000000000000000e+00 0.000000000000000000e+00
1.267949181026885128e+02 5.526794918104364115e+03 0.000000000000000000e+00 6.483659403681798494e+01 0.000000000000000000e+00 0.000000000000000000e+00 0.000000000000000000e+00 1.007181290338052690e+02 0.000000000000000000e+00 0.000000000000000000e+00 0.000000000000000000e+00 1.007181290338052690e+02 0.000000000000000000e+00 0.000000000000000000e+00 0.000000000000000000e+00 6.483659403681799915e+01 0.000000000000000000e+00 0.000000000000000000e+00 0.000000000000000000e+00
4.732050796189230368e+02 5.873205079616293915e+03 0.000000000000000000e+00 8.301028387889650162e+01 0.000000000000000000e+00 0.000000000000000000e+00 0.000000000000000000e+00 6.781891910580749538e+01 0.000000000000000000e+00 0.000000000000000000e+00 0.000000000000000000e+00 6.781891910580749538e+01 0.000000000000000000e+00 0.000000000000000000e+00 0.000000000000000000e+00 8.301028387889653004e+01 0.000000000000000000e+00 0.000000000000000000e+00 0.000000000000000000e+00
4.732050710999660055e+02 5.526794909585812093e+03 0.000000000000000000e+00 5.923646332278491400e+01 0.000000000000000000e+00 0.000000000000000000e+00 0.000000000000000000e+00 6.422574765600626279e+01 0.000000000000000000e+00 0.000000000000000000e+00 0.000000000000000000e+00 6.422574765600626279e+01 0.000000000000000000e+00 0.000000000000000000e+00 0.000000000000000000e+00 5.923646332278491400e+01 0.000000000000000000e+00 0.000000000000000000e+00 0.000000000000000000e+00
5.873205080757421456e+03 5.873205080756376447e+03 0.000000000000000000e+00 6.357112126549618125e+01 0.000000000000000000e+00 0.000000000000000000e+00 0.000000000000000000e+00 6.592566810249518028e+01 0.000000000000000000e+00 0.000000000000000000e+00 0.000000000000000000e+00 6.592566810249518028e+01 0.000000000000000000e+00 0.000000000000000000e+00 0.000000000000000000e+00 6.357112126549618125e+01 0.000000000000000000e+00 0.000000000000000000e+00 0.000000000000000000e+00
5.526794919245540768e+03 5.873205080756290045e+03 0.000000000000000000e+00 6.534205655738939811e+01 0.000000000000000000e+00 0.000000000000000000e+00 0.000000000000000000e+00 7.417120790134592312e+01 0.000000000000000000e+00 0.000000000000000000e+00 0.000000000000000000e+00 7.417120790134592312e+01 0.000000000000000000e+00 0.000000000000000000e+00 0.000000000000000000e+00 6.534205655738939811e+01 0.000000000000000000e+00 0.000000000000000000e+00 0.000000000000000000e+00
5.873205080757470569e+03 5.526794919240440322e+03 0.000000000000000000e+00 7.121084036235170345e+01 0.000000000000000000e+00 0.000000000000000000e+00 0.000000000000000000e+00 6.755516229396009464e+01 0.000000000000000000e+00 0.000000000000000000e+00 0.000000000000000000e+00 6.755516229396009464e+01 0.000000000000000000e+00 0.000000000000000000e+00 0.000000000000000000e+00 7.121084036235168924e+01 0.000000000000000000e+00 0.000000000000000000e+00 0.000000000000000000e+00
5.526794919244849552e+03 5.526794919241647221e+03 0.000000000000000000e+00 7.286927938151464446e+01 0.000000000000000000e+00 0.000000000000000000e+00 0.000000000000000000e+00 7.565279158220552347e+01 0.000000000000000000e+00 0.000000000000000000e+00 0.000000000000000000e+00 7.565279158220550926e+01 0.000000000000000000e+00 0.000000000000000000e+00 0.000000000000000000e+00 7.286927938151463024e+01 0.000000000000000000e+00 0.000000000000000000e+00 0.000000000000000000e+00
4.326791662938414447e+03 1.326791662939935122e+03 0.000000000000000000e+00 3.777832921489790152e+01 0.000000000000000000e+00 0.000000000000000000e+00 0.000000000000000000e+00 1.699954217318007821e+01 0.000000000000000000e+00 0.000000000000000000e+00 0.000000000000000000e+00 1.699954217318007821e+01 0.000000000000000000e+00 0.000000000000000000e+00 0.000000000000000000e+00 3.777832921489790152e+01 0.000000000000000000e+00 0.000000000000000000e+00 0.000000000000000000e+00
4.673203486394524589e+03 1.326793324880671207e+03 0.000000000000000000e+00 3.948244014400468416e+01 0.000000000000000000e+00 0.000000000000000000e+00 0.000000000000000000e+00 3.782374631618302629e+01 0.000000000000000000e+00 0.000000000000000000e+00 0.000000000000000000e+00 3.782374631618302629e+01 0.000000000000000000e+00 0.000000000000000000e+00 0.000000000000000000e+00 3.948244014400468416e+01 0.000000000000000000e+00 0.000000000000000000e+00 0.000000000000000000e+00
4.326788333653096743e+03 1.673198495166654311e+03 0.000000000000000000e+00 2.377747492089108405e+01 0.000000000000000000e+00 0.000000000000000000e+00 0.000000000000000000e+00 1.574029766289604737e+01 0.000000000000000000e+00 0.000000000000000000e+00 0.000000000000000000e+00 1.574029766289604737e+01 0.000000000000000000e+00 0.000000000000000000e+00 0.000000000000000000e+00 2.377747492089108761e+01 0.000000000000000000e+00 0.000000000000000000e+00 0.000000000000000000e+00
4.673203381108061876e+03 1.673203381106123970e+03 0.000000000000000000e+00 2.564266231328215540e+01 0.000000000000000000e+00 0.000000000000000000e+00 0.000000000000000000e+00 3.660520254662183248e+01 0.000000000000000000e+00 0.000000000000000000e+00 0.000000000000000000e+00 3.660520254662183959e+01 0.000000000000000000e+00 0.000000000000000000e+00 0.000000000000000000e+00 2.564266231328215540e+01 0.000000000000000000e+00 0.000000000000000000e+00 0.000000000000000000e+00
5.273205080739988261e+03 4.926794919221717464e+03 0.000000000000000000e+00 8.452790137219676581e+01 0.000000000000000000e+00 0.000000000000000000e+00 0.000000000000000000e+00 7.288845739529200785e+01 0.000000000000000000e+00 0.000000000000000000e+00 0.000000000000000000e+00 7.288845739529203627e+01 0.000000000000000000e+00 0.000000000000000000e+00 0.000000000000000000e+00 8.452790137219676581e+01 0.000000000000000000e+00 0.000000000000000000e+00 0.000000000000000000e+00
5.273205080730538612e+03 5.273205080726644155e+03 0.000000000000000000e+00 7.888814226788213091e+01 0.000000000000000000e+00 0.000000000000000000e+00 0.000000000000000000e+00 7.179877977970484437e+01 0.000000000000000000e+00 0.000000000000000000e+00 0.000000000000000000e+00 7.179877977970484437e+01 0.000000000000000000e+00 0.000000000000000000e+00 0.000000000000000000e+00 7.888814226788214512e+01 0.000000000000000000e+00 0.000000000000000000e+00 0.000000000000000000e+00
4.926794919087896233e+03 4.926794919083938112e+03 0.000000000000000000e+00 8.469492606215837327e+01 0.000000000000000000e+00 0.000000000000000000e+00 0.000000000000000000e+00 7.319056968812829211e+01 0.000000000000000000e+00 0.000000000000000000e+00 0.000000000000000000e+00 7.319056968812829211e+01 0.000000000000000000e+00 0.000000000000000000e+00 0.000000000000000000e+00 8.469492606215838748e+01 0.000000000000000000e+00 0.000000000000000000e+00 0.000000000000000000e+00
4.926794919228324943e+03 5.273205080737674507e+03 0.000000000000000000e+00 7.901757281466323946e+01 0.000000000000000000e+00 0.000000000000000000e+00 0.000000000000000000e+00 7.210997984860109966e+01 0.000000000000000000e+00 0.000000000000000000e+00 0.000000000000000000e+00 7.210997984860109966e+01 0.000000000000000000e+00 0.000000000000000000e+00 0.000000000000000000e+00 7.901757281466325367e+01 0.000000000000000000e+00 0.000000000000000000e+00 0.000000000000000000e+00
4.686919943064365270e+02 1.322281832799294307e+03 0.000000000000000000e+00 6.668020928589800178e+01 0.000000000000000000e+00 0.000000000000000000e+00 0.000000000000000000e+00 6.595340355505359753e+01 0.000000000000000000e+00 0.000000000000000000e+00 0.000000000000000000e+00 6.595340355505359753e+01 0.000000000000000000e+00 0.000000000000000000e+00 0.000000000000000000e+00 6.668020928589800178e+01 0.000000000000000000e+00 0.000000000000000000e+00 0.000000000000000000e+00
4.707715883777777890e+02 1.670771588385722453e+03 0.000000000000000000e+00 6.646253736542179524e+01 0.000000000000000000e+00 0.000000000000000000e+00 0.000000000000000000e+00 6.592901500973245277e+01 0.000000000000000000e+00 0.000000000000000000e+00 0.000000000000000000e+00 6.592901500973245277e+01 0.000000000000000000e+00 0.000000000000000000e+00 0.000000000000000000e+00 6.646253736542179524e+01 0.000000000000000000e+00 0.000000000000000000e+00 0.000000000000000000e+00
1.259389082176725196e+02 1.325938908226150488e+03 0.000000000000000000e+00 6.665986697061406119e+01 0.000000000000000000e+00 0.000000000000000000e+00 0.000000000000000000e+00 6.574265032507075546e+01 0.000000000000000000e+00 0.000000000000000000e+00 0.000000000000000000e+00 6.574265032507075546e+01 0.000000000000000000e+00 0.000000000000000000e+00 0.000000000000000000e+00 6.665986697061406119e+01 0.000000000000000000e+00 0.000000000000000000e+00 0.000000000000000000e+00
1.257896000810119972e+02 1.672199761605810863e+03 0.000000000000000000e+00 6.644168662711591367e+01 0.000000000000000000e+00 0.000000000000000000e+00 0.000000000000000000e+00 6.571899994736978101e+01 0.000000000000000000e+00 0.000000000000000000e+00 0.000000000000000000e+00 6.571899994736978101e+01 0.000000000000000000e+00 0.000000000000000000e+00 0.000000000000000000e+00 6.644168662711591367e+01 0.000000000000000000e+00 0.000000000000000000e+00 0.000000000000000000e+00
5.526794919243900949e+03 4.673205080751889909e+03 0.000000000000000000e+00 6.180696257382418679e+01 0.000000000000000000e+00 0.000000000000000000e+00 0.000000000000000000e+00 3.981632766466726991e+01 0.000000000000000000e+00 0.000000000000000000e+00 0.000000000000000000e+00 3.981632766466727702e+01 0.000000000000000000e+00 0.000000000000000000e+00 0.000000000000000000e+00 6.180696257382420100e+01 0.000000000000000000e+00 0.000000000000000000e+00 0.000000000000000000e+00
5.526794919243529876e+03 4.326794919236895112e+03 0.000000000000000000e+00 5.834149493326552971e+01 0.000000000000000000e+00 0.000000000000000000e+00 0.000000000000000000e+00 3.673391394904950147e+01 0.000000000000000000e+00 0.000000000000000000e+00 0.000000000000000000e+00 3.673391394904951568e+01 0.000000000000000000e+00 0.000000000000000000e+00 0.000000000000000000e+00 5.834149493326554392e+01 0.000000000000000000e+00 0.000000000000000000e+00 0.000000000000000000e+00
5.873205080757035830e+03 4.673205080749875378e+03 0.000000000000000000e+00 6.335521894390490871e+01 0.000000000000000000e+00 0.000000000000000000e+00 0.000000000000000000e+00 5.471453550522028308e+01 0.000000000000000000e+00 0.000000000000000000e+00 0.000000000000000000e+00 5.471453550522029730e+01 0.000000000000000000e+00 0.000000000000000000e+00 0.000000000000000000e+00 6.335521894390491582e+01 0.000000000000000000e+00 0.000000000000000000e+00 0.000000000000000000e+00
5.873205080757062206e+03 4.326794919233960172e+03 0.000000000000000000e+00 6.173940724265963098e+01 0.000000000000000000e+00 0.000000000000000000e+00 0.000000000000000000e+00 5.142243547361140799e+01 0.000000000000000000e+00 0.000000000000000000e+00 0.000000000000000000e+00 5.142243547361141509e+01 0.000000000000000000e+00 0.000000000000000000e+00 0.000000000000000000e+00 6.173940724265965940e+01 0.000000000000000000e+00 0.000000000000000000e+00 0.000000000000000000e+00
1.069089365092699154e+03 1.322679203583167237e+03 0.000000000000000000e+00 6.704084841458141852e+01 0.000000000000000000e+00 0.000000000000000000e+00 0.000000000000000000e+00 6.589080497754004284e+01 0.000000000000000000e+00 0.000000000000000000e+00 0.000000000000000000e+00 6.589080497754004284e+01 0.000000000000000000e+00 0.000000000000000000e+00 0.000000000000000000e+00 6.704084841458141852e+01 0.000000000000000000e+00 0.000000000000000000e+00 0.000000000000000000e+00
1.070064010840240599e+03 1.670064010844771019e+03 0.000000000000000000e+00 6.617796270695752980e+01 0.000000000000000000e+00 0.000000000000000000e+00 0.000000000000000000e+00 6.574562041420128367e+01 0.000000000000000000e+00 0.000000000000000000e+00 0.000000000000000000e+00 6.574562041420128367e+01 0.000000000000000000e+00 0.000000000000000000e+00 0.000000000000000000e+00 6.617796270695752980e+01 0.000000000000000000e+00 0.000000000000000000e+00 0.000000000000000000e+00
7.215993269640478047e+02 1.321599326969162803e+03 0.000000000000000000e+00 6.710791227120849101e+01 0.000000000000000000e+00 0.000000000000000000e+00 0.000000000000000000e+00 6.605451439203443442e+01 0.000000000000000000e+00 0.000000000000000000e+00 0.000000000000000000e+00 6.605451439203443442e+01 0.000000000000000000e+00 0.000000000000000000e+00 0.000000000000000000e+00 6.710791227120849101e+01 0.000000000000000000e+00 0.000000000000000000e+00 0.000000000000000000e+00
7.235982247771839866e+02 1.670008386297547986e+03 0.000000000000000000e+00 6.624806716825391106e+01 0.000000000000000000e+00 0.000000000000000000e+00 0.000000000000000000e+00 6.590987901935123716e+01 0.000000000000000000e+00 0.000000000000000000e+00 0.000000000000000000e+00 6.590987901935123716e+01 0.000000000000000000e+00 0.000000000000000000e+00 0.000000000000000000e+00 6.624806716825391106e+01 0.000000000000000000e+00 0.000000000000000000e+00 0.000000000000000000e+00
4.926794919033163751e+03 4.673205080542739779e+03 0.000000000000000000e+00 8.542291887259958116e+01 0.000000000000000000e+00 0.000000000000000000e+00 0.000000000000000000e+00 7.909393142860020021e+01 0.000000000000000000e+00 0.000000000000000000e+00 0.000000000000000000e+00 7.909393142860020021e+01 0.000000000000000000e+00 0.000000000000000000e+00 0.000000000000000000e+00 8.542291887259960959e+01 0.000000000000000000e+00 0.000000000000000000e+00 0.000000000000000000e+00
4.926794918766684532e+03 4.326794918762750967e+03 0.000000000000000000e+00 7.477135495762593109e+01 0.000000000000000000e+00 0.000000000000000000e+00 0.000000000000000000e+00 7.855185938043446470e+01 0.000000000000000000e+00 0.000000000000000000e+00 0.000000000000000000e+00 7.855185938043445049e+01 0.000000000000000000e+00 0.000000000000000000e+00 0.000000000000000000e+00 7.477135495762593109e+01 0.000000000000000000e+00 0.000000000000000000e+00 0.000000000000000000e+00
5.273205080656109203e+03 4.673205080651528988e+03 0.000000000000000000e+00 8.070209075512057950e+01 0.000000000000000000e+00 0.000000000000000000e+00 0.000000000000000000e+00 5.323378780309138136e+01 0.000000000000000000e+00 0.000000000000000000e+00 0.000000000000000000e+00 5.323378780309138847e+01 0.000000000000000000e+00 0.000000000000000000e+00 0.000000000000000000e+00 8.070209075512059371e+01 0.000000000000000000e+00 0.000000000000000000e+00 0.000000000000000000e+00
5.273205080674871169e+03 4.326794919155494426e+03 0.000000000000000000e+00 7.105619286188132833e+01 0.000000000000000000e+00 0.000000000000000000e+00 0.000000000000000000e+00 5.319385886534232810e+01 0.000000000000000000e+00 0.000000000000000000e+00 0.000000000000000000e+00 5.319385886534231389e+01 0.000000000000000000e+00 0.000000000000000000e+00 0.000000000000000000e+00 7.105619286188132833e+01 0.000000000000000000e+00 0.000000000000000000e+00 0.000000000000000000e+00
4.073204399871545320e+03 3.726794238355244488e+03 0.000000000000000000e+00 8.870928762323924843e+01 0.000000000000000000e+00 0.000000000000000000e+00 0.000000000000000000e+00 8.759770244431803121e+01 0.000000000000000000e+00 0.000000000000000000e+00 0.000000000000000000e+00 8.759770244431803121e+01 0.000000000000000000e+00 0.000000000000000000e+00 0.000000000000000000e+00 8.870928762323924843e+01 0.000000000000000000e+00 0.000000000000000000e+00 0.000000000000000000e+00
4.073204439335249845e+03 4.073204439332623224e+03 0.000000000000000000e+00 7.807892057422097309e+01 0.000000000000000000e+00 0.000000000000000000e+00 0.000000000000000000e+00 8.565234323329369204e+01 0.000000000000000000e+00 0.000000000000000000e+00 0.000000000000000000e+00 8.565234323329369204e+01 0.000000000000000000e+00 0.000000000000000000e+00 0.000000000000000000e+00 7.807892057422097309e+01 0.000000000000000000e+00 0.000000000000000000e+00 0.000000000000000000e+00
3.726791909148219929e+03 3.726791909146247690e+03 0.000000000000000000e+00 8.710081877103908710e+01 0.000000000000000000e+00 0.000000000000000000e+00 0.000000000000000000e+00 8.083698264556689139e+01 0.000000000000000000e+00 0.000000000000000000e+00 0.000000000000000000e+00 8.083698264556689139e+01 0.000000000000000000e+00 0.000000000000000000e+00 0.000000000000000000e+00 8.710081877103908710e+01 0.000000000000000000e+00 0.000000000000000000e+00 0.000000000000000000e+00
3.726794162629350467e+03 4.073204324140117933e+03 0.000000000000000000e+00 7.677443282163004312e+01 0.000000000000000000e+00 0.000000000000000000e+00 0.000000000000000000e+00 7.876345286688999181e+01 0.000000000000000000e+00 0.000000000000000000e+00 0.000000000000000000e+00 7.876345286688999181e+01 0.000000000000000000e+00 0.000000000000000000e+00 0.000000000000000000e+00 7.677443282163004312e+01 0.000000000000000000e+00 0.000000000000000000e+00 0.000000000000000000e+00
1.326794572754619594e+03 4.926794572753244211e+03 0.000000000000000000e+00 5.900541577908239788e+01 0.000000000000000000e+00 0.000000000000000000e+00 0.000000000000000000e+00 5.475033151590086788e+01 0.000000000000000000e+00 0.000000000000000000e+00 0.000000000000000000e+00 5.475033151590086788e+01 0.000000000000000000e+00 0.000000000000000000e+00 0.000000000000000000e+00 5.900541577908239788e+01 0.000000000000000000e+00 0.000000000000000000e+00 0.000000000000000000e+00
1.673204704646507253e+03 4.926794543129100930e+03 0.000000000000000000e+00 5.959442129417946887e+01 0.000000000000000000e+00 0.000000000000000000e+00 0.000000000000000000e+00 5.738887869660491248e+01 0.000000000000000000e+00 0.000000000000000000e+00 0.000000000000000000e+00 5.738887869660491248e+01 0.000000000000000000e+00 0.000000000000000000e+00 0.000000000000000000e+00 5.959442129417946887e+01 0.000000000000000000e+00 0.000000000000000000e+00 0.000000000000000000e+00
1.326794779440077491e+03 5.273204940949667616e+03 0.000000000000000000e+00 6.260813279732425940e+01 0.000000000000000000e+00 0.000000000000000000e+00 0.000000000000000000e+00 5.543364843514449092e+01 0.000000000000000000e+00 0.000000000000000000e+00 0.000000000000000000e+00 5.543364843514449092e+01 0.000000000000000000e+00 0.000000000000000000e+00 0.000000000000000000e+00 6.260813279732425940e+01 0.000000000000000000e+00 0.000000000000000000e+00 0.000000000000000000e+00
1.673204981501373368e+03 5.273204981494900494e+03 0.000000000000000000e+00 6.315877846651404326e+01 0.000000000000000000e+00 0.000000000000000000e+00 0.000000000000000000e+00 5.806225182942495877e+01 0.000000000000000000e+00 0.000000000000000000e+00 0.000000000000000000e+00 5.806225182942495877e+01 0.000000000000000000e+00 0.000000000000000000e+00 0.000000000000000000e+00 6.315877846651404326e+01 0.000000000000000000e+00 0.000000000000000000e+00 0.000000000000000000e+00
5.526794919121527528e+03 1.267949191239551112e+02 0.000000000000000000e+00 7.196395286017316550e+01 0.000000000000000000e+00 0.000000000000000000e+00 0.000000000000000000e+00 7.245083595768531382e+01 0.000000000000000000e+00 0.000000000000000000e+00 0.000000000000000000e+00 7.245083595768531382e+01 0.000000000000000000e+00 0.000000000000000000e+00 0.000000000000000000e+00 7.196395286017316550e+01 0.000000000000000000e+00 0.000000000000000000e+00 0.000000000000000000e+00
5.873205080573739906e+03 1.267949190602623446e+02 0.000000000000000000e+00 7.133890283707172841e+01 0.000000000000000000e+00 0.000000000000000000e+00 0.000000000000000000e+00 6.989545414074295593e+01 0.000000000000000000e+00 0.000000000000000000e+00 0.000000000000000000e+00 6.989545414074295593e+01 0.000000000000000000e+00 0.000000000000000000e+00 0.000000000000000000e+00 7.133890283707172841e+01 0.000000000000000000e+00 0.000000000000000000e+00 0.000000000000000000e+00
5.526794918235164914e+03 4.732050797497719259e+02 0.000000000000000000e+00 6.705463149472315365e+01 0.000000000000000000e+00 0.000000000000000000e+00 0.000000000000000000e+00 7.152480787615317581e+01 0.000000000000000000e+00 0.000000000000000000e+00 0.000000000000000000e+00 7.152480787615317581e+01 0.000000000000000000e+00 0.000000000000000000e+00 0.000000000000000000e+00 6.705463149472315365e+01 0.000000000000000000e+00 0.000000000000000000e+00 0.000000000000000000e+00
5.873205080637378160e+03 4.732050806368980034e+02 0.000000000000000000e+00 6.638198531543503123e+01 0.000000000000000000e+00 0.000000000000000000e+00 0.000000000000000000e+00 6.894962634612090824e+01 0.000000000000000000e+00 0.000000000000000000e+00 0.000000000000000000e+00 6.894962634612090824e+01 0.000000000000000000e+00 0.000000000000000000e+00 0.000000000000000000e+00 6.638198531543503123e+01 0.000000000000000000e+00 0.000000000000000000e+00 0.000000000000000000e+00
4.673204661050967843e+03 1.073204661052369829e+03 0.000000000000000000e+00 4.990369709530166631e+01 0.000000000000000000e+00 0.000000000000000000e+00 0.000000000000000000e+00 6.487685516790340046e+01 0.000000000000000000e+00 0.000000000000000000e+00 0.000000000000000000e+00 6.487685516790338625e+01 0.000000000000000000e+00 0.000000000000000000e+00 0.000000000000000000e+00 4.990369709530168052e+01 0.000000000000000000e+00 0.000000000000000000e+00 0.000000000000000000e+00
4.326792477963834244e+03 1.073202639480615971e+03 0.000000000000000000e+00 5.368725114528898246e+01 0.000000000000000000e+00 0.000000000000000000e+00 0.000000000000000000e+00 7.720083383584201897e+01 0.000000000000000000e+00 0.000000000000000000e+00 0.000000000000000000e+00 7.720083383584201897e+01 0.000000000000000000e+00 0.000000000000000000e+00 0.000000000000000000e+00 5.368725114528898246e+01 0.000000000000000000e+00 0.000000000000000000e+00 0.000000000000000000e+00
4.673204589397969357e+03 7.267944278878317164e+02 0.000000000000000000e+00 7.182768117933009933e+01 0.000000000000000000e+00 0.000000000000000000e+00 0.000000000000000000e+00 6.859251847927586709e+01 0.000000000000000000e+00 0.000000000000000000e+00 0.000000000000000000e+00 6.859251847927585288e+01 0.000000000000000000e+00 0.000000000000000000e+00 0.000000000000000000e+00 7.182768117933011354e+01 0.000000000000000000e+00 0.000000000000000000e+00 0.000000000000000000e+00
4.326794550956991770e+03 7.267945509622679765e+02 0.000000000000000000e+00 7.454511003198152252e+01 0.000000000000000000e+00 0.000000000000000000e+00 0.000000000000000000e+00 8.027657430469200506e+01 0.000000000000000000e+00 0.000000000000000000e+00 0.000000000000000000e+00 8.027657430469200506e+01 0.000000000000000000e+00 0.000000000000000000e+00 0.000000000000000000e+00 7.454511003198152252e+01 0.000000000000000000e+00 0.000000000000000000e+00 0.000000000000000000e+00
1.326794914078055626e+03 5.873205075583324287e+03 0.000000000000000000e+00 4.780465620224296686e+01 0.000000000000000000e+00 0.000000000000000000e+00 0.000000000000000000e+00 4.339037341844292683e+01 0.000000000000000000e+00 0.000000000000000000e+00 0.000000000000000000e+00 4.339037341844292683e+01 0.000000000000000000e+00 0.000000000000000000e+00 0.000000000000000000e+00 4.780465620224296686e+01 0.000000000000000000e+00 0.000000000000000000e+00 0.000000000000000000e+00
1.326794875458804881e+03 5.526794875452672386e+03 0.000000000000000000e+00 6.115894891690241053e+01 0.000000000000000000e+00 0.000000000000000000e+00 0.000000000000000000e+00 4.463852868093751880e+01 0.000000000000000000e+00 0.000000000000000000e+00 0.000000000000000000e+00 4.463852868093751880e+01 0.000000000000000000e+00 0.000000000000000000e+00 0.000000000000000000e+00 6.115894891690241053e+01 0.000000000000000000e+00 0.000000000000000000e+00 0.000000000000000000e+00
1.673205072821704334e+03 5.873205072810720594e+03 0.000000000000000000e+00 4.692985309211116629e+01 0.000000000000000000e+00 0.000000000000000000e+00 0.000000000000000000e+00 3.392587009579293067e+01 0.000000000000000000e+00 0.000000000000000000e+00 0.000000000000000000e+00 3.392587009579290935e+01 0.000000000000000000e+00 0.000000000000000000e+00 0.000000000000000000e+00 4.692985309211116629e+01 0.000000000000000000e+00 0.000000000000000000e+00 0.000000000000000000e+00
1.673205075592231196e+03 5.526794914070050254e+03 0.000000000000000000e+00 6.037124716220241538e+01 0.000000000000000000e+00 0.000000000000000000e+00 0.000000000000000000e+00 3.533461845681368629e+01 0.000000000000000000e+00 0.000000000000000000e+00 0.000000000000000000e+00 3.533461845681367919e+01 0.000000000000000000e+00 0.000000000000000000e+00 0.000000000000000000e+00 6.037124716220241538e+01 0.000000000000000000e+00 0.000000000000000000e+00 0.000000000000000000e+00
4.673205066524463291e+03 1.267949050178361290e+02 0.000000000000000000e+00 8.327014667305385842e+01 0.000000000000000000e+00 0.000000000000000000e+00 0.000000000000000000e+00 7.460105042205803727e+01 0.000000000000000000e+00 0.000000000000000000e+00 0.000000000000000000e+00 7.460105042205803727e+01 0.000000000000000000e+00 0.000000000000000000e+00 0.000000000000000000e+00 8.327014667305388684e+01 0.000000000000000000e+00 0.000000000000000000e+00 0.000000000000000000e+00
4.673205041725141200e+03 4.732050417304045595e+02 0.000000000000000000e+00 8.050512273815044750e+01 0.000000000000000000e+00 0.000000000000000000e+00 0.000000000000000000e+00 7.388816219339675229e+01 0.000000000000000000e+00 0.000000000000000000e+00 0.000000000000000000e+00 7.388816219339675229e+01 0.000000000000000000e+00 0.000000000000000000e+00 0.000000000000000000e+00 8.050512273815044750e+01 0.000000000000000000e+00 0.000000000000000000e+00 0.000000000000000000e+00
4.326794906601186995e+03 1.267949066104485780e+02 0.000000000000000000e+00 8.513931724329702888e+01 0.000000000000000000e+00 0.000000000000000000e+00 0.000000000000000000e+00 8.464631856558641232e+01 0.000000000000000000e+00 0.000000000000000000e+00 0.000000000000000000e+00 8.464631856558641232e+01 0.000000000000000000e+00 0.000000000000000000e+00 0.000000000000000000e+00 8.513931724329705730e+01 0.000000000000000000e+00 0.000000000000000000e+00 0.000000000000000000e+00
4.326794858027534247e+03 4.732050195481747892e+02 0.000000000000000000e+00 8.258952266983607160e+01 0.000000000000000000e+00 0.000000000000000000e+00 0.000000000000000000e+00 8.406483379186225591e+01 0.000000000000000000e+00 0.000000000000000000e+00 0.000000000000000000e+00 8.406483379186225591e+01 0.000000000000000000e+00 0.000000000000000000e+00 0.000000000000000000e+00 8.258952266983608581e+01 0.000000000000000000e+00 0.000000000000000000e+00 0.000000000000000000e+00
4.692715279050962067e+02 7.228613663955536595e+02 0.000000000000000000e+00 6.674696810078816611e+01 0.000000000000000000e+00 0.000000000000000000e+00 0.000000000000000000e+00 6.642481354666101367e+01 0.000000000000000000e+00 0.000000000000000000e+00 0.000000000000000000e+00 6.642481354666101367e+01 0.000000000000000000e+00 0.000000000000000000e+00 0.000000000000000000e+00 6.674696810078816611e+01 0.000000000000000000e+00 0.000000000000000000e+00 0.000000000000000000e+00
4.685147681174221361e+02 1.068514768122609667e+03 0.000000000000000000e+00 6.686263676963089608e+01 0.000000000000000000e+00 0.000000000000000000e+00 0.000000000000000000e+00 6.644496635708215138e+01 0.000000000000000000e+00 0.000000000000000000e+00 0.000000000000000000e+00 6.644496635708215138e+01 0.000000000000000000e+00 0.000000000000000000e+00 0.000000000000000000e+00 6.686263676963089608e+01 0.000000000000000000e+00 0.000000000000000000e+00 0.000000000000000000e+00
1.256123738919976063e+02 7.256123738966530254e+02 0.000000000000000000e+00 6.673528460190613032e+01 0.000000000000000000e+00 0.000000000000000000e+00 0.000000000000000000e+00 6.639342723572926275e+01 0.000000000000000000e+00 0.000000000000000000e+00 0.000000000000000000e+00 6.639342723572926275e+01 0.000000000000000000e+00 0.000000000000000000e+00 0.000000000000000000e+00 6.673528460190613032e+01 0.000000000000000000e+00 0.000000000000000000e+00 0.000000000000000000e+00
1.256667068002099938e+02 1.072076868321208622e+03 0.000000000000000000e+00 6.685083351018066367e+01 0.000000000000000000e+00 0.000000000000000000e+00 0.000000000000000000e+00 6.641352227742260084e+01 0.000000000000000000e+00 0.000000000000000000e+00 0.000000000000000000e+00 6.641352227742260084e+01 0.000000000000000000e+00 0.000000000000000000e+00 0.000000000000000000e+00 6.685083351018066367e+01 0.000000000000000000e+00 0.000000000000000000e+00 0.000000000000000000e+00
2.872961121558973900e+03 1.926550960048397883e+03 0.000000000000000000e+00 7.490614518812465406e+01 0.000000000000000000e+00 0.000000000000000000e+00 0.000000000000000000e+00 7.486296720255960224e+01 0.000000000000000000e+00 0.000000000000000000e+00 0.000000000000000000e+00 7.486296720255961645e+01 0.000000000000000000e+00 0.000000000000000000e+00 0.000000000000000000e+00 7.490614518812463984e+01 0.000000000000000000e+00 0.000000000000000000e+00 0.000000000000000000e+00
2.872967797731348583e+03 2.272967797733614589e+03 0.000000000000000000e+00 7.809920603023371655e+01 0.000000000000000000e+00 0.000000000000000000e+00 0.000000000000000000e+00 7.563534405088623203e+01 0.000000000000000000e+00 0.000000000000000000e+00 0.000000000000000000e+00 7.563534405088623203e+01 0.000000000000000000e+00 0.000000000000000000e+00 0.000000000000000000e+00 7.809920603023371655e+01 0.000000000000000000e+00 0.000000000000000000e+00 0.000000000000000000e+00
2.526260918929950549e+03 1.926260918932937329e+03 0.000000000000000000e+00 7.318611634096265561e+01 0.000000000000000000e+00 0.000000000000000000e+00 0.000000000000000000e+00 6.527431017029270777e+01 0.000000000000000000e+00 0.000000000000000000e+00 0.000000000000000000e+00 6.527431017029270777e+01 0.000000000000000000e+00 0.000000000000000000e+00 0.000000000000000000e+00 7.318611634096262719e+01 0.000000000000000000e+00 0.000000000000000000e+00 0.000000000000000000e+00
2.526449264576980568e+03 2.272859426093486491e+03 0.000000000000000000e+00 7.644744430753260644e+01 0.000000000000000000e+00 0.000000000000000000e+00 0.000000000000000000e+00 6.620436453790949827e+01 0.000000000000000000e+00 0.000000000000000000e+00 0.000000000000000000e+00 6.620436453790949827e+01 0.000000000000000000e+00 0.000000000000000000e+00 0.000000000000000000e+00 7.644744430753260644e+01 0.000000000000000000e+00 0.000000000000000000e+00 0.000000000000000000e+00
4.732050619701344658e+02 5.273205061971205396e+03 0.000000000000000000e+00 4.654158095366209125e+01 0.000000000000000000e+00 0.000000000000000000e+00 0.000000000000000000e+00 5.430210810562094537e+01 0.000000000000000000e+00 0.000000000000000000e+00 0.000000000000000000e+00 5.430210810562094537e+01 0.000000000000000000e+00 0.000000000000000000e+00 0.000000000000000000e+00 4.654158095366209835e+01 0.000000000000000000e+00 0.000000000000000000e+00 0.000000000000000000e+00
1.267949040801950673e+02 5.273205065597220710e+03 0.000000000000000000e+00 5.058781277162787404e+01 0.000000000000000000e+00 0.000000000000000000e+00 0.000000000000000000e+00 7.580987189603558818e+01 0.000000000000000000e+00 0.000000000000000000e+00 0.000000000000000000e+00 7.580987189603557397e+01 0.000000000000000000e+00 0.000000000000000000e+00 0.000000000000000000e+00 5.058781277162788825e+01 0.000000000000000000e+00 0.000000000000000000e+00 0.000000000000000000e+00
4.732050023431014552e+02 4.926794840833211310e+03 0.000000000000000000e+00 6.249363170848917548e+01 0.000000000000000000e+00 0.000000000000000000e+00 0.000000000000000000e+00 5.803609322167969253e+01 0.000000000000000000e+00 0.000000000000000000e+00 0.000000000000000000e+00 5.803609322167969253e+01 0.000000000000000000e+00 0.000000000000000000e+00 0.000000000000000000e+00 6.249363170848917548e+01 0.000000000000000000e+00 0.000000000000000000e+00 0.000000000000000000e+00
1.267949083612234347e+02 4.926794908365854099e+03 0.000000000000000000e+00 6.644253274410520760e+01 0.000000000000000000e+00 0.000000000000000000e+00 0.000000000000000000e+00 7.823008935137087860e+01 0.000000000000000000e+00 0.000000000000000000e+00 0.000000000000000000e+00 7.823008935137086439e+01 0.000000000000000000e+00 0.000000000000000000e+00 0.000000000000000000e+00 6.644253274410520760e+01 0.000000000000000000e+00 0.000000000000000000e+00 0.000000000000000000e+00
5.273205080759755219e+03 5.526794919241962816e+03 0.000000000000000000e+00 6.178480536572801896e+01 0.000000000000000000e+00 0.000000000000000000e+00 0.000000000000000000e+00 6.461982356261614768e+01 0.000000000000000000e+00 0.000000000000000000e+00 0.000000000000000000e+00 6.461982356261613347e+01 0.000000000000000000e+00 0.000000000000000000e+00 0.000000000000000000e+00 6.178480536572800474e+01 0.000000000000000000e+00 0.000000000000000000e+00 0.000000000000000000e+00
5.273205080760400961e+03 5.873205080756774805e+03 0.000000000000000000e+00 1.964602543715495742e+01 0.000000000000000000e+00 0.000000000000000000e+00 0.000000000000000000e+00 6.144397126026643008e+01 0.000000000000000000e+00 0.000000000000000000e+00 0.000000000000000000e+00 6.144397126026642297e+01 0.000000000000000000e+00 0.000000000000000000e+00 0.000000000000000000e+00 1.964602543715495742e+01 0.000000000000000000e+00 0.000000000000000000e+00 0.000000000000000000e+00
4.926794919247505277e+03 5.526794919243107870e+03 0.000000000000000000e+00 5.855918901208403327e+01 0.000000000000000000e+00 0.000000000000000000e+00 0.000000000000000000e+00 2.813670459066969798e+01 0.000000000000000000e+00 0.000000000000000000e+00 0.000000000000000000e+00 2.813670459066969798e+01 0.000000000000000000e+00 0.000000000000000000e+00 0.000000000000000000e+00 5.855918901208403327e+01 0.000000000000000000e+00 0.000000000000000000e+00 0.000000000000000000e+00
4.926794919248098267e+03 5.873205080756692041e+03 0.000000000000000000e+00 1.596346615821888548e+01 0.000000000000000000e+00 0.000000000000000000e+00 0.000000000000000000e+00 2.390422255366491555e+01 0.000000000000000000e+00 0.000000000000000000e+00 0.000000000000000000e+00 2.390422255366492976e+01 0.000000000000000000e+00 0.000000000000000000e+00 0.000000000000000000e+00 1.596346615821887482e+01 0.000000000000000000e+00 0.000000000000000000e+00 0.000000000000000000e+00
2.272505967232666080e+03 1.926095805722012756e+03 0.000000000000000000e+00 6.652472716277416964e+01 0.000000000000000000e+00 0.000000000000000000e+00 0.000000000000000000e+00 6.006591137592488394e+01 0.000000000000000000e+00 0.000000000000000000e+00 0.000000000000000000e+00 6.006591137592487684e+01 0.000000000000000000e+00 0.000000000000000000e+00 0.000000000000000000e+00 6.652472716277415543e+01 0.000000000000000000e+00 0.000000000000000000e+00 0.000000000000000000e+00
2.272662312791575914e+03 2.272662312794348509e+03 0.000000000000000000e+00 6.291666762309613858e+01 0.000000000000000000e+00 0.000000000000000000e+00 0.000000000000000000e+00 5.934026472686840492e+01 0.000000000000000000e+00 0.000000000000000000e+00 0.000000000000000000e+00 5.934026472686838360e+01 0.000000000000000000e+00 0.000000000000000000e+00 0.000000000000000000e+00 6.291666762309613858e+01 0.000000000000000000e+00 0.000000000000000000e+00 0.000000000000000000e+00
1.925652184309802806e+03 1.925652184312685904e+03 0.000000000000000000e+00 6.711435938679352375e+01 0.000000000000000000e+00 0.000000000000000000e+00 0.000000000000000000e+00 6.292861520803484154e+01 0.000000000000000000e+00 0.000000000000000000e+00 0.000000000000000000e+00 6.292861520803484154e+01 0.000000000000000000e+00 0.000000000000000000e+00 0.000000000000000000e+00 6.711435938679352375e+01 0.000000000000000000e+00 0.000000000000000000e+00 0.000000000000000000e+00
1.926104564212902915e+03 2.272514725729926340e+03 0.000000000000000000e+00 6.354156141065612218e+01 0.000000000000000000e+00 0.000000000000000000e+00 0.000000000000000000e+00 6.221810020320598511e+01 0.000000000000000000e+00 0.000000000000000000e+00 0.000000000000000000e+00 6.221810020320598511e+01 0.000000000000000000e+00 0.000000000000000000e+00 0.000000000000000000e+00 6.354156141065612218e+01 0.000000000000000000e+00 0.000000000000000000e+00 0.000000000000000000e+00
2.526730914958778158e+03 1.267309149671761475e+02 0.000000000000000000e+00 4.217920151141868246e+01 0.000000000000000000e+00 0.000000000000000000e+00 0.000000000000000000e+00 6.608011809692345651e+01 0.000000000000000000e+00 0.000000000000000000e+00 0.000000000000000000e+00 6.608011809692345651e+01 0.000000000000000000e+00 0.000000000000000000e+00 0.000000000000000000e+00 4.217920151141868246e+01 0.000000000000000000e+00 0.000000000000000000e+00 0.000000000000000000e+00
2.873120702290673307e+03 1.267105407858293233e+02 0.000000000000000000e+00 3.902930878019657257e+01 0.000000000000000000e+00 0.000000000000000000e+00 0.000000000000000000e+00 3.747475395576959301e+01 0.000000000000000000e+00 0.000000000000000000e+00 0.000000000000000000e+00 3.747475395576959301e+01 0.000000000000000000e+00 0.000000000000000000e+00 0.000000000000000000e+00 3.902930878019657257e+01 0.000000000000000000e+00 0.000000000000000000e+00 0.000000000000000000e+00
2.526376145417287262e+03 4.727863069379933449e+02 0.000000000000000000e+00 6.393379820669439084e+01 0.000000000000000000e+00 0.000000000000000000e+00 0.000000000000000000e+00 6.819154855388758563e+01 0.000000000000000000e+00 0.000000000000000000e+00 0.000000000000000000e+00 6.819154855388758563e+01 0.000000000000000000e+00 0.000000000000000000e+00 0.000000000000000000e+00 6.393379820669439084e+01 0.000000000000000000e+00 0.000000000000000000e+00 0.000000000000000000e+00
2.873070082668760278e+03 4.730700826764425528e+02 0.000000000000000000e+00 6.056494144468687324e+01 0.000000000000000000e+00 0.000000000000000000e+00 0.000000000000000000e+00 3.942228494990500565e+01 0.000000000000000000e+00 0.000000000000000000e+00 0.000000000000000000e+00 3.942228494990503407e+01 0.000000000000000000e+00 0.000000000000000000e+00 0.000000000000000000e+00 6.056494144468686613e+01 0.000000000000000000e+00 0.000000000000000000e+00 0.000000000000000000e+00
3.126794918129046891e+03 5.873205079630586624e+03 0.000000000000000000e+00 2.291117617130572981e+01 0.000000000000000000e+00 0.000000000000000000e+00 0.000000000000000000e+00 1.823816725287501939e+01 0.000000000000000000e+00 0.000000000000000000e+00 0.000000000000000000e+00 1.823816725287499807e+01 0.000000000000000000e+00 0.000000000000000000e+00 0.000000000000000000e+00 2.291117617130573336e+01 0.000000000000000000e+00 0.000000000000000000e+00 0.000000000000000000e+00
3.126794909719286807e+03 5.526794909708517480e+03 0.000000000000000000e+00 4.697431452344843450e+01 0.000000000000000000e+00 0.000000000000000000e+00 0.000000000000000000e+00 2.043091620611580694e+01 0.000000000000000000e+00 0.000000000000000000e+00 0.000000000000000000e+00 2.043091620611580339e+01 0.000000000000000000e+00 0.000000000000000000e+00 0.000000000000000000e+00 4.697431452344844161e+01 0.000000000000000000e+00 0.000000000000000000e+00 0.000000000000000000e+00
3.473205079038949862e+03 5.873205079026837666e+03 0.000000000000000000e+00 2.500820006085042024e+01 0.000000000000000000e+00 0.000000000000000000e+00 0.000000000000000000e+00 4.393406103900533566e+01 0.000000000000000000e+00 0.000000000000000000e+00 0.000000000000000000e+00 4.393406103900532855e+01 0.000000000000000000e+00 0.000000000000000000e+00 0.000000000000000000e+00 2.500820006085043090e+01 0.000000000000000000e+00 0.000000000000000000e+00 0.000000000000000000e+00
3.473205079641474185e+03 5.526794918117658199e+03 0.000000000000000000e+00 4.869935173436580556e+01 0.000000000000000000e+00 0.000000000000000000e+00 0.000000000000000000e+00 4.570394289571388668e+01 0.000000000000000000e+00 0.000000000000000000e+00 0.000000000000000000e+00 4.570394289571388668e+01 0.000000000000000000e+00 0.000000000000000000e+00 0.000000000000000000e+00 4.869935173436580556e+01 0.000000000000000000e+00 0.000000000000000000e+00 0.000000000000000000e+00
1.321825263163008458e+03 7.218252631662611520e+02 0.000000000000000000e+00 6.787191414653040056e+01 0.000000000000000000e+00 0.000000000000000000e+00 0.000000000000000000e+00 6.692678444564667473e+01 0.000000000000000000e+00 0.000000000000000000e+00 0.000000000000000000e+00 6.692678444564667473e+01 0.000000000000000000e+00 0.000000000000000000e+00 0.000000000000000000e+00 6.787191414653040056e+01 0.000000000000000000e+00 0.000000000000000000e+00 0.000000000000000000e+00
1.670020508942393917e+03 7.236103474326062042e+02 0.000000000000000000e+00 6.802761468154321278e+01 0.000000000000000000e+00 0.000000000000000000e+00 0.000000000000000000e+00 6.771262502165869535e+01 0.000000000000000000e+00 0.000000000000000000e+00 0.000000000000000000e+00 6.771262502165869535e+01 0.000000000000000000e+00 0.000000000000000000e+00 0.000000000000000000e+00 6.802761468154321278e+01 0.000000000000000000e+00 0.000000000000000000e+00 0.000000000000000000e+00
1.322706595494869816e+03 1.069116757012192920e+03 0.000000000000000000e+00 6.851727502211112153e+01 0.000000000000000000e+00 0.000000000000000000e+00 0.000000000000000000e+00 6.707001375887004713e+01 0.000000000000000000e+00 0.000000000000000000e+00 0.000000000000000000e+00 6.707001375887004713e+01 0.000000000000000000e+00 0.000000000000000000e+00 0.000000000000000000e+00 6.851727502211112153e+01 0.000000000000000000e+00 0.000000000000000000e+00 0.000000000000000000e+00
1.670141436045896626e+03 1.070141436049002778e+03 0.000000000000000000e+00 6.867293379708567613e+01 0.000000000000000000e+00 0.000000000000000000e+00 0.000000000000000000e+00 6.785561476408656745e+01 0.000000000000000000e+00 0.000000000000000000e+00 0.000000000000000000e+00 6.785561476408656745e+01 0.000000000000000000e+00 0.000000000000000000e+00 0.000000000000000000e+00 6.867293379708567613e+01 0.000000000000000000e+00 0.000000000000000000e+00 0.000000000000000000e+00
4.712198631465172411e+02 1.924809701641645233e+03 0.000000000000000000e+00 6.613818704137550242e+01 0.000000000000000000e+00 0.000000000000000000e+00 0.000000000000000000e+00 6.625028537410653939e+01 0.000000000000000000e+00 0.000000000000000000e+00 0.000000000000000000e+00 6.625028537410653939e+01 0.000000000000000000e+00 0.000000000000000000e+00 0.000000000000000000e+00 6.613818704137550242e+01 0.000000000000000000e+00 0.000000000000000000e+00 0.000000000000000000e+00
4.724862375005498052e+02 2.272486237510571300e+03 0.000000000000000000e+00 6.563666642830925468e+01 0.000000000000000000e+00 0.000000000000000000e+00 0.000000000000000000e+00 6.620157616015021063e+01 0.000000000000000000e+00 0.000000000000000000e+00 0.000000000000000000e+00 6.620157616015021063e+01 0.000000000000000000e+00 0.000000000000000000e+00 0.000000000000000000e+00 6.563666642830925468e+01 0.000000000000000000e+00 0.000000000000000000e+00 0.000000000000000000e+00
1.264781045742934964e+02 1.926478104586254176e+03 0.000000000000000000e+00 6.607203333088082786e+01 0.000000000000000000e+00 0.000000000000000000e+00 0.000000000000000000e+00 6.564915099432040790e+01 0.000000000000000000e+00 0.000000000000000000e+00 0.000000000000000000e+00 6.564915099432040790e+01 0.000000000000000000e+00 0.000000000000000000e+00 0.000000000000000000e+00 6.607203333088082786e+01 0.000000000000000000e+00 0.000000000000000000e+00 0.000000000000000000e+00
1.263871829864120002e+02 2.272797344512353447e+03 0.000000000000000000e+00 6.557043858850509821e+01 0.000000000000000000e+00 0.000000000000000000e+00 0.000000000000000000e+00 6.560254115736948677e+01 0.000000000000000000e+00 0.000000000000000000e+00 0.000000000000000000e+00 6.560254115736948677e+01 0.000000000000000000e+00 0.000000000000000000e+00 0.000000000000000000e+00 6.557043858850509821e+01 0.000000000000000000e+00 0.000000000000000000e+00 0.000000000000000000e+00
2.526765702120427250e+03 3.726765702120064816e+03 0.000000000000000000e+00 5.989719215583854606e+01 0.000000000000000000e+00 0.000000000000000000e+00 0.000000000000000000e+00 5.519698410267435662e+01 0.000000000000000000e+00 0.000000000000000000e+00 0.000000000000000000e+00 5.519698410267436373e+01 0.000000000000000000e+00 0.000000000000000000e+00 0.000000000000000000e+00 5.989719215583855316e+01 0.000000000000000000e+00 0.000000000000000000e+00 0.000000000000000000e+00
2.873192297691427484e+03 3.726782136176496351e+03 0.000000000000000000e+00 6.109654409749722959e+01 0.000000000000000000e+00 0.000000000000000000e+00 0.000000000000000000e+00 6.741511493684954814e+01 0.000000000000000000e+00 0.000000000000000000e+00 0.000000000000000000e+00 6.741511493684954814e+01 0.000000000000000000e+00 0.000000000000000000e+00 0.000000000000000000e+00 6.109654409749722959e+01 0.000000000000000000e+00 0.000000000000000000e+00 0.000000000000000000e+00
2.526786589132124391e+03 4.073196750643904124e+03 0.000000000000000000e+00 5.105609964378037091e+01 0.000000000000000000e+00 0.000000000000000000e+00 0.000000000000000000e+00 5.437654696855300074e+01 0.000000000000000000e+00 0.000000000000000000e+00 0.000000000000000000e+00 5.437654696855300074e+01 0.000000000000000000e+00 0.000000000000000000e+00 0.000000000000000000e+00 5.105609964378037802e+01 0.000000000000000000e+00 0.000000000000000000e+00 0.000000000000000000e+00
2.873197594140179717e+03 4.073197594137383021e+03 0.000000000000000000e+00 5.231703490924783040e+01 0.000000000000000000e+00 0.000000000000000000e+00 0.000000000000000000e+00 6.672496129278796673e+01 0.000000000000000000e+00 0.000000000000000000e+00 0.000000000000000000e+00 6.672496129278796673e+01 0.000000000000000000e+00 0.000000000000000000e+00 0.000000000000000000e+00 5.231703490924783750e+01 0.000000000000000000e+00 0.000000000000000000e+00 0.000000000000000000e+00
5.526794917836949026e+03 7.267949178368036200e+02 0.000000000000000000e+00 6.996166732516792308e+01 0.000000000000000000e+00 0.000000000000000000e+00 0.000000000000000000e+00 7.370686328292141809e+01 0.000000000000000000e+00 0.000000000000000000e+00 0.000000000000000000e+00 7.370686328292141809e+01 0.000000000000000000e+00 0.000000000000000000e+00 0.000000000000000000e+00 6.996166732516792308e+01 0.000000000000000000e+00 0.000000000000000000e+00 0.000000000000000000e+00
5.873205080025759344e+03 7.267949185104114349e+02 0.000000000000000000e+00 7.098660798709940423e+01 0.000000000000000000e+00 0.000000000000000000e+00 0.000000000000000000e+00 7.702352291242493720e+01 0.000000000000000000e+00 0.000000000000000000e+00 0.000000000000000000e+00 7.702352291242493720e+01 0.000000000000000000e+00 0.000000000000000000e+00 0.000000000000000000e+00 7.098660798709940423e+01 0.000000000000000000e+00 0.000000000000000000e+00 0.000000000000000000e+00
5.526794915750989276e+03 1.073205077262529812e+03 0.000000000000000000e+00 8.295512604966279468e+01 0.000000000000000000e+00 0.000000000000000000e+00 0.000000000000000000e+00 7.448755505937762678e+01 0.000000000000000000e+00 0.000000000000000000e+00 0.000000000000000000e+00 7.448755505937762678e+01 0.000000000000000000e+00 0.000000000000000000e+00 0.000000000000000000e+00 8.295512604966280890e+01 0.000000000000000000e+00 0.000000000000000000e+00 0.000000000000000000e+00
5.873205080175524017e+03 1.073205080172761882e+03 0.000000000000000000e+00 8.219071896636103247e+01 0.000000000000000000e+00 0.000000000000000000e+00 0.000000000000000000e+00 7.925031556123416010e+01 0.000000000000000000e+00 0.000000000000000000e+00 0.000000000000000000e+00 7.925031556123416010e+01 0.000000000000000000e+00 0.000000000000000000e+00 0.000000000000000000e+00 8.219071896636104668e+01 0.000000000000000000e+00 0.000000000000000000e+00 0.000000000000000000e+00
5.526794919098955688e+03 4.073205080605426247e+03 0.000000000000000000e+00 6.166006289667304685e+01 0.000000000000000000e+00 0.000000000000000000e+00 0.000000000000000000e+00 3.605167386656750494e+01 0.000000000000000000e+00 0.000000000000000000e+00 0.000000000000000000e+00 3.605167386656752626e+01 0.000000000000000000e+00 0.000000000000000000e+00 0.000000000000000000e+00 6.166006289667304685e+01 0.000000000000000000e+00 0.000000000000000000e+00 0.000000000000000000e+00
5.526794918020208570e+03 3.726794918012148628e+03 0.000000000000000000e+00 6.957626278460510605e+01 0.000000000000000000e+00 0.000000000000000000e+00 0.000000000000000000e+00 3.446744696649943762e+01 0.000000000000000000e+00 0.000000000000000000e+00 0.000000000000000000e+00 3.446744696649945183e+01 0.000000000000000000e+00 0.000000000000000000e+00 0.000000000000000000e+00 6.957626278460512026e+01 0.000000000000000000e+00 0.000000000000000000e+00 0.000000000000000000e+00
5.873205080535010893e+03 4.073205080525039193e+03 0.000000000000000000e+00 6.192370973345154539e+01 0.000000000000000000e+00 0.000000000000000000e+00 0.000000000000000000e+00 4.571425510322729480e+01 0.000000000000000000e+00 0.000000000000000000e+00 0.000000000000000000e+00 4.571425510322728769e+01 0.000000000000000000e+00 0.000000000000000000e+00 0.000000000000000000e+00 6.192370973345158092e+01 0.000000000000000000e+00 0.000000000000000000e+00 0.000000000000000000e+00
5.873205080612461643e+03 3.726794919088893948e+03 0.000000000000000000e+00 7.495112035087471725e+01 0.000000000000000000e+00 0.000000000000000000e+00 0.000000000000000000e+00 3.891658977202992276e+01 0.000000000000000000e+00 0.000000000000000000e+00 0.000000000000000000e+00 3.891658977202990854e+01 0.000000000000000000e+00 0.000000000000000000e+00 0.000000000000000000e+00 7.495112035087473146e+01 0.000000000000000000e+00 0.000000000000000000e+00 0.000000000000000000e+00
2.273205080769406777e+03 5.873205080757058568e+03 0.000000000000000000e+00 2.587231735647727149e+01 0.000000000000000000e+00 0.000000000000000000e+00 0.000000000000000000e+00 8.818093861325095872e+01 0.000000000000000000e+00 0.000000000000000000e+00 0.000000000000000000e+00 8.818093861325095872e+01 0.000000000000000000e+00 0.000000000000000000e+00 0.000000000000000000e+00 2.587231735647726083e+01 0.000000000000000000e+00 0.000000000000000000e+00 0.000000000000000000e+00
1.926794919255431523e+03 5.873205080757052201e+03 0.000000000000000000e+00 2.037897799257595111e+01 0.000000000000000000e+00 0.000000000000000000e+00 0.000000000000000000e+00 4.405806110682296151e+01 0.000000000000000000e+00 0.000000000000000000e+00 0.000000000000000000e+00 4.405806110682296151e+01 0.000000000000000000e+00 0.000000000000000000e+00 0.000000000000000000e+00 2.037897799257594400e+01 0.000000000000000000e+00 0.000000000000000000e+00 0.000000000000000000e+00
2.273205080768274911e+03 5.526794919243693585e+03 0.000000000000000000e+00 7.746652770173110980e+01 0.000000000000000000e+00 0.000000000000000000e+00 0.000000000000000000e+00 9.093135486087371078e+01 0.000000000000000000e+00 0.000000000000000000e+00 0.000000000000000000e+00 9.093135486087371078e+01 0.000000000000000000e+00 0.000000000000000000e+00 0.000000000000000000e+00 7.746652770173110980e+01 0.000000000000000000e+00 0.000000000000000000e+00 0.000000000000000000e+00
1.926794919253301941e+03 5.526794919243785444e+03 0.000000000000000000e+00 7.338441670135478034e+01 0.000000000000000000e+00 0.000000000000000000e+00 0.000000000000000000e+00 4.841359275166216491e+01 0.000000000000000000e+00 0.000000000000000000e+00 0.000000000000000000e+00 4.841359275166216491e+01 0.000000000000000000e+00 0.000000000000000000e+00 0.000000000000000000e+00 7.338441670135478034e+01 0.000000000000000000e+00 0.000000000000000000e+00 0.000000000000000000e+00
3.726783394347198282e+03 3.126783394346171008e+03 0.000000000000000000e+00 9.030675093080772342e+01 0.000000000000000000e+00 0.000000000000000000e+00 0.000000000000000000e+00 8.457313486231288380e+01 0.000000000000000000e+00 0.000000000000000000e+00 0.000000000000000000e+00 8.457313486231288380e+01 0.000000000000000000e+00 0.000000000000000000e+00 0.000000000000000000e+00 9.030675093080772342e+01 0.000000000000000000e+00 0.000000000000000000e+00 0.000000000000000000e+00
4.073202034104355334e+03 3.126791872588341903e+03 0.000000000000000000e+00 9.135433779734155735e+01 0.000000000000000000e+00 0.000000000000000000e+00 0.000000000000000000e+00 9.014283095858971251e+01 0.000000000000000000e+00 0.000000000000000000e+00 0.000000000000000000e+00 9.014283095858971251e+01 0.000000000000000000e+00 0.000000000000000000e+00 0.000000000000000000e+00 9.135433779734155735e+01 0.000000000000000000e+00 0.000000000000000000e+00 0.000000000000000000e+00
3.726790444452161410e+03 3.473200605964225815e+03 0.000000000000000000e+00 9.137521813110468827e+01 0.000000000000000000e+00 0.000000000000000000e+00 0.000000000000000000e+00 8.472336634658476839e+01 0.000000000000000000e+00 0.000000000000000000e+00 0.000000000000000000e+00 8.472336634658476839e+01 0.000000000000000000e+00 0.000000000000000000e+00 0.000000000000000000e+00 9.137521813110468827e+01 0.000000000000000000e+00 0.000000000000000000e+00 0.000000000000000000e+00
4.073202334735421573e+03 3.473202334733271073e+03 0.000000000000000000e+00 9.234967220280680067e+01 0.000000000000000000e+00 0.000000000000000000e+00 0.000000000000000000e+00 9.031481805549580599e+01 0.000000000000000000e+00 0.000000000000000000e+00 0.000000000000000000e+00 9.031481805549580599e+01 0.000000000000000000e+00 0.000000000000000000e+00 0.000000000000000000e+00 9.234967220280680067e+01 0.000000000000000000e+00 0.000000000000000000e+00 0.000000000000000000e+00
7.256777506023490787e+02 2.272087912124427021e+03 0.000000000000000000e+00 6.382876697133075794e+01 0.000000000000000000e+00 0.000000000000000000e+00 0.000000000000000000e+00 6.590501566506837605e+01 0.000000000000000000e+00 0.000000000000000000e+00 0.000000000000000000e+00 6.590501566506837605e+01 0.000000000000000000e+00 0.000000000000000000e+00 0.000000000000000000e+00 6.382876697133075794e+01 0.000000000000000000e+00 0.000000000000000000e+00 0.000000000000000000e+00
7.244829718311615352e+02 1.924482971838399408e+03 0.000000000000000000e+00 6.532385584049821148e+01 0.000000000000000000e+00 0.000000000000000000e+00 0.000000000000000000e+00 6.615601283309757719e+01 0.000000000000000000e+00 0.000000000000000000e+00 0.000000000000000000e+00 6.615601283309757719e+01 0.000000000000000000e+00 0.000000000000000000e+00 0.000000000000000000e+00 6.532385584049821148e+01 0.000000000000000000e+00 0.000000000000000000e+00 0.000000000000000000e+00
1.071942972018081946e+03 2.271942972024308801e+03 0.000000000000000000e+00 6.367013951505520453e+01 0.000000000000000000e+00 0.000000000000000000e+00 0.000000000000000000e+00 6.546437991715772853e+01 0.000000000000000000e+00 0.000000000000000000e+00 0.000000000000000000e+00 6.546437991715772853e+01 0.000000000000000000e+00 0.000000000000000000e+00 0.000000000000000000e+00 6.367013951505520453e+01 0.000000000000000000e+00 0.000000000000000000e+00 0.000000000000000000e+00
1.071036695777710293e+03 1.924626534269201102e+03 0.000000000000000000e+00 6.517153050524724733e+01 0.000000000000000000e+00 0.000000000000000000e+00 0.000000000000000000e+00 6.571623255923447005e+01 0.000000000000000000e+00 0.000000000000000000e+00 0.000000000000000000e+00 6.571623255923447005e+01 0.000000000000000000e+00 0.000000000000000000e+00 0.000000000000000000e+00 6.517153050524724733e+01 0.000000000000000000e+00 0.000000000000000000e+00 0.000000000000000000e+00
1.267779512255081897e+02 3.473188112751517110e+03 0.000000000000000000e+00 6.728019763604173420e+01 0.000000000000000000e+00 0.000000000000000000e+00 0.000000000000000000e+00 7.204216136462794395e+01 0.000000000000000000e+00 0.000000000000000000e+00 0.000000000000000000e+00 7.204216136462794395e+01 0.000000000000000000e+00 0.000000000000000000e+00 0.000000000000000000e+00 6.728019763604173420e+01 0.000000000000000000e+00 0.000000000000000000e+00 0.000000000000000000e+00
1.267819376319588685e+02 3.126781937644347181e+03 0.000000000000000000e+00 6.668714062127271802e+01 0.000000000000000000e+00 0.000000000000000000e+00 0.000000000000000000e+00 7.200520445669319258e+01 0.000000000000000000e+00 0.000000000000000000e+00 0.000000000000000000e+00 7.200520445669319258e+01 0.000000000000000000e+00 0.000000000000000000e+00 0.000000000000000000e+00 6.668714062127271802e+01 0.000000000000000000e+00 0.000000000000000000e+00 0.000000000000000000e+00
4.731769557283939776e+02 3.473176955739161713e+03 0.000000000000000000e+00 6.705085539156473828e+01 0.000000000000000000e+00 0.000000000000000000e+00 0.000000000000000000e+00 7.053564716327296935e+01 0.000000000000000000e+00 0.000000000000000000e+00 0.000000000000000000e+00 7.053564716327296935e+01 0.000000000000000000e+00 0.000000000000000000e+00 0.000000000000000000e+00 6.705085539156473828e+01 0.000000000000000000e+00 0.000000000000000000e+00 0.000000000000000000e+00
4.731214322491905477e+02 3.126711270746477112e+03 0.000000000000000000e+00 6.645990744057600352e+01 0.000000000000000000e+00 0.000000000000000000e+00 0.000000000000000000e+00 7.050238301458593071e+01 0.000000000000000000e+00 0.000000000000000000e+00 0.000000000000000000e+00 7.050238301458593071e+01 0.000000000000000000e+00 0.000000000000000000e+00 0.000000000000000000e+00 6.645990744057600352e+01 0.000000000000000000e+00 0.000000000000000000e+00 0.000000000000000000e+00
1.926787187068802950e+03 4.326787187067921877e+03 0.000000000000000000e+00 5.207984983926735367e+01 0.000000000000000000e+00 0.000000000000000000e+00 0.000000000000000000e+00 5.466870278282636519e+01 0.000000000000000000e+00 0.000000000000000000e+00 0.000000000000000000e+00 5.466870278282636519e+01 0.000000000000000000e+00 0.000000000000000000e+00 0.000000000000000000e+00 5.207984983926735367e+01 0.000000000000000000e+00 0.000000000000000000e+00 0.000000000000000000e+00
2.273200792207800532e+03 4.326790630691452861e+03 0.000000000000000000e+00 5.152089778484231175e+01 0.000000000000000000e+00 0.000000000000000000e+00 0.000000000000000000e+00 5.318408057699614488e+01 0.000000000000000000e+00 0.000000000000000000e+00 0.000000000000000000e+00 5.318408057699613067e+01 0.000000000000000000e+00 0.000000000000000000e+00 0.000000000000000000e+00 5.152089778484232596e+01 0.000000000000000000e+00 0.000000000000000000e+00 0.000000000000000000e+00
1.926793101764789299e+03 4.673203263275345307e+03 0.000000000000000000e+00 4.808621250306818951e+01 0.000000000000000000e+00 0.000000000000000000e+00 0.000000000000000000e+00 5.414841094690754630e+01 0.000000000000000000e+00 0.000000000000000000e+00 0.000000000000000000e+00 5.414841094690754630e+01 0.000000000000000000e+00 0.000000000000000000e+00 0.000000000000000000e+00 4.808621250306818951e+01 0.000000000000000000e+00 0.000000000000000000e+00 0.000000000000000000e+00
2.273203173882985993e+03 4.673203173877810514e+03 0.000000000000000000e+00 4.745707602367808420e+01 0.000000000000000000e+00 0.000000000000000000e+00 0.000000000000000000e+00 5.266589710637324373e+01 0.000000000000000000e+00 0.000000000000000000e+00 0.000000000000000000e+00 5.266589710637326505e+01 0.000000000000000000e+00 0.000000000000000000e+00 0.000000000000000000e+00 4.745707602367808420e+01 0.000000000000000000e+00 0.000000000000000000e+00 0.000000000000000000e+00
4.673205080596889275e+03 5.273205080592301783e+03 0.000000000000000000e+00 -2.460274474319887972e+01 0.000000000000000000e+00 0.000000000000000000e+00 0.000000000000000000e+00 6.991759076356417779e+01 0.000000000000000000e+00 0.000000000000000000e+00 0.000000000000000000e+00 6.991759076356416358e+01 0.000000000000000000e+00 0.000000000000000000e+00 0.000000000000000000e+00 -2.460274474319883709e+01 0.000000000000000000e+00 0.000000000000000000e+00 0.000000000000000000e+00
4.326794919126044078e+03 5.273205080633940270e+03 0.000000000000000000e+00 -1.717495592674434590e+01 0.000000000000000000e+00 0.000000000000000000e+00 0.000000000000000000e+00 8.441461351062477547e+01 0.000000000000000000e+00 0.000000000000000000e+00 0.000000000000000000e+00 8.441461351062477547e+01 0.000000000000000000e+00 0.000000000000000000e+00 0.000000000000000000e+00 -1.717495592674432103e+01 0.000000000000000000e+00 0.000000000000000000e+00 0.000000000000000000e+00
4.673205080507560524e+03 4.926794918989508005e+03 0.000000000000000000e+00 5.680543093862696935e+01 0.000000000000000000e+00 0.000000000000000000e+00 0.000000000000000000e+00 7.388723117055701550e+01 0.000000000000000000e+00 0.000000000000000000e+00 0.000000000000000000e+00 7.388723117055701550e+01 0.000000000000000000e+00 0.000000000000000000e+00 0.000000000000000000e+00 5.680543093862696935e+01 0.000000000000000000e+00 0.000000000000000000e+00 0.000000000000000000e+00
4.326794918423766831e+03 4.926794918419468559e+03 0.000000000000000000e+00 5.722142656732935961e+01 0.000000000000000000e+00 0.000000000000000000e+00 0.000000000000000000e+00 8.755492938812122361e+01 0.000000000000000000e+00 0.000000000000000000e+00 0.000000000000000000e+00 8.755492938812122361e+01 0.000000000000000000e+00 0.000000000000000000e+00 0.000000000000000000e+00 5.722142656732937382e+01 0.000000000000000000e+00 0.000000000000000000e+00 0.000000000000000000e+00
2.273205002408928067e+03 5.273205002399859950e+03 0.000000000000000000e+00 8.715810443876657132e+01 0.000000000000000000e+00 0.000000000000000000e+00 0.000000000000000000e+00 8.706081401214461835e+01 0.000000000000000000e+00 0.000000000000000000e+00 0.000000000000000000e+00 8.706081401214461835e+01 0.000000000000000000e+00 0.000000000000000000e+00 0.000000000000000000e+00 8.715810443876657132e+01 0.000000000000000000e+00 0.000000000000000000e+00 0.000000000000000000e+00
1.926794852285458546e+03 5.273205013791325655e+03 0.000000000000000000e+00 8.378899038238972707e+01 0.000000000000000000e+00 0.000000000000000000e+00 0.000000000000000000e+00 7.030421628189120042e+01 0.000000000000000000e+00 0.000000000000000000e+00 0.000000000000000000e+00 7.030421628189120042e+01 0.000000000000000000e+00 0.000000000000000000e+00 0.000000000000000000e+00 8.378899038238972707e+01 0.000000000000000000e+00 0.000000000000000000e+00 0.000000000000000000e+00
2.273204888916765412e+03 4.926794727395983500e+03 0.000000000000000000e+00 6.434831555150211102e+01 0.000000000000000000e+00 0.000000000000000000e+00 0.000000000000000000e+00 8.308142544403634133e+01 0.000000000000000000e+00 0.000000000000000000e+00 0.000000000000000000e+00 8.308142544403634133e+01 0.000000000000000000e+00 0.000000000000000000e+00 0.000000000000000000e+00 6.434831555150211102e+01 0.000000000000000000e+00 0.000000000000000000e+00 0.000000000000000000e+00
1.926794568739614533e+03 4.926794568734602763e+03 0.000000000000000000e+00 5.995080738913551954e+01 0.000000000000000000e+00 0.000000000000000000e+00 0.000000000000000000e+00 6.535023690501462568e+01 0.000000000000000000e+00 0.000000000000000000e+00 0.000000000000000000e+00 6.535023690501462568e+01 0.000000000000000000e+00 0.000000000000000000e+00 0.000000000000000000e+00 5.995080738913551954e+01 0.000000000000000000e+00 0.000000000000000000e+00 0.000000000000000000e+00
2.873205035756772304e+03 5.273205035747135298e+03 0.000000000000000000e+00 4.974731066186797790e+01 0.000000000000000000e+00 0.000000000000000000e+00 0.000000000000000000e+00 2.096954719225359653e+01 0.000000000000000000e+00 0.000000000000000000e+00 0.000000000000000000e+00 2.096954719225361430e+01 0.000000000000000000e+00 0.000000000000000000e+00 0.000000000000000000e+00 4.974731066186797790e+01 0.000000000000000000e+00 0.000000000000000000e+00 0.000000000000000000e+00
2.526794888136427289e+03 5.273205049640488141e+03 0.000000000000000000e+00 5.397441846776204954e+01 0.000000000000000000e+00 0.000000000000000000e+00 0.000000000000000000e+00 7.188795000066917851e+01 0.000000000000000000e+00 0.000000000000000000e+00 0.000000000000000000e+00 7.188795000066917851e+01 0.000000000000000000e+00 0.000000000000000000e+00 0.000000000000000000e+00 5.397441846776204954e+01 0.000000000000000000e+00 0.000000000000000000e+00 0.000000000000000000e+00
2.873204995673835583e+03 4.926794834152246949e+03 0.000000000000000000e+00 2.175410218119257877e+01 0.000000000000000000e+00 0.000000000000000000e+00 0.000000000000000000e+00 1.832532969571773052e+01 0.000000000000000000e+00 0.000000000000000000e+00 0.000000000000000000e+00 1.832532969571773052e+01 0.000000000000000000e+00 0.000000000000000000e+00 0.000000000000000000e+00 2.175410218119257166e+01 0.000000000000000000e+00 0.000000000000000000e+00 0.000000000000000000e+00
2.526794757164414477e+03 4.926794757156839296e+03 0.000000000000000000e+00 2.617371031935896042e+01 0.000000000000000000e+00 0.000000000000000000e+00 0.000000000000000000e+00 7.065601796824702774e+01 0.000000000000000000e+00 0.000000000000000000e+00 0.000000000000000000e+00 7.065601796824702774e+01 0.000000000000000000e+00 0.000000000000000000e+00 0.000000000000000000e+00 2.617371031935896042e+01 0.000000000000000000e+00 0.000000000000000000e+00 0.000000000000000000e+00
4.073204363837455276e+03 1.267942023337417936e+02 0.000000000000000000e+00 8.199307746702791633e+01 0.000000000000000000e+00 0.000000000000000000e+00 0.000000000000000000e+00 7.987039807128856239e+01 0.000000000000000000e+00 0.000000000000000000e+00 0.000000000000000000e+00 7.987039807128859081e+01 0.000000000000000000e+00 0.000000000000000000e+00 0.000000000000000000e+00 8.199307746702787369e+01 0.000000000000000000e+00 0.000000000000000000e+00 0.000000000000000000e+00
4.073204560996721739e+03 4.732045610043585384e+02 0.000000000000000000e+00 7.681499352075748277e+01 0.000000000000000000e+00 0.000000000000000000e+00 0.000000000000000000e+00 7.951065015191642260e+01 0.000000000000000000e+00 0.000000000000000000e+00 0.000000000000000000e+00 7.951065015191645102e+01 0.000000000000000000e+00 0.000000000000000000e+00 0.000000000000000000e+00 7.681499352075748277e+01 0.000000000000000000e+00 0.000000000000000000e+00 0.000000000000000000e+00
3.726794446464138218e+03 1.267944464740198498e+02 0.000000000000000000e+00 7.821898124322864021e+01 0.000000000000000000e+00 0.000000000000000000e+00 0.000000000000000000e+00 5.832306451692014804e+01 0.000000000000000000e+00 0.000000000000000000e+00 0.000000000000000000e+00 5.832306451692014093e+01 0.000000000000000000e+00 0.000000000000000000e+00 0.000000000000000000e+00 7.821898124322859758e+01 0.000000000000000000e+00 0.000000000000000000e+00 0.000000000000000000e+00
3.726790999046772868e+03 4.732011605689486942e+02 0.000000000000000000e+00 7.352426249310221351e+01 0.000000000000000000e+00 0.000000000000000000e+00 0.000000000000000000e+00 5.850494800664350237e+01 0.000000000000000000e+00 0.000000000000000000e+00 0.000000000000000000e+00 5.850494800664348105e+01 0.000000000000000000e+00 0.000000000000000000e+00 0.000000000000000000e+00 7.352426249310221351e+01 0.000000000000000000e+00 0.000000000000000000e+00 0.000000000000000000e+00
4.073192816189041878e+03 1.673192816189936593e+03 0.000000000000000000e+00 1.788034874701384069e+01 0.000000000000000000e+00 0.000000000000000000e+00 0.000000000000000000e+00 2.037210261898232133e+01 0.000000000000000000e+00 0.000000000000000000e+00 0.000000000000000000e+00 2.037210261898232844e+01 0.000000000000000000e+00 0.000000000000000000e+00 0.000000000000000000e+00 1.788034874701383359e+01 0.000000000000000000e+00 0.000000000000000000e+00 0.000000000000000000e+00
3.726759504736313829e+03 1.673169666252455045e+03 0.000000000000000000e+00 2.106399863751039803e+01 0.000000000000000000e+00 0.000000000000000000e+00 0.000000000000000000e+00 5.592201762667988163e+01 0.000000000000000000e+00 0.000000000000000000e+00 0.000000000000000000e+00 5.592201762667988163e+01 0.000000000000000000e+00 0.000000000000000000e+00 0.000000000000000000e+00 2.106399863751039447e+01 0.000000000000000000e+00 0.000000000000000000e+00 0.000000000000000000e+00
4.073194727530524233e+03 1.326784566019398881e+03 0.000000000000000000e+00 -3.348889987542617064e+01 0.000000000000000000e+00 0.000000000000000000e+00 0.000000000000000000e+00 1.796475522745158671e+01 0.000000000000000000e+00 0.000000000000000000e+00 0.000000000000000000e+00 1.796475522745159381e+01 0.000000000000000000e+00 0.000000000000000000e+00 0.000000000000000000e+00 -3.348889987542617064e+01 0.000000000000000000e+00 0.000000000000000000e+00 0.000000000000000000e+00
3.726779359432688125e+03 1.326779359436676714e+03 0.000000000000000000e+00 -3.000641304419432487e+01 0.000000000000000000e+00 0.000000000000000000e+00 0.000000000000000000e+00 5.413271581603206073e+01 0.000000000000000000e+00 0.000000000000000000e+00 0.000000000000000000e+00 5.413271581603206073e+01 0.000000000000000000e+00 0.000000000000000000e+00 0.000000000000000000e+00 -3.000641304419432487e+01 0.000000000000000000e+00 0.000000000000000000e+00 0.000000000000000000e+00
5.873205079241573912e+03 2.526794917719206296e+03 0.000000000000000000e+00 4.204217481594613304e+01 0.000000000000000000e+00 0.000000000000000000e+00 0.000000000000000000e+00 1.555412130061437992e+01 0.000000000000000000e+00 0.000000000000000000e+00 0.000000000000000000e+00 1.555412130061437637e+01 0.000000000000000000e+00 0.000000000000000000e+00 0.000000000000000000e+00 4.204217481594611883e+01 0.000000000000000000e+00 0.000000000000000000e+00 0.000000000000000000e+00
5.873205078954831151e+03 2.873205078945681180e+03 0.000000000000000000e+00 4.018358914318390163e+01 0.000000000000000000e+00 0.000000000000000000e+00 0.000000000000000000e+00 1.557992703750055874e+01 0.000000000000000000e+00 0.000000000000000000e+00 0.000000000000000000e+00 1.557992703750054808e+01 0.000000000000000000e+00 0.000000000000000000e+00 0.000000000000000000e+00 4.018358914318390163e+01 0.000000000000000000e+00 0.000000000000000000e+00 0.000000000000000000e+00
5.526794911055914781e+03 2.526794911048038557e+03 0.000000000000000000e+00 4.367387363222095331e+01 0.000000000000000000e+00 0.000000000000000000e+00 0.000000000000000000e+00 3.970335153886943402e+01 0.000000000000000000e+00 0.000000000000000000e+00 0.000000000000000000e+00 3.970335153886943402e+01 0.000000000000000000e+00 0.000000000000000000e+00 0.000000000000000000e+00 4.367387363222094621e+01 0.000000000000000000e+00 0.000000000000000000e+00 0.000000000000000000e+00
5.526794915049717929e+03 2.873205076555215328e+03 0.000000000000000000e+00 4.199418913997613600e+01 0.000000000000000000e+00 0.000000000000000000e+00 0.000000000000000000e+00 3.959623971776002804e+01 0.000000000000000000e+00 0.000000000000000000e+00 0.000000000000000000e+00 3.959623971776002094e+01 0.000000000000000000e+00 0.000000000000000000e+00 0.000000000000000000e+00 4.199418913997613600e+01 0.000000000000000000e+00 0.000000000000000000e+00 0.000000000000000000e+00
3.726789350670930162e+03 7.267893506778475512e+02 0.000000000000000000e+00 4.282256035850113562e+01 0.000000000000000000e+00 0.000000000000000000e+00 0.000000000000000000e+00 -1.147647191635622477e+01 0.000000000000000000e+00 0.000000000000000000e+00 0.000000000000000000e+00 -1.147647191635622477e+01 0.000000000000000000e+00 0.000000000000000000e+00 0.000000000000000000e+00 4.282256035850113562e+01 0.000000000000000000e+00 0.000000000000000000e+00 0.000000000000000000e+00
4.073202416916957191e+03 7.267922554094490124e+02 0.000000000000000000e+00 4.770783639930868958e+01 0.000000000000000000e+00 0.000000000000000000e+00 0.000000000000000000e+00 5.769167435004816014e+01 0.000000000000000000e+00 0.000000000000000000e+00 0.000000000000000000e+00 5.769167435004816014e+01 0.000000000000000000e+00 0.000000000000000000e+00 0.000000000000000000e+00 4.770783639930868958e+01 0.000000000000000000e+00 0.000000000000000000e+00 0.000000000000000000e+00
3.726783917513150755e+03 1.073194079032274203e+03 0.000000000000000000e+00 -2.858268275843010287e+01 0.000000000000000000e+00 0.000000000000000000e+00 0.000000000000000000e+00 -1.683573967156133477e+01 0.000000000000000000e+00 0.000000000000000000e+00 0.000000000000000000e+00 -1.683573967156133477e+01 0.000000000000000000e+00 0.000000000000000000e+00 0.000000000000000000e+00 -2.858268275843010287e+01 0.000000000000000000e+00 0.000000000000000000e+00 0.000000000000000000e+00
4.073200739151430753e+03 1.073200739155380916e+03 0.000000000000000000e+00 -2.311546011392274025e+01 0.000000000000000000e+00 0.000000000000000000e+00 0.000000000000000000e+00 5.441127750426485932e+01 0.000000000000000000e+00 0.000000000000000000e+00 0.000000000000000000e+00 5.441127750426485932e+01 0.000000000000000000e+00 0.000000000000000000e+00 0.000000000000000000e+00 -2.311546011392274025e+01 0.000000000000000000e+00 0.000000000000000000e+00 0.000000000000000000e+00
7.228874727115644419e+02 4.692976342285406872e+02 0.000000000000000000e+00 6.699871698994347469e+01 0.000000000000000000e+00 0.000000000000000000e+00 0.000000000000000000e+00 6.676042529139212434e+01 0.000000000000000000e+00 0.000000000000000000e+00 0.000000000000000000e+00 6.676042529139212434e+01 0.000000000000000000e+00 0.000000000000000000e+00 0.000000000000000000e+00 6.699871698994347469e+01 0.000000000000000000e+00 0.000000000000000000e+00 0.000000000000000000e+00
7.256524705466704290e+02 1.256524705486708626e+02 0.000000000000000000e+00 6.668788547418863288e+01 0.000000000000000000e+00 0.000000000000000000e+00 0.000000000000000000e+00 6.670084431451928708e+01 0.000000000000000000e+00 0.000000000000000000e+00 0.000000000000000000e+00 6.670084431451928708e+01 0.000000000000000000e+00 0.000000000000000000e+00 0.000000000000000000e+00 6.668788547418863288e+01 0.000000000000000000e+00 0.000000000000000000e+00 0.000000000000000000e+00
1.068735734669201520e+03 4.687357346721931322e+02 0.000000000000000000e+00 6.704154886048006290e+01 0.000000000000000000e+00 0.000000000000000000e+00 0.000000000000000000e+00 6.692921956541853490e+01 0.000000000000000000e+00 0.000000000000000000e+00 0.000000000000000000e+00 6.692921956541853490e+01 0.000000000000000000e+00 0.000000000000000000e+00 0.000000000000000000e+00 6.704154886048006290e+01 0.000000000000000000e+00 0.000000000000000000e+00 0.000000000000000000e+00
1.072102974632146015e+03 1.256928131217262319e+02 0.000000000000000000e+00 6.673062123280948299e+01 0.000000000000000000e+00 0.000000000000000000e+00 0.000000000000000000e+00 6.686950969024672986e+01 0.000000000000000000e+00 0.000000000000000000e+00 0.000000000000000000e+00 6.686950969024672986e+01 0.000000000000000000e+00 0.000000000000000000e+00 0.000000000000000000e+00 6.673062123280948299e+01 0.000000000000000000e+00 0.000000000000000000e+00 0.000000000000000000e+00
5.273205078338078238e+03 3.726794916817671947e+03 0.000000000000000000e+00 4.340302610616794254e+01 0.000000000000000000e+00 0.000000000000000000e+00 0.000000000000000000e+00 4.899610767237874853e+01 0.000000000000000000e+00 0.000000000000000000e+00 0.000000000000000000e+00 4.899610767237874853e+01 0.000000000000000000e+00 0.000000000000000000e+00 0.000000000000000000e+00 4.340302610616793544e+01 0.000000000000000000e+00 0.000000000000000000e+00 0.000000000000000000e+00
5.273205078849505298e+03 4.073205078843574483e+03 0.000000000000000000e+00 6.122829033286883771e+01 0.000000000000000000e+00 0.000000000000000000e+00 0.000000000000000000e+00 5.109633902579415832e+01 0.000000000000000000e+00 0.000000000000000000e+00 0.000000000000000000e+00 5.109633902579415832e+01 0.000000000000000000e+00 0.000000000000000000e+00 0.000000000000000000e+00 6.122829033286883060e+01 0.000000000000000000e+00 0.000000000000000000e+00 0.000000000000000000e+00
4.926794909625996297e+03 3.726794909621048191e+03 0.000000000000000000e+00 4.721533232023535476e+01 0.000000000000000000e+00 0.000000000000000000e+00 0.000000000000000000e+00 7.834530947014390279e+01 0.000000000000000000e+00 0.000000000000000000e+00 0.000000000000000000e+00 7.834530947014390279e+01 0.000000000000000000e+00 0.000000000000000000e+00 0.000000000000000000e+00 4.721533232023535476e+01 0.000000000000000000e+00 0.000000000000000000e+00 0.000000000000000000e+00
4.926794917450295543e+03 4.073205078959714683e+03 0.000000000000000000e+00 6.514128038151071109e+01 0.000000000000000000e+00 0.000000000000000000e+00 0.000000000000000000e+00 7.947287367337935393e+01 0.000000000000000000e+00 0.000000000000000000e+00 0.000000000000000000e+00 7.947287367337935393e+01 0.000000000000000000e+00 0.000000000000000000e+00 0.000000000000000000e+00 6.514128038151069688e+01 0.000000000000000000e+00 0.000000000000000000e+00 0.000000000000000000e+00
3.473204821961415291e+03 4.673204821955891930e+03 0.000000000000000000e+00 4.267005065104854822e+01 0.000000000000000000e+00 0.000000000000000000e+00 0.000000000000000000e+00 6.151295663021078042e+01 0.000000000000000000e+00 0.000000000000000000e+00 0.000000000000000000e+00 6.151295663021078042e+01 0.000000000000000000e+00 0.000000000000000000e+00 0.000000000000000000e+00 4.267005065104854822e+01 0.000000000000000000e+00 0.000000000000000000e+00 0.000000000000000000e+00
3.126794662627930848e+03 4.673204824135434137e+03 0.000000000000000000e+00 4.347995116483471634e+01 0.000000000000000000e+00 0.000000000000000000e+00 0.000000000000000000e+00 5.113353235791754514e+01 0.000000000000000000e+00 0.000000000000000000e+00 0.000000000000000000e+00 5.113353235791753093e+01 0.000000000000000000e+00 0.000000000000000000e+00 0.000000000000000000e+00 4.347995116483470923e+01 0.000000000000000000e+00 0.000000000000000000e+00 0.000000000000000000e+00
3.473204585060111185e+03 4.326794423542290133e+03 0.000000000000000000e+00 6.176688201409613299e+01 0.000000000000000000e+00 0.000000000000000000e+00 0.000000000000000000e+00 6.371543159382638777e+01 0.000000000000000000e+00 0.000000000000000000e+00 0.000000000000000000e+00 6.371543159382638777e+01 0.000000000000000000e+00 0.000000000000000000e+00 0.000000000000000000e+00 6.176688201409611878e+01 0.000000000000000000e+00 0.000000000000000000e+00 0.000000000000000000e+00
3.126793820713788136e+03 4.326793820709555803e+03 0.000000000000000000e+00 6.145908507135657572e+01 0.000000000000000000e+00 0.000000000000000000e+00 0.000000000000000000e+00 5.251854060418750691e+01 0.000000000000000000e+00 0.000000000000000000e+00 0.000000000000000000e+00 5.251854060418750691e+01 0.000000000000000000e+00 0.000000000000000000e+00 0.000000000000000000e+00 6.145908507135657572e+01 0.000000000000000000e+00 0.000000000000000000e+00 0.000000000000000000e+00
2.873090796907904405e+03 2.873090796909093569e+03 0.000000000000000000e+00 6.948698489777024179e+01 0.000000000000000000e+00 0.000000000000000000e+00 0.000000000000000000e+00 7.975802200439261469e+01 0.000000000000000000e+00 0.000000000000000000e+00 0.000000000000000000e+00 7.975802200439261469e+01 0.000000000000000000e+00 0.000000000000000000e+00 0.000000000000000000e+00 6.948698489777024179e+01 0.000000000000000000e+00 0.000000000000000000e+00 0.000000000000000000e+00
2.526623163908185688e+03 2.873033325423775750e+03 0.000000000000000000e+00 6.594334421640297705e+01 0.000000000000000000e+00 0.000000000000000000e+00 0.000000000000000000e+00 5.421625887361058460e+01 0.000000000000000000e+00 0.000000000000000000e+00 0.000000000000000000e+00 5.421625887361058460e+01 0.000000000000000000e+00 0.000000000000000000e+00 0.000000000000000000e+00 6.594334421640297705e+01 0.000000000000000000e+00 0.000000000000000000e+00 0.000000000000000000e+00
2.873042051432611061e+03 2.526631889920705362e+03 0.000000000000000000e+00 7.744810400867645228e+01 0.000000000000000000e+00 0.000000000000000000e+00 0.000000000000000000e+00 8.064950006529193161e+01 0.000000000000000000e+00 0.000000000000000000e+00 0.000000000000000000e+00 8.064950006529193161e+01 0.000000000000000000e+00 0.000000000000000000e+00 0.000000000000000000e+00 7.744810400867645228e+01 0.000000000000000000e+00 0.000000000000000000e+00 0.000000000000000000e+00
2.526506820530122695e+03 2.526506820532396887e+03 0.000000000000000000e+00 7.378450447959943403e+01 0.000000000000000000e+00 0.000000000000000000e+00 0.000000000000000000e+00 5.504269035840857072e+01 0.000000000000000000e+00 0.000000000000000000e+00 0.000000000000000000e+00 5.504269035840857072e+01 0.000000000000000000e+00 0.000000000000000000e+00 0.000000000000000000e+00 7.378450447959943403e+01 0.000000000000000000e+00 0.000000000000000000e+00 0.000000000000000000e+00
3.126794849929608063e+03 4.926794849922031062e+03 0.000000000000000000e+00 4.133490153096884967e+01 0.000000000000000000e+00 0.000000000000000000e+00 0.000000000000000000e+00 8.581271224702362588e+00 0.000000000000000000e+00 0.000000000000000000e+00 0.000000000000000000e+00 8.581271224702362588e+00 0.000000000000000000e+00 0.000000000000000000e+00 0.000000000000000000e+00 4.133490153096884256e+01 0.000000000000000000e+00 0.000000000000000000e+00 0.000000000000000000e+00
3.473205052153791257e+03 4.926794890633151226e+03 0.000000000000000000e+00 4.266273658346428732e+01 0.000000000000000000e+00 0.000000000000000000e+00 0.000000000000000000e+00 2.769461643214113167e+01 0.000000000000000000e+00 0.000000000000000000e+00 0.000000000000000000e+00 2.769461643214112456e+01 0.000000000000000000e+00 0.000000000000000000e+00 0.000000000000000000e+00 4.266273658346428022e+01 0.000000000000000000e+00 0.000000000000000000e+00 0.000000000000000000e+00
3.126794898463481786e+03 5.273205059967836860e+03 0.000000000000000000e+00 5.159363619048853877e+01 0.000000000000000000e+00 0.000000000000000000e+00 0.000000000000000000e+00 9.574764518083705767e+00 0.000000000000000000e+00 0.000000000000000000e+00 0.000000000000000000e+00 9.574764518083705767e+00 0.000000000000000000e+00 0.000000000000000000e+00 0.000000000000000000e+00 5.159363619048855298e+01 0.000000000000000000e+00 0.000000000000000000e+00 0.000000000000000000e+00
3.473205065419437233e+03 5.273205065410702446e+03 0.000000000000000000e+00 5.275001803886814855e+01 0.000000000000000000e+00 0.000000000000000000e+00 0.000000000000000000e+00 2.844461435693111540e+01 0.000000000000000000e+00 0.000000000000000000e+00 0.000000000000000000e+00 2.844461435693111184e+01 0.000000000000000000e+00 0.000000000000000000e+00 0.000000000000000000e+00 5.275001803886816276e+01 0.000000000000000000e+00 0.000000000000000000e+00 0.000000000000000000e+00
3.473134562619399730e+03 1.926724401107813492e+03 0.000000000000000000e+00 7.616522798135328287e+01 0.000000000000000000e+00 0.000000000000000000e+00 0.000000000000000000e+00 8.557161730189844207e+01 0.000000000000000000e+00 0.000000000000000000e+00 0.000000000000000000e+00 8.557161730189844207e+01 0.000000000000000000e+00 0.000000000000000000e+00 0.000000000000000000e+00 7.616522798135328287e+01 0.000000000000000000e+00 0.000000000000000000e+00 0.000000000000000000e+00
3.473141521441356872e+03 2.273141521442561952e+03 0.000000000000000000e+00 8.299802877149240032e+01 0.000000000000000000e+00 0.000000000000000000e+00 0.000000000000000000e+00 8.680720268438575715e+01 0.000000000000000000e+00 0.000000000000000000e+00 0.000000000000000000e+00 8.680720268438575715e+01 0.000000000000000000e+00 0.000000000000000000e+00 0.000000000000000000e+00 8.299802877149240032e+01 0.000000000000000000e+00 0.000000000000000000e+00 0.000000000000000000e+00
3.126644336999173902e+03 1.926644337002035172e+03 0.000000000000000000e+00 7.497295267075276115e+01 0.000000000000000000e+00 0.000000000000000000e+00 0.000000000000000000e+00 8.002670322154614269e+01 0.000000000000000000e+00 0.000000000000000000e+00 0.000000000000000000e+00 8.002670322154614269e+01 0.000000000000000000e+00 0.000000000000000000e+00 0.000000000000000000e+00 7.497295267075276115e+01 0.000000000000000000e+00 0.000000000000000000e+00 0.000000000000000000e+00
3.126664036159659190e+03 2.273074197675415235e+03 0.000000000000000000e+00 8.186455376966769393e+01 0.000000000000000000e+00 0.000000000000000000e+00 0.000000000000000000e+00 8.143770254003759135e+01 0.000000000000000000e+00 0.000000000000000000e+00 0.000000000000000000e+00 8.143770254003759135e+01 0.000000000000000000e+00 0.000000000000000000e+00 0.000000000000000000e+00 8.186455376966769393e+01 0.000000000000000000e+00 0.000000000000000000e+00 0.000000000000000000e+00
2.872919479691213382e+03 1.072919479696694907e+03 0.000000000000000000e+00 7.666644493523024551e+01 0.000000000000000000e+00 0.000000000000000000e+00 0.000000000000000000e+00 7.726970024291901495e+01 0.000000000000000000e+00 0.000000000000000000e+00 0.000000000000000000e+00 7.726970024291901495e+01 0.000000000000000000e+00 0.000000000000000000e+00 0.000000000000000000e+00 7.666644493523024551e+01 0.000000000000000000e+00 0.000000000000000000e+00 0.000000000000000000e+00
2.526090967267915858e+03 1.072501128786622758e+03 0.000000000000000000e+00 7.615967480063365258e+01 0.000000000000000000e+00 0.000000000000000000e+00 0.000000000000000000e+00 7.495303567942328016e+01 0.000000000000000000e+00 0.000000000000000000e+00 0.000000000000000000e+00 7.495303567942328016e+01 0.000000000000000000e+00 0.000000000000000000e+00 0.000000000000000000e+00 7.615967480063365258e+01 0.000000000000000000e+00 0.000000000000000000e+00 0.000000000000000000e+00
2.872941637696585531e+03 7.265314761895655238e+02 0.000000000000000000e+00 7.358615779594158823e+01 0.000000000000000000e+00 0.000000000000000000e+00 0.000000000000000000e+00 7.664054843844532172e+01 0.000000000000000000e+00 0.000000000000000000e+00 0.000000000000000000e+00 7.664054843844532172e+01 0.000000000000000000e+00 0.000000000000000000e+00 0.000000000000000000e+00 7.358615779594158823e+01 0.000000000000000000e+00 0.000000000000000000e+00 0.000000000000000000e+00
2.526279199489472376e+03 7.262791994954773145e+02 0.000000000000000000e+00 7.306326711922949357e+01 0.000000000000000000e+00 0.000000000000000000e+00 0.000000000000000000e+00 7.431113831288890026e+01 0.000000000000000000e+00 0.000000000000000000e+00 0.000000000000000000e+00 7.431113831288890026e+01 0.000000000000000000e+00 0.000000000000000000e+00 0.000000000000000000e+00 7.306326711922949357e+01 0.000000000000000000e+00 0.000000000000000000e+00 0.000000000000000000e+00
4.673204704909814609e+03 3.126794543391448315e+03 0.000000000000000000e+00 5.492692565186992937e+01 0.000000000000000000e+00 0.000000000000000000e+00 0.000000000000000000e+00 4.036439429919415289e+01 0.000000000000000000e+00 0.000000000000000000e+00 0.000000000000000000e+00 4.036439429919415289e+01 0.000000000000000000e+00 0.000000000000000000e+00 0.000000000000000000e+00 5.492692565186992226e+01 0.000000000000000000e+00 0.000000000000000000e+00 0.000000000000000000e+00
4.673204802876197391e+03 3.473204802872007349e+03 0.000000000000000000e+00 7.437271867464897923e+01 0.000000000000000000e+00 0.000000000000000000e+00 0.000000000000000000e+00 4.309670140015725082e+01 0.000000000000000000e+00 0.000000000000000000e+00 0.000000000000000000e+00 4.309670140015725082e+01 0.000000000000000000e+00 0.000000000000000000e+00 0.000000000000000000e+00 7.437271867464897923e+01 0.000000000000000000e+00 0.000000000000000000e+00 0.000000000000000000e+00
4.326793678988707143e+03 3.126793678985698989e+03 0.000000000000000000e+00 5.829289864119961351e+01 0.000000000000000000e+00 0.000000000000000000e+00 0.000000000000000000e+00 7.628846636675089599e+01 0.000000000000000000e+00 0.000000000000000000e+00 0.000000000000000000e+00 7.628846636675089599e+01 0.000000000000000000e+00 0.000000000000000000e+00 0.000000000000000000e+00 5.829289864119961351e+01 0.000000000000000000e+00 0.000000000000000000e+00 0.000000000000000000e+00
4.326794478760866696e+03 3.473204640271643257e+03 0.000000000000000000e+00 7.742602475209278623e+01 0.000000000000000000e+00 0.000000000000000000e+00 0.000000000000000000e+00 7.793248645222581672e+01 0.000000000000000000e+00 0.000000000000000000e+00 0.000000000000000000e+00 7.793248645222581672e+01 0.000000000000000000e+00 0.000000000000000000e+00 0.000000000000000000e+00 7.742602475209278623e+01 0.000000000000000000e+00 0.000000000000000000e+00 0.000000000000000000e+00
3.126690814749099445e+03 7.266908147561041460e+02 0.000000000000000000e+00 1.706809740980677148e+01 0.000000000000000000e+00 0.000000000000000000e+00 0.000000000000000000e+00 5.006058608049814751e+01 0.000000000000000000e+00 0.000000000000000000e+00 0.000000000000000000e+00 5.006058608049814751e+01 0.000000000000000000e+00 0.000000000000000000e+00 0.000000000000000000e+00 1.706809740980677148e+01 0.000000000000000000e+00 0.000000000000000000e+00 0.000000000000000000e+00
3.473166593147424464e+03 7.267564316409484491e+02 0.000000000000000000e+00 1.164615166710717986e+01 0.000000000000000000e+00 0.000000000000000000e+00 0.000000000000000000e+00 -1.586744151433677708e+01 0.000000000000000000e+00 0.000000000000000000e+00 0.000000000000000000e+00 -1.586744151433677708e+01 0.000000000000000000e+00 0.000000000000000000e+00 0.000000000000000000e+00 1.164615166710717986e+01 0.000000000000000000e+00 0.000000000000000000e+00 0.000000000000000000e+00
3.126655358239575435e+03 1.073065519759123163e+03 0.000000000000000000e+00 5.696813435866621234e+01 0.000000000000000000e+00 0.000000000000000000e+00 0.000000000000000000e+00 5.329318132862525204e+01 0.000000000000000000e+00 0.000000000000000000e+00 0.000000000000000000e+00 5.329318132862525204e+01 0.000000000000000000e+00 0.000000000000000000e+00 0.000000000000000000e+00 5.696813435866619102e+01 0.000000000000000000e+00 0.000000000000000000e+00 0.000000000000000000e+00
3.473163585194349707e+03 1.073163585200001535e+03 0.000000000000000000e+00 5.273224447546463978e+01 0.000000000000000000e+00 0.000000000000000000e+00 0.000000000000000000e+00 -1.423856908376399133e+01 0.000000000000000000e+00 0.000000000000000000e+00 0.000000000000000000e+00 -1.423856908376399133e+01 0.000000000000000000e+00 0.000000000000000000e+00 0.000000000000000000e+00 5.273224447546463978e+01 0.000000000000000000e+00 0.000000000000000000e+00 0.000000000000000000e+00
2.526791414435859224e+03 4.326791414432446800e+03 0.000000000000000000e+00 4.105756519757277090e+01 0.000000000000000000e+00 0.000000000000000000e+00 0.000000000000000000e+00 5.570466451798691310e+01 0.000000000000000000e+00 0.000000000000000000e+00 0.000000000000000000e+00 5.570466451798691310e+01 0.000000000000000000e+00 0.000000000000000000e+00 0.000000000000000000e+00 4.105756519757276379e+01 0.000000000000000000e+00 0.000000000000000000e+00 0.000000000000000000e+00
2.873203604355695006e+03 4.326793442837661132e+03 0.000000000000000000e+00 4.075385400154434734e+01 0.000000000000000000e+00 0.000000000000000000e+00 0.000000000000000000e+00 5.135681122458709780e+01 0.000000000000000000e+00 0.000000000000000000e+00 0.000000000000000000e+00 5.135681122458709780e+01 0.000000000000000000e+00 0.000000000000000000e+00 0.000000000000000000e+00 4.075385400154434734e+01 0.000000000000000000e+00 0.000000000000000000e+00 0.000000000000000000e+00
2.526794173320654863e+03 4.673204334828387800e+03 0.000000000000000000e+00 2.219746725713972069e+01 0.000000000000000000e+00 0.000000000000000000e+00 0.000000000000000000e+00 5.436161170381335950e+01 0.000000000000000000e+00 0.000000000000000000e+00 0.000000000000000000e+00 5.436161170381336660e+01 0.000000000000000000e+00 0.000000000000000000e+00 0.000000000000000000e+00 2.219746725713972069e+01 0.000000000000000000e+00 0.000000000000000000e+00 0.000000000000000000e+00
2.873204265199570273e+03 4.673204265193354331e+03 0.000000000000000000e+00 2.165747794463025144e+01 0.000000000000000000e+00 0.000000000000000000e+00 0.000000000000000000e+00 4.985171949114038625e+01 0.000000000000000000e+00 0.000000000000000000e+00 0.000000000000000000e+00 4.985171949114038625e+01 0.000000000000000000e+00 0.000000000000000000e+00 0.000000000000000000e+00 2.165747794463025144e+01 0.000000000000000000e+00 0.000000000000000000e+00 0.000000000000000000e+00
1.672999936770341719e+03 3.126589775260914848e+03 0.000000000000000000e+00 6.443746786623707123e+01 0.000000000000000000e+00 0.000000000000000000e+00 0.000000000000000000e+00 5.594996497559220927e+01 0.000000000000000000e+00 0.000000000000000000e+00 0.000000000000000000e+00 5.594996497559219506e+01 0.000000000000000000e+00 0.000000000000000000e+00 0.000000000000000000e+00 6.443746786623707123e+01 0.000000000000000000e+00 0.000000000000000000e+00 0.000000000000000000e+00
1.673093331970705549e+03 3.473093331974578177e+03 0.000000000000000000e+00 6.647310970117638362e+01 0.000000000000000000e+00 0.000000000000000000e+00 0.000000000000000000e+00 5.573354022906580951e+01 0.000000000000000000e+00 0.000000000000000000e+00 0.000000000000000000e+00 5.573354022906580951e+01 0.000000000000000000e+00 0.000000000000000000e+00 0.000000000000000000e+00 6.647310970117638362e+01 0.000000000000000000e+00 0.000000000000000000e+00 0.000000000000000000e+00
1.326566168285604590e+03 3.126566168291688882e+03 0.000000000000000000e+00 6.518033780626909390e+01 0.000000000000000000e+00 0.000000000000000000e+00 0.000000000000000000e+00 6.217461715101800479e+01 0.000000000000000000e+00 0.000000000000000000e+00 0.000000000000000000e+00 6.217461715101800479e+01 0.000000000000000000e+00 0.000000000000000000e+00 0.000000000000000000e+00 6.518033780626909390e+01 0.000000000000000000e+00 0.000000000000000000e+00 0.000000000000000000e+00
1.326703242372788736e+03 3.473113403892743918e+03 0.000000000000000000e+00 6.721384466542451719e+01 0.000000000000000000e+00 0.000000000000000000e+00 0.000000000000000000e+00 6.209326936960327714e+01 0.000000000000000000e+00 0.000000000000000000e+00 0.000000000000000000e+00 6.209326936960327714e+01 0.000000000000000000e+00 0.000000000000000000e+00 0.000000000000000000e+00 6.721384466542451719e+01 0.000000000000000000e+00 0.000000000000000000e+00 0.000000000000000000e+00
2.273188090197275869e+03 4.073188090196133544e+03 0.000000000000000000e+00 5.340198939052275762e+01 0.000000000000000000e+00 0.000000000000000000e+00 0.000000000000000000e+00 4.283213519211899722e+01 0.000000000000000000e+00 0.000000000000000000e+00 0.000000000000000000e+00 4.283213519211901144e+01 0.000000000000000000e+00 0.000000000000000000e+00 0.000000000000000000e+00 5.340198939052275762e+01 0.000000000000000000e+00 0.000000000000000000e+00 0.000000000000000000e+00
1.926776048449698465e+03 4.073186209964062982e+03 0.000000000000000000e+00 5.408189473276748771e+01 0.000000000000000000e+00 0.000000000000000000e+00 0.000000000000000000e+00 4.583666817939713667e+01 0.000000000000000000e+00 0.000000000000000000e+00 0.000000000000000000e+00 4.583666817939713667e+01 0.000000000000000000e+00 0.000000000000000000e+00 0.000000000000000000e+00 5.408189473276748771e+01 0.000000000000000000e+00 0.000000000000000000e+00 0.000000000000000000e+00
2.273169574279168955e+03 3.726759412765907200e+03 0.000000000000000000e+00 5.836940801395471112e+01 0.000000000000000000e+00 0.000000000000000000e+00 0.000000000000000000e+00 4.355653648252683041e+01 0.000000000000000000e+00 0.000000000000000000e+00 0.000000000000000000e+00 4.355653648252685173e+01 0.000000000000000000e+00 0.000000000000000000e+00 0.000000000000000000e+00 5.836940801395471112e+01 0.000000000000000000e+00 0.000000000000000000e+00 0.000000000000000000e+00
1.926737726927543918e+03 3.726737726929457949e+03 0.000000000000000000e+00 5.895225523693786585e+01 0.000000000000000000e+00 0.000000000000000000e+00 0.000000000000000000e+00 4.659167687524283963e+01 0.000000000000000000e+00 0.000000000000000000e+00 0.000000000000000000e+00 4.659167687524284673e+01 0.000000000000000000e+00 0.000000000000000000e+00 0.000000000000000000e+00 5.895225523693786585e+01 0.000000000000000000e+00 0.000000000000000000e+00 0.000000000000000000e+00
1.325707264043990108e+03 2.272117425562879362e+03 0.000000000000000000e+00 6.219576867379905138e+01 0.000000000000000000e+00 0.000000000000000000e+00 0.000000000000000000e+00 6.458385837627047010e+01 0.000000000000000000e+00 0.000000000000000000e+00 0.000000000000000000e+00 6.458385837627047010e+01 0.000000000000000000e+00 0.000000000000000000e+00 0.000000000000000000e+00 6.219576867379905138e+01 0.000000000000000000e+00 0.000000000000000000e+00 0.000000000000000000e+00
1.324743524025343959e+03 1.924743524029439868e+03 0.000000000000000000e+00 6.458497263044469605e+01 0.000000000000000000e+00 0.000000000000000000e+00 0.000000000000000000e+00 6.501794393892207324e+01 0.000000000000000000e+00 0.000000000000000000e+00 0.000000000000000000e+00 6.501794393892207324e+01 0.000000000000000000e+00 0.000000000000000000e+00 0.000000000000000000e+00 6.458497263044469605e+01 0.000000000000000000e+00 0.000000000000000000e+00 0.000000000000000000e+00
1.672231569128631691e+03 2.272231569132274672e+03 0.000000000000000000e+00 6.182443066987560343e+01 0.000000000000000000e+00 0.000000000000000000e+00 0.000000000000000000e+00 6.313141519416188885e+01 0.000000000000000000e+00 0.000000000000000000e+00 0.000000000000000000e+00 6.313141519416188885e+01 0.000000000000000000e+00 0.000000000000000000e+00 0.000000000000000000e+00 6.182443066987560343e+01 0.000000000000000000e+00 0.000000000000000000e+00 0.000000000000000000e+00
1.671837157539634063e+03 1.925426996029235170e+03 0.000000000000000000e+00 6.422991200847799576e+01 0.000000000000000000e+00 0.000000000000000000e+00 0.000000000000000000e+00 6.357152167323422987e+01 0.000000000000000000e+00 0.000000000000000000e+00 0.000000000000000000e+00 6.357152167323422987e+01 0.000000000000000000e+00 0.000000000000000000e+00 0.000000000000000000e+00 6.422991200847799576e+01 0.000000000000000000e+00 0.000000000000000000e+00 0.000000000000000000e+00
1.326420040724435239e+03 2.872830202244255361e+03 0.000000000000000000e+00 6.369610794824209421e+01 0.000000000000000000e+00 0.000000000000000000e+00 0.000000000000000000e+00 6.457842829030369103e+01 0.000000000000000000e+00 0.000000000000000000e+00 0.000000000000000000e+00 6.457842829030369103e+01 0.000000000000000000e+00 0.000000000000000000e+00 0.000000000000000000e+00 6.369610794824209421e+01 0.000000000000000000e+00 0.000000000000000000e+00 0.000000000000000000e+00
1.326042165872123860e+03 2.526042165877576281e+03 0.000000000000000000e+00 6.214228595933504806e+01 0.000000000000000000e+00 0.000000000000000000e+00 0.000000000000000000e+00 6.448322418429944491e+01 0.000000000000000000e+00 0.000000000000000000e+00 0.000000000000000000e+00 6.448322418429944491e+01 0.000000000000000000e+00 0.000000000000000000e+00 0.000000000000000000e+00 6.214228595933504806e+01 0.000000000000000000e+00 0.000000000000000000e+00 0.000000000000000000e+00
1.672840703959638859e+03 2.872840703963882788e+03 0.000000000000000000e+00 6.344340043578544908e+01 0.000000000000000000e+00 0.000000000000000000e+00 0.000000000000000000e+00 6.222628753373025035e+01 0.000000000000000000e+00 0.000000000000000000e+00 0.000000000000000000e+00 6.222628753373025035e+01 0.000000000000000000e+00 0.000000000000000000e+00 0.000000000000000000e+00 6.344340043578544908e+01 0.000000000000000000e+00 0.000000000000000000e+00 0.000000000000000000e+00
1.672614788048924311e+03 2.526204626539208220e+03 0.000000000000000000e+00 6.189694560493521891e+01 0.000000000000000000e+00 0.000000000000000000e+00 0.000000000000000000e+00 6.214654292848701544e+01 0.000000000000000000e+00 0.000000000000000000e+00 0.000000000000000000e+00 6.214654292848701544e+01 0.000000000000000000e+00 0.000000000000000000e+00 0.000000000000000000e+00 6.189694560493521891e+01 0.000000000000000000e+00 0.000000000000000000e+00 0.000000000000000000e+00
4.673205033365802592e+03 3.726794871847948343e+03 0.000000000000000000e+00 8.591884784247268669e+01 0.000000000000000000e+00 0.000000000000000000e+00 0.000000000000000000e+00 9.143952013752812036e+01 0.000000000000000000e+00 0.000000000000000000e+00 0.000000000000000000e+00 9.143952013752812036e+01 0.000000000000000000e+00 0.000000000000000000e+00 0.000000000000000000e+00 8.591884784247268669e+01 0.000000000000000000e+00 0.000000000000000000e+00 0.000000000000000000e+00
4.673205026743125018e+03 4.073205026739703953e+03 0.000000000000000000e+00 8.443088107958942601e+01 0.000000000000000000e+00 0.000000000000000000e+00 0.000000000000000000e+00 9.120700820533117792e+01 0.000000000000000000e+00 0.000000000000000000e+00 0.000000000000000000e+00 9.120700820533117792e+01 0.000000000000000000e+00 0.000000000000000000e+00 0.000000000000000000e+00 8.443088107958942601e+01 0.000000000000000000e+00 0.000000000000000000e+00 0.000000000000000000e+00
4.326794648281291302e+03 3.726794648278489149e+03 0.000000000000000000e+00 8.562599476681501187e+01 0.000000000000000000e+00 0.000000000000000000e+00 0.000000000000000000e+00 9.015947043587195253e+01 0.000000000000000000e+00 0.000000000000000000e+00 0.000000000000000000e+00 9.015947043587195253e+01 0.000000000000000000e+00 0.000000000000000000e+00 0.000000000000000000e+00 8.562599476681501187e+01 0.000000000000000000e+00 0.000000000000000000e+00 0.000000000000000000e+00
4.326794850013147880e+03 4.073205011523898520e+03 0.000000000000000000e+00 8.414350437706337971e+01 0.000000000000000000e+00 0.000000000000000000e+00 0.000000000000000000e+00 8.992015893645046276e+01 0.000000000000000000e+00 0.000000000000000000e+00 0.000000000000000000e+00 8.992015893645046276e+01 0.000000000000000000e+00 0.000000000000000000e+00 0.000000000000000000e+00 8.414350437706337971e+01 0.000000000000000000e+00 0.000000000000000000e+00 0.000000000000000000e+00
1.926264918909799007e+03 2.526264918912951543e+03 0.000000000000000000e+00 6.333659410504755982e+01 0.000000000000000000e+00 0.000000000000000000e+00 0.000000000000000000e+00 5.711010973253493717e+01 0.000000000000000000e+00 0.000000000000000000e+00 0.000000000000000000e+00 5.711010973253493717e+01 0.000000000000000000e+00 0.000000000000000000e+00 0.000000000000000000e+00 6.333659410504755982e+01 0.000000000000000000e+00 0.000000000000000000e+00 0.000000000000000000e+00
2.272852111124847397e+03 2.526441949613849829e+03 0.000000000000000000e+00 6.203634064836040096e+01 0.000000000000000000e+00 0.000000000000000000e+00 0.000000000000000000e+00 4.399597232403527158e+01 0.000000000000000000e+00 0.000000000000000000e+00 0.000000000000000000e+00 4.399597232403527158e+01 0.000000000000000000e+00 0.000000000000000000e+00 0.000000000000000000e+00 6.203634064836040096e+01 0.000000000000000000e+00 0.000000000000000000e+00 0.000000000000000000e+00
1.926510627234945332e+03 2.872920788752137923e+03 0.000000000000000000e+00 6.634108234158077266e+01 0.000000000000000000e+00 0.000000000000000000e+00 0.000000000000000000e+00 5.648716331953968250e+01 0.000000000000000000e+00 0.000000000000000000e+00 0.000000000000000000e+00 5.648716331953968250e+01 0.000000000000000000e+00 0.000000000000000000e+00 0.000000000000000000e+00 6.634108234158077266e+01 0.000000000000000000e+00 0.000000000000000000e+00 0.000000000000000000e+00
2.272954313206535062e+03 2.872954313208785607e+03 0.000000000000000000e+00 6.515376201483302054e+01 0.000000000000000000e+00 0.000000000000000000e+00 0.000000000000000000e+00 4.269417986139320931e+01 0.000000000000000000e+00 0.000000000000000000e+00 0.000000000000000000e+00 4.269417986139320931e+01 0.000000000000000000e+00 0.000000000000000000e+00 0.000000000000000000e+00 6.515376201483302054e+01 0.000000000000000000e+00 0.000000000000000000e+00 0.000000000000000000e+00
1.924783444454018536e+03 1.324783444457067162e+03 0.000000000000000000e+00 6.982257668459109823e+01 0.000000000000000000e+00 0.000000000000000000e+00 0.000000000000000000e+00 6.745878163160723773e+01 0.000000000000000000e+00 0.000000000000000000e+00 0.000000000000000000e+00 6.745878163160723773e+01 0.000000000000000000e+00 0.000000000000000000e+00 0.000000000000000000e+00 6.982257668459109823e+01 0.000000000000000000e+00 0.000000000000000000e+00 0.000000000000000000e+00
2.272140549972312328e+03 1.325730388462430938e+03 0.000000000000000000e+00 6.998559505093290056e+01 0.000000000000000000e+00 0.000000000000000000e+00 0.000000000000000000e+00 6.853784509308937345e+01 0.000000000000000000e+00 0.000000000000000000e+00 0.000000000000000000e+00 6.853784509308937345e+01 0.000000000000000000e+00 0.000000000000000000e+00 0.000000000000000000e+00 6.998559505093290056e+01 0.000000000000000000e+00 0.000000000000000000e+00 0.000000000000000000e+00
1.925433980483583355e+03 1.671844142000413513e+03 0.000000000000000000e+00 6.943344677893044548e+01 0.000000000000000000e+00 0.000000000000000000e+00 0.000000000000000000e+00 6.744340274313488237e+01 0.000000000000000000e+00 0.000000000000000000e+00 0.000000000000000000e+00 6.744340274313488237e+01 0.000000000000000000e+00 0.000000000000000000e+00 0.000000000000000000e+00 6.943344677893044548e+01 0.000000000000000000e+00 0.000000000000000000e+00 0.000000000000000000e+00
2.272230372160325260e+03 1.672230372163523725e+03 0.000000000000000000e+00 6.959553336762641607e+01 0.000000000000000000e+00 0.000000000000000000e+00 0.000000000000000000e+00 6.852026115817142227e+01 0.000000000000000000e+00 0.000000000000000000e+00 0.000000000000000000e+00 6.852026115817142227e+01 0.000000000000000000e+00 0.000000000000000000e+00 0.000000000000000000e+00 6.959553336762641607e+01 0.000000000000000000e+00 0.000000000000000000e+00 0.000000000000000000e+00
2.873205071233179297e+03 5.526794909708455634e+03 0.000000000000000000e+00 6.576086764906733606e+01 0.000000000000000000e+00 0.000000000000000000e+00 0.000000000000000000e+00 3.333545820134376214e+01 0.000000000000000000e+00 0.000000000000000000e+00 0.000000000000000000e+00 3.333545820134376214e+01 0.000000000000000000e+00 0.000000000000000000e+00 0.000000000000000000e+00 6.576086764906733606e+01 0.000000000000000000e+00 0.000000000000000000e+00 0.000000000000000000e+00
2.873205079642938472e+03 5.873205079630491127e+03 0.000000000000000000e+00 7.975024198396720010e+01 0.000000000000000000e+00 0.000000000000000000e+00 0.000000000000000000e+00 3.424043444142053261e+01 0.000000000000000000e+00 0.000000000000000000e+00 0.000000000000000000e+00 3.424043444142051129e+01 0.000000000000000000e+00 0.000000000000000000e+00 0.000000000000000000e+00 7.975024198396720010e+01 0.000000000000000000e+00 0.000000000000000000e+00 0.000000000000000000e+00
2.526794918128128302e+03 5.526794918117131601e+03 0.000000000000000000e+00 7.080345642910455695e+01 0.000000000000000000e+00 0.000000000000000000e+00 0.000000000000000000e+00 8.645857642941729182e+01 0.000000000000000000e+00 0.000000000000000000e+00 0.000000000000000000e+00 8.645857642941729182e+01 0.000000000000000000e+00 0.000000000000000000e+00 0.000000000000000000e+00 7.080345642910455695e+01 0.000000000000000000e+00 0.000000000000000000e+00 0.000000000000000000e+00
2.526794917525618985e+03 5.873205079026774911e+03 0.000000000000000000e+00 8.499458046819358970e+01 0.000000000000000000e+00 0.000000000000000000e+00 0.000000000000000000e+00 8.767105105004549159e+01 0.000000000000000000e+00 0.000000000000000000e+00 0.000000000000000000e+00 8.767105105004549159e+01 0.000000000000000000e+00 0.000000000000000000e+00 0.000000000000000000e+00 8.499458046819358970e+01 0.000000000000000000e+00 0.000000000000000000e+00 0.000000000000000000e+00
1.072464569648073848e+03 2.526054408141137174e+03 0.000000000000000000e+00 6.323420495960937870e+01 0.000000000000000000e+00 0.000000000000000000e+00 0.000000000000000000e+00 6.599084201454010667e+01 0.000000000000000000e+00 0.000000000000000000e+00 0.000000000000000000e+00 6.599084201454010667e+01 0.000000000000000000e+00 0.000000000000000000e+00 0.000000000000000000e+00 6.323420495960937870e+01 0.000000000000000000e+00 0.000000000000000000e+00 0.000000000000000000e+00
1.072834767264343554e+03 2.872834767271736382e+03 0.000000000000000000e+00 6.292971126973680640e+01 0.000000000000000000e+00 0.000000000000000000e+00 0.000000000000000000e+00 6.587535434029598491e+01 0.000000000000000000e+00 0.000000000000000000e+00 0.000000000000000000e+00 6.587535434029598491e+01 0.000000000000000000e+00 0.000000000000000000e+00 0.000000000000000000e+00 6.292971126973680640e+01 0.000000000000000000e+00 0.000000000000000000e+00 0.000000000000000000e+00
7.261825243101839078e+02 2.526182524319080130e+03 0.000000000000000000e+00 6.345371692708916100e+01 0.000000000000000000e+00 0.000000000000000000e+00 0.000000000000000000e+00 6.729271841458185577e+01 0.000000000000000000e+00 0.000000000000000000e+00 0.000000000000000000e+00 6.729271841458185577e+01 0.000000000000000000e+00 0.000000000000000000e+00 0.000000000000000000e+00 6.345371692708916100e+01 0.000000000000000000e+00 0.000000000000000000e+00 0.000000000000000000e+00
7.265153703247306112e+02 2.872925531848120045e+03 0.000000000000000000e+00 6.314892844582863773e+01 0.000000000000000000e+00 0.000000000000000000e+00 0.000000000000000000e+00 6.718101953839963869e+01 0.000000000000000000e+00 0.000000000000000000e+00 0.000000000000000000e+00 6.718101953839963869e+01 0.000000000000000000e+00 0.000000000000000000e+00 0.000000000000000000e+00 6.314892844582863773e+01 0.000000000000000000e+00 0.000000000000000000e+00 0.000000000000000000e+00
3.473132386514200334e+03 1.673132386517195073e+03 0.000000000000000000e+00 7.145920009648227733e+01 0.000000000000000000e+00 0.000000000000000000e+00 0.000000000000000000e+00 7.304251030682962664e+01 0.000000000000000000e+00 0.000000000000000000e+00 0.000000000000000000e+00 7.304251030682962664e+01 0.000000000000000000e+00 0.000000000000000000e+00 0.000000000000000000e+00 7.145920009648227733e+01 0.000000000000000000e+00 0.000000000000000000e+00 0.000000000000000000e+00
3.126644304625056520e+03 1.673054466142550837e+03 0.000000000000000000e+00 7.221100721749564855e+01 0.000000000000000000e+00 0.000000000000000000e+00 0.000000000000000000e+00 7.690399955088592776e+01 0.000000000000000000e+00 0.000000000000000000e+00 0.000000000000000000e+00 7.690399955088592776e+01 0.000000000000000000e+00 0.000000000000000000e+00 0.000000000000000000e+00 7.221100721749564855e+01 0.000000000000000000e+00 0.000000000000000000e+00 0.000000000000000000e+00
3.473152329523938533e+03 1.326742168014834533e+03 0.000000000000000000e+00 7.283310585532277059e+01 0.000000000000000000e+00 0.000000000000000000e+00 0.000000000000000000e+00 7.337616715067724726e+01 0.000000000000000000e+00 0.000000000000000000e+00 0.000000000000000000e+00 7.337616715067724726e+01 0.000000000000000000e+00 0.000000000000000000e+00 0.000000000000000000e+00 7.283310585532277059e+01 0.000000000000000000e+00 0.000000000000000000e+00 0.000000000000000000e+00
3.126644985920061117e+03 1.326644985924780258e+03 0.000000000000000000e+00 7.357660359748253143e+01 0.000000000000000000e+00 0.000000000000000000e+00 0.000000000000000000e+00 7.721495705662154307e+01 0.000000000000000000e+00 0.000000000000000000e+00 0.000000000000000000e+00 7.721495705662154307e+01 0.000000000000000000e+00 0.000000000000000000e+00 0.000000000000000000e+00 7.357660359748253143e+01 0.000000000000000000e+00 0.000000000000000000e+00 0.000000000000000000e+00
4.673205075869784196e+03 4.326794914352447449e+03 0.000000000000000000e+00 8.334170485822663466e+01 0.000000000000000000e+00 0.000000000000000000e+00 0.000000000000000000e+00 8.707189143765283745e+01 0.000000000000000000e+00 0.000000000000000000e+00 0.000000000000000000e+00 8.707189143765283745e+01 0.000000000000000000e+00 0.000000000000000000e+00 0.000000000000000000e+00 8.334170485822663466e+01 0.000000000000000000e+00 0.000000000000000000e+00 0.000000000000000000e+00
4.673205073901507603e+03 4.673205073897810507e+03 0.000000000000000000e+00 8.405796547452351319e+01 0.000000000000000000e+00 0.000000000000000000e+00 0.000000000000000000e+00 8.725307064806146684e+01 0.000000000000000000e+00 0.000000000000000000e+00 0.000000000000000000e+00 8.725307064806146684e+01 0.000000000000000000e+00 0.000000000000000000e+00 0.000000000000000000e+00 8.405796547452351319e+01 0.000000000000000000e+00 0.000000000000000000e+00 0.000000000000000000e+00
4.326794882967052217e+03 4.326794882963989949e+03 0.000000000000000000e+00 8.249448684004190113e+01 0.000000000000000000e+00 0.000000000000000000e+00 0.000000000000000000e+00 8.323941447764524071e+01 0.000000000000000000e+00 0.000000000000000000e+00 0.000000000000000000e+00 8.323941447764524071e+01 0.000000000000000000e+00 0.000000000000000000e+00 0.000000000000000000e+00 8.249448684004190113e+01 0.000000000000000000e+00 0.000000000000000000e+00 0.000000000000000000e+00
4.326794914074421285e+03 4.673205075584350197e+03 0.000000000000000000e+00 8.322122581209160330e+01 0.000000000000000000e+00 0.000000000000000000e+00 0.000000000000000000e+00 8.341101232838732926e+01 0.000000000000000000e+00 0.000000000000000000e+00 0.000000000000000000e+00 8.341101232838732926e+01 0.000000000000000000e+00 0.000000000000000000e+00 0.000000000000000000e+00 8.322122581209160330e+01 0.000000000000000000e+00 0.000000000000000000e+00 0.000000000000000000e+00
4.730655901849034990e+02 2.873065590195977165e+03 0.000000000000000000e+00 6.561728887894575735e+01 0.000000000000000000e+00 0.000000000000000000e+00 0.000000000000000000e+00 6.812856308158515617e+01 0.000000000000000000e+00 0.000000000000000000e+00 0.000000000000000000e+00 6.812856308158515617e+01 0.000000000000000000e+00 0.000000000000000000e+00 0.000000000000000000e+00 6.561728887894575735e+01 0.000000000000000000e+00 0.000000000000000000e+00 0.000000000000000000e+00
1.266961698956130249e+02 2.873106331421730374e+03 0.000000000000000000e+00 6.558155939350558583e+01 0.000000000000000000e+00 0.000000000000000000e+00 0.000000000000000000e+00 6.786763886850273764e+01 0.000000000000000000e+00 0.000000000000000000e+00 0.000000000000000000e+00 6.786763886850273764e+01 0.000000000000000000e+00 0.000000000000000000e+00 0.000000000000000000e+00 6.558155939350558583e+01 0.000000000000000000e+00 0.000000000000000000e+00 0.000000000000000000e+00
4.727043028218693053e+02 2.526294141318393486e+03 0.000000000000000000e+00 6.573706479305471362e+01 0.000000000000000000e+00 0.000000000000000000e+00 0.000000000000000000e+00 6.813504853662257688e+01 0.000000000000000000e+00 0.000000000000000000e+00 0.000000000000000000e+00 6.813504853662257688e+01 0.000000000000000000e+00 0.000000000000000000e+00 0.000000000000000000e+00 6.573706479305471362e+01 0.000000000000000000e+00 0.000000000000000000e+00 0.000000000000000000e+00
1.267221091612211694e+02 2.526722109173793797e+03 0.000000000000000000e+00 6.570131442546232847e+01 0.000000000000000000e+00 0.000000000000000000e+00 0.000000000000000000e+00 6.787383246746131249e+01 0.000000000000000000e+00 0.000000000000000000e+00 0.000000000000000000e+00 6.787383246746131249e+01 0.000000000000000000e+00 0.000000000000000000e+00 0.000000000000000000e+00 6.570131442546232847e+01 0.000000000000000000e+00 0.000000000000000000e+00 0.000000000000000000e+00
3.726794554560296092e+03 4.326794554556729054e+03 0.000000000000000000e+00 7.068245081825179454e+01 0.000000000000000000e+00 0.000000000000000000e+00 0.000000000000000000e+00 7.194795671769249168e+01 0.000000000000000000e+00 0.000000000000000000e+00 0.000000000000000000e+00 7.194795671769249168e+01 0.000000000000000000e+00 0.000000000000000000e+00 0.000000000000000000e+00 7.068245081825179454e+01 0.000000000000000000e+00 0.000000000000000000e+00 0.000000000000000000e+00
4.073204998801703368e+03 4.326794837284619462e+03 0.000000000000000000e+00 7.169251254579374688e+01 0.000000000000000000e+00 0.000000000000000000e+00 0.000000000000000000e+00 7.753894423315000495e+01 0.000000000000000000e+00 0.000000000000000000e+00 0.000000000000000000e+00 7.753894423315000495e+01 0.000000000000000000e+00 0.000000000000000000e+00 0.000000000000000000e+00 7.169251254579374688e+01 0.000000000000000000e+00 0.000000000000000000e+00 0.000000000000000000e+00
3.726794851214237951e+03 4.673205012722871288e+03 0.000000000000000000e+00 6.986731440312905761e+01 0.000000000000000000e+00 0.000000000000000000e+00 0.000000000000000000e+00 7.198962753775677470e+01 0.000000000000000000e+00 0.000000000000000000e+00 0.000000000000000000e+00 7.198962753775677470e+01 0.000000000000000000e+00 0.000000000000000000e+00 0.000000000000000000e+00 6.986731440312905761e+01 0.000000000000000000e+00 0.000000000000000000e+00 0.000000000000000000e+00
4.073205008468962205e+03 4.673205008464972707e+03 0.000000000000000000e+00 7.086122299182332540e+01 0.000000000000000000e+00 0.000000000000000000e+00 0.000000000000000000e+00 7.753598539424383773e+01 0.000000000000000000e+00 0.000000000000000000e+00 0.000000000000000000e+00 7.753598539424383773e+01 0.000000000000000000e+00 0.000000000000000000e+00 0.000000000000000000e+00 7.086122299182332540e+01 0.000000000000000000e+00 0.000000000000000000e+00 0.000000000000000000e+00
3.126785593185055404e+03 3.726785593183592482e+03 0.000000000000000000e+00 7.620650961324413686e+01 0.000000000000000000e+00 0.000000000000000000e+00 0.000000000000000000e+00 7.358237166920862649e+01 0.000000000000000000e+00 0.000000000000000000e+00 0.000000000000000000e+00 7.358237166920862649e+01 0.000000000000000000e+00 0.000000000000000000e+00 0.000000000000000000e+00 7.620650961324413686e+01 0.000000000000000000e+00 0.000000000000000000e+00 0.000000000000000000e+00
3.473200880280098772e+03 3.726790718764365920e+03 0.000000000000000000e+00 7.640251435775157063e+01 0.000000000000000000e+00 0.000000000000000000e+00 0.000000000000000000e+00 7.512258260820928513e+01 0.000000000000000000e+00 0.000000000000000000e+00 0.000000000000000000e+00 7.512258260820928513e+01 0.000000000000000000e+00 0.000000000000000000e+00 0.000000000000000000e+00 7.640251435775157063e+01 0.000000000000000000e+00 0.000000000000000000e+00 0.000000000000000000e+00
3.126792261632035661e+03 4.073202423142656698e+03 0.000000000000000000e+00 7.266759452901619909e+01 0.000000000000000000e+00 0.000000000000000000e+00 0.000000000000000000e+00 7.296600001749960995e+01 0.000000000000000000e+00 0.000000000000000000e+00 0.000000000000000000e+00 7.296600001749960995e+01 0.000000000000000000e+00 0.000000000000000000e+00 0.000000000000000000e+00 7.266759452901619909e+01 0.000000000000000000e+00 0.000000000000000000e+00 0.000000000000000000e+00
3.473202657821643243e+03 4.073202657818764237e+03 0.000000000000000000e+00 7.283942008883514063e+01 0.000000000000000000e+00 0.000000000000000000e+00 0.000000000000000000e+00 7.449256039156234976e+01 0.000000000000000000e+00 0.000000000000000000e+00 0.000000000000000000e+00 7.449256039156234976e+01 0.000000000000000000e+00 0.000000000000000000e+00 0.000000000000000000e+00 7.283942008883514063e+01 0.000000000000000000e+00 0.000000000000000000e+00 0.000000000000000000e+00
3.126707724614171184e+03 4.731178861360170913e+02 0.000000000000000000e+00 2.241320856699917030e+01 0.000000000000000000e+00 0.000000000000000000e+00 0.000000000000000000e+00 2.993353270877564754e+01 0.000000000000000000e+00 0.000000000000000000e+00 0.000000000000000000e+00 2.993353270877564043e+01 0.000000000000000000e+00 0.000000000000000000e+00 0.000000000000000000e+00 2.241320856699917385e+01 0.000000000000000000e+00 0.000000000000000000e+00 0.000000000000000000e+00
3.126783962032868658e+03 1.267839620421807467e+02 0.000000000000000000e+00 8.452275206497333215e+01 0.000000000000000000e+00 0.000000000000000000e+00 0.000000000000000000e+00 3.595400471679281651e+01 0.000000000000000000e+00 0.000000000000000000e+00 0.000000000000000000e+00 3.595400471679280940e+01 0.000000000000000000e+00 0.000000000000000000e+00 0.000000000000000000e+00 8.452275206497336058e+01 0.000000000000000000e+00 0.000000000000000000e+00 0.000000000000000000e+00
3.473190920269071739e+03 4.731909202773876473e+02 0.000000000000000000e+00 2.341633946334941285e+01 0.000000000000000000e+00 0.000000000000000000e+00 0.000000000000000000e+00 4.141427019885476568e+01 0.000000000000000000e+00 0.000000000000000000e+00 0.000000000000000000e+00 4.141427019885476568e+01 0.000000000000000000e+00 0.000000000000000000e+00 0.000000000000000000e+00 2.341633946334938798e+01 0.000000000000000000e+00 0.000000000000000000e+00 0.000000000000000000e+00
3.473188879930644362e+03 1.267787184267507712e+02 0.000000000000000000e+00 8.437475946531753834e+01 0.000000000000000000e+00 0.000000000000000000e+00 0.000000000000000000e+00 4.851799704249393841e+01 0.000000000000000000e+00 0.000000000000000000e+00 0.000000000000000000e+00 4.851799704249391709e+01 0.000000000000000000e+00 0.000000000000000000e+00 0.000000000000000000e+00 8.437475946531756676e+01 0.000000000000000000e+00 0.000000000000000000e+00 0.000000000000000000e+00
4.326792865792056546e+03 2.873203027302775354e+03 0.000000000000000000e+00 4.645491029074938893e+01 0.000000000000000000e+00 0.000000000000000000e+00 0.000000000000000000e+00 3.655918312101421463e+01 0.000000000000000000e+00 0.000000000000000000e+00 0.000000000000000000e+00 3.655918312101421463e+01 0.000000000000000000e+00 0.000000000000000000e+00 0.000000000000000000e+00 4.645491029074938183e+01 0.000000000000000000e+00 0.000000000000000000e+00 0.000000000000000000e+00
4.326788059145253101e+03 2.526788059142537350e+03 0.000000000000000000e+00 4.342149964812988117e+01 0.000000000000000000e+00 0.000000000000000000e+00 0.000000000000000000e+00 3.632486510590101858e+01 0.000000000000000000e+00 0.000000000000000000e+00 0.000000000000000000e+00 3.632486510590101858e+01 0.000000000000000000e+00 0.000000000000000000e+00 0.000000000000000000e+00 4.342149964812987406e+01 0.000000000000000000e+00 0.000000000000000000e+00 0.000000000000000000e+00
4.673203508397681617e+03 2.873203508393095035e+03 0.000000000000000000e+00 4.707416429384728929e+01 0.000000000000000000e+00 0.000000000000000000e+00 0.000000000000000000e+00 4.469751623340529534e+01 0.000000000000000000e+00 0.000000000000000000e+00 0.000000000000000000e+00 4.469751623340528823e+01 0.000000000000000000e+00 0.000000000000000000e+00 0.000000000000000000e+00 4.707416429384728929e+01 0.000000000000000000e+00 0.000000000000000000e+00 0.000000000000000000e+00
4.673203722156520598e+03 2.526793560638108374e+03 0.000000000000000000e+00 4.407583289237613400e+01 0.000000000000000000e+00 0.000000000000000000e+00 0.000000000000000000e+00 4.445814080496271004e+01 0.000000000000000000e+00 0.000000000000000000e+00 0.000000000000000000e+00 4.445814080496270293e+01 0.000000000000000000e+00 0.000000000000000000e+00 0.000000000000000000e+00 4.407583289237613400e+01 0.000000000000000000e+00 0.000000000000000000e+00 0.000000000000000000e+00
1.324227563475402121e+03 1.670637724993020129e+03 0.000000000000000000e+00 6.629676854704750610e+01 0.000000000000000000e+00 0.000000000000000000e+00 0.000000000000000000e+00 6.585527305288684374e+01 0.000000000000000000e+00 0.000000000000000000e+00 0.000000000000000000e+00 6.585527305288684374e+01 0.000000000000000000e+00 0.000000000000000000e+00 0.000000000000000000e+00 6.629676854704750610e+01 0.000000000000000000e+00 0.000000000000000000e+00 0.000000000000000000e+00
1.323151023397541849e+03 1.323151023400986560e+03 0.000000000000000000e+00 6.785974771905834757e+01 0.000000000000000000e+00 0.000000000000000000e+00 0.000000000000000000e+00 6.609245138119703711e+01 0.000000000000000000e+00 0.000000000000000000e+00 0.000000000000000000e+00 6.609245138119703711e+01 0.000000000000000000e+00 0.000000000000000000e+00 0.000000000000000000e+00 6.785974771905834757e+01 0.000000000000000000e+00 0.000000000000000000e+00 0.000000000000000000e+00
1.671249776764590933e+03 1.671249776767632284e+03 0.000000000000000000e+00 6.625594471015146780e+01 0.000000000000000000e+00 0.000000000000000000e+00 0.000000000000000000e+00 6.610709700697252345e+01 0.000000000000000000e+00 0.000000000000000000e+00 0.000000000000000000e+00 6.610709700697252345e+01 0.000000000000000000e+00 0.000000000000000000e+00 0.000000000000000000e+00 6.625594471015146780e+01 0.000000000000000000e+00 0.000000000000000000e+00 0.000000000000000000e+00
1.670670083892146749e+03 1.324259922381484785e+03 0.000000000000000000e+00 6.782585607737284761e+01 0.000000000000000000e+00 0.000000000000000000e+00 0.000000000000000000e+00 6.634499904139343585e+01 0.000000000000000000e+00 0.000000000000000000e+00 0.000000000000000000e+00 6.634499904139343585e+01 0.000000000000000000e+00 0.000000000000000000e+00 0.000000000000000000e+00 6.782585607737284761e+01 0.000000000000000000e+00 0.000000000000000000e+00 0.000000000000000000e+00
5.873205080148423804e+03 3.126794918625334503e+03 0.000000000000000000e+00 4.585961094462132337e+01 0.000000000000000000e+00 0.000000000000000000e+00 0.000000000000000000e+00 8.111719693722854174e+00 0.000000000000000000e+00 0.000000000000000000e+00 0.000000000000000000e+00 8.111719693722875490e+00 0.000000000000000000e+00 0.000000000000000000e+00 0.000000000000000000e+00 4.585961094462132337e+01 0.000000000000000000e+00 0.000000000000000000e+00 0.000000000000000000e+00
5.873205080018703484e+03 3.473205080008769073e+03 0.000000000000000000e+00 6.519918710944952522e+01 0.000000000000000000e+00 0.000000000000000000e+00 0.000000000000000000e+00 5.179260794697935211e+00 0.000000000000000000e+00 0.000000000000000000e+00 0.000000000000000000e+00 5.179260794697974291e+00 0.000000000000000000e+00 0.000000000000000000e+00 0.000000000000000000e+00 6.519918710944952522e+01 0.000000000000000000e+00 0.000000000000000000e+00 0.000000000000000000e+00
5.526794915826847500e+03 3.126794915818323261e+03 0.000000000000000000e+00 5.128013863394748029e+01 0.000000000000000000e+00 0.000000000000000000e+00 0.000000000000000000e+00 6.422369387182035894e+01 0.000000000000000000e+00 0.000000000000000000e+00 0.000000000000000000e+00 6.422369387182037315e+01 0.000000000000000000e+00 0.000000000000000000e+00 0.000000000000000000e+00 5.128013863394748029e+01 0.000000000000000000e+00 0.000000000000000000e+00 0.000000000000000000e+00
5.526794917633621480e+03 3.473205079139329882e+03 0.000000000000000000e+00 6.974371300747569080e+01 0.000000000000000000e+00 0.000000000000000000e+00 0.000000000000000000e+00 6.598391348316100391e+01 0.000000000000000000e+00 0.000000000000000000e+00 0.000000000000000000e+00 6.598391348316100391e+01 0.000000000000000000e+00 0.000000000000000000e+00 0.000000000000000000e+00 6.974371300747571922e+01 0.000000000000000000e+00 0.000000000000000000e+00 0.000000000000000000e+00
4.926794887047767588e+03 3.473205048556215388e+03 0.000000000000000000e+00 4.194436871493422103e+01 0.000000000000000000e+00 0.000000000000000000e+00 0.000000000000000000e+00 3.829572141089808213e+01 0.000000000000000000e+00 0.000000000000000000e+00 0.000000000000000000e+00 3.829572141089808213e+01 0.000000000000000000e+00 0.000000000000000000e+00 0.000000000000000000e+00 4.194436871493422103e+01 0.000000000000000000e+00 0.000000000000000000e+00 0.000000000000000000e+00
4.926794730984908711e+03 3.126794730979207998e+03 0.000000000000000000e+00 5.898681366599219444e+01 0.000000000000000000e+00 0.000000000000000000e+00 0.000000000000000000e+00 4.024292597443560737e+01 0.000000000000000000e+00 0.000000000000000000e+00 0.000000000000000000e+00 4.024292597443560737e+01 0.000000000000000000e+00 0.000000000000000000e+00 0.000000000000000000e+00 5.898681366599220155e+01 0.000000000000000000e+00 0.000000000000000000e+00 0.000000000000000000e+00
5.273205044185578117e+03 3.473205044178575463e+03 0.000000000000000000e+00 4.532776057790706403e+01 0.000000000000000000e+00 0.000000000000000000e+00 0.000000000000000000e+00 7.221828893673134075e+01 0.000000000000000000e+00 0.000000000000000000e+00 0.000000000000000000e+00 7.221828893673134075e+01 0.000000000000000000e+00 0.000000000000000000e+00 0.000000000000000000e+00 4.532776057790706403e+01 0.000000000000000000e+00 0.000000000000000000e+00 0.000000000000000000e+00
5.273205053592925651e+03 3.126794892071762661e+03 0.000000000000000000e+00 6.227396803306726980e+01 0.000000000000000000e+00 0.000000000000000000e+00 0.000000000000000000e+00 7.327182479322391373e+01 0.000000000000000000e+00 0.000000000000000000e+00 0.000000000000000000e+00 7.327182479322391373e+01 0.000000000000000000e+00 0.000000000000000000e+00 0.000000000000000000e+00 6.227396803306727691e+01 0.000000000000000000e+00 0.000000000000000000e+00 0.000000000000000000e+00
4.326787405354617476e+03 2.273197566866123452e+03 0.000000000000000000e+00 3.642092766872047349e+01 0.000000000000000000e+00 0.000000000000000000e+00 0.000000000000000000e+00 2.164331919675226601e+01 0.000000000000000000e+00 0.000000000000000000e+00 0.000000000000000000e+00 2.164331919675226601e+01 0.000000000000000000e+00 0.000000000000000000e+00 0.000000000000000000e+00 3.642092766872047349e+01 0.000000000000000000e+00 0.000000000000000000e+00 0.000000000000000000e+00
4.326787794451824993e+03 1.926787794450539195e+03 0.000000000000000000e+00 2.348069695582010752e+01 0.000000000000000000e+00 0.000000000000000000e+00 0.000000000000000000e+00 2.014141059557375613e+01 0.000000000000000000e+00 0.000000000000000000e+00 0.000000000000000000e+00 2.014141059557375613e+01 0.000000000000000000e+00 0.000000000000000000e+00 0.000000000000000000e+00 2.348069695582010752e+01 0.000000000000000000e+00 0.000000000000000000e+00 0.000000000000000000e+00
4.673202770367865924e+03 2.273202770363686795e+03 0.000000000000000000e+00 3.798947404018969820e+01 0.000000000000000000e+00 0.000000000000000000e+00 0.000000000000000000e+00 3.994070372235182020e+01 0.000000000000000000e+00 0.000000000000000000e+00 0.000000000000000000e+00 3.994070372235182020e+01 0.000000000000000000e+00 0.000000000000000000e+00 0.000000000000000000e+00 3.798947404018969110e+01 0.000000000000000000e+00 0.000000000000000000e+00 0.000000000000000000e+00
4.673202587634427800e+03 1.926792426117668811e+03 0.000000000000000000e+00 2.542496538976103793e+01 0.000000000000000000e+00 0.000000000000000000e+00 0.000000000000000000e+00 3.882108634223487797e+01 0.000000000000000000e+00 0.000000000000000000e+00 0.000000000000000000e+00 3.882108634223487797e+01 0.000000000000000000e+00 0.000000000000000000e+00 0.000000000000000000e+00 2.542496538976103793e+01 0.000000000000000000e+00 0.000000000000000000e+00 0.000000000000000000e+00
4.926794691177692584e+03 2.873204852685716560e+03 0.000000000000000000e+00 6.044925202718759749e+01 0.000000000000000000e+00 0.000000000000000000e+00 0.000000000000000000e+00 4.927990585463183493e+01 0.000000000000000000e+00 0.000000000000000000e+00 0.000000000000000000e+00 4.927990585463183493e+01 0.000000000000000000e+00 0.000000000000000000e+00 0.000000000000000000e+00 6.044925202718759749e+01 0.000000000000000000e+00 0.000000000000000000e+00 0.000000000000000000e+00
4.926794559441009369e+03 2.526794559435199517e+03 0.000000000000000000e+00 4.535727783901697308e+01 0.000000000000000000e+00 0.000000000000000000e+00 0.000000000000000000e+00 4.773664319016654645e+01 0.000000000000000000e+00 0.000000000000000000e+00 0.000000000000000000e+00 4.773664319016654645e+01 0.000000000000000000e+00 0.000000000000000000e+00 0.000000000000000000e+00 4.535727783901698729e+01 0.000000000000000000e+00 0.000000000000000000e+00 0.000000000000000000e+00
5.273204993509194537e+03 2.873204993501723038e+03 0.000000000000000000e+00 6.057929986231105346e+01 0.000000000000000000e+00 0.000000000000000000e+00 0.000000000000000000e+00 4.984483921126296480e+01 0.000000000000000000e+00 0.000000000000000000e+00 0.000000000000000000e+00 4.984483921126296480e+01 0.000000000000000000e+00 0.000000000000000000e+00 0.000000000000000000e+00 6.057929986231106056e+01 0.000000000000000000e+00 0.000000000000000000e+00 0.000000000000000000e+00
5.273204998994247035e+03 2.526794837473445568e+03 0.000000000000000000e+00 4.540036556620535180e+01 0.000000000000000000e+00 0.000000000000000000e+00 0.000000000000000000e+00 4.842627159779731016e+01 0.000000000000000000e+00 0.000000000000000000e+00 0.000000000000000000e+00 4.842627159779729595e+01 0.000000000000000000e+00 0.000000000000000000e+00 0.000000000000000000e+00 4.540036556620537311e+01 0.000000000000000000e+00 0.000000000000000000e+00 0.000000000000000000e+00
2.526075974676012720e+03 1.326075974680183208e+03 0.000000000000000000e+00 7.591444684245125529e+01 0.000000000000000000e+00 0.000000000000000000e+00 0.000000000000000000e+00 7.229268620231421494e+01 0.000000000000000000e+00 0.000000000000000000e+00 0.000000000000000000e+00 7.229268620231421494e+01 0.000000000000000000e+00 0.000000000000000000e+00 0.000000000000000000e+00 7.591444684245125529e+01 0.000000000000000000e+00 0.000000000000000000e+00 0.000000000000000000e+00
2.872903367840015562e+03 1.326493206331004785e+03 0.000000000000000000e+00 7.679796299513643021e+01 0.000000000000000000e+00 0.000000000000000000e+00 0.000000000000000000e+00 7.719629660603419552e+01 0.000000000000000000e+00 0.000000000000000000e+00 0.000000000000000000e+00 7.719629660603419552e+01 0.000000000000000000e+00 0.000000000000000000e+00 0.000000000000000000e+00 7.679796299513643021e+01 0.000000000000000000e+00 0.000000000000000000e+00 0.000000000000000000e+00
2.526213363173015750e+03 1.672623524690343856e+03 0.000000000000000000e+00 7.400538464996937194e+01 0.000000000000000000e+00 0.000000000000000000e+00 0.000000000000000000e+00 7.207828583475679807e+01 0.000000000000000000e+00 0.000000000000000000e+00 0.000000000000000000e+00 7.207828583475679807e+01 0.000000000000000000e+00 0.000000000000000000e+00 0.000000000000000000e+00 7.400538464996937194e+01 0.000000000000000000e+00 0.000000000000000000e+00 0.000000000000000000e+00
2.872891390651050642e+03 1.672891390654739553e+03 0.000000000000000000e+00 7.486665765967894970e+01 0.000000000000000000e+00 0.000000000000000000e+00 0.000000000000000000e+00 7.693625154497475194e+01 0.000000000000000000e+00 0.000000000000000000e+00 0.000000000000000000e+00 7.693625154497475194e+01 0.000000000000000000e+00 0.000000000000000000e+00 0.000000000000000000e+00 7.486665765967894970e+01 0.000000000000000000e+00 0.000000000000000000e+00 0.000000000000000000e+00
4.926794520177564664e+03 2.273204681686009280e+03 0.000000000000000000e+00 3.527106983587038513e+01 0.000000000000000000e+00 0.000000000000000000e+00 0.000000000000000000e+00 4.592267641531789479e+01 0.000000000000000000e+00 0.000000000000000000e+00 0.000000000000000000e+00 4.592267641531787348e+01 0.000000000000000000e+00 0.000000000000000000e+00 0.000000000000000000e+00 3.527106983587039934e+01 0.000000000000000000e+00 0.000000000000000000e+00 0.000000000000000000e+00
4.926794364545678036e+03 1.926794364541542791e+03 0.000000000000000000e+00 2.269821557449755289e+01 0.000000000000000000e+00 0.000000000000000000e+00 0.000000000000000000e+00 4.493028292709542626e+01 0.000000000000000000e+00 0.000000000000000000e+00 0.000000000000000000e+00 4.493028292709543337e+01 0.000000000000000000e+00 0.000000000000000000e+00 0.000000000000000000e+00 2.269821557449755289e+01 0.000000000000000000e+00 0.000000000000000000e+00 0.000000000000000000e+00
5.273204939334851588e+03 2.273204939328284581e+03 0.000000000000000000e+00 3.508117437687895546e+01 0.000000000000000000e+00 0.000000000000000000e+00 0.000000000000000000e+00 4.487478650122872637e+01 0.000000000000000000e+00 0.000000000000000000e+00 0.000000000000000000e+00 4.487478650122872637e+01 0.000000000000000000e+00 0.000000000000000000e+00 0.000000000000000000e+00 3.508117437687896967e+01 0.000000000000000000e+00 0.000000000000000000e+00 0.000000000000000000e+00
5.273204950956142056e+03 1.926794789436779865e+03 0.000000000000000000e+00 2.262431555415959394e+01 0.000000000000000000e+00 0.000000000000000000e+00 0.000000000000000000e+00 4.391862622645500380e+01 0.000000000000000000e+00 0.000000000000000000e+00 0.000000000000000000e+00 4.391862622645500380e+01 0.000000000000000000e+00 0.000000000000000000e+00 0.000000000000000000e+00 2.262431555415959394e+01 0.000000000000000000e+00 0.000000000000000000e+00 0.000000000000000000e+00
5.873205078480017619e+03 1.926794916959272996e+03 0.000000000000000000e+00 2.518598426916608446e+01 0.000000000000000000e+00 0.000000000000000000e+00 0.000000000000000000e+00 3.458480114063284105e+01 0.000000000000000000e+00 0.000000000000000000e+00 0.000000000000000000e+00 3.458480114063284105e+01 0.000000000000000000e+00 0.000000000000000000e+00 0.000000000000000000e+00 2.518598426916608801e+01 0.000000000000000000e+00 0.000000000000000000e+00 0.000000000000000000e+00
5.873205078512307409e+03 2.273205078504261564e+03 0.000000000000000000e+00 3.899506356090101633e+01 0.000000000000000000e+00 0.000000000000000000e+00 0.000000000000000000e+00 3.548776853246546636e+01 0.000000000000000000e+00 0.000000000000000000e+00 0.000000000000000000e+00 3.548776853246547347e+01 0.000000000000000000e+00 0.000000000000000000e+00 0.000000000000000000e+00 3.899506356090101633e+01 0.000000000000000000e+00 0.000000000000000000e+00 0.000000000000000000e+00
5.526794911030842741e+03 1.926794911024517205e+03 0.000000000000000000e+00 2.575618147577766948e+01 0.000000000000000000e+00 0.000000000000000000e+00 0.000000000000000000e+00 4.154007217606213231e+01 0.000000000000000000e+00 0.000000000000000000e+00 0.000000000000000000e+00 4.154007217606213231e+01 0.000000000000000000e+00 0.000000000000000000e+00 0.000000000000000000e+00 2.575618147577767303e+01 0.000000000000000000e+00 0.000000000000000000e+00 0.000000000000000000e+00
5.526794910581100339e+03 2.273205072087561803e+03 0.000000000000000000e+00 3.947845119381432255e+01 0.000000000000000000e+00 0.000000000000000000e+00 0.000000000000000000e+00 4.242714770940480662e+01 0.000000000000000000e+00 0.000000000000000000e+00 0.000000000000000000e+00 4.242714770940480662e+01 0.000000000000000000e+00 0.000000000000000000e+00 0.000000000000000000e+00 3.947845119381432255e+01 0.000000000000000000e+00 0.000000000000000000e+00 0.000000000000000000e+00
1.072992969898062256e+03 3.126582808391862727e+03 0.000000000000000000e+00 6.387197635913003779e+01 0.000000000000000000e+00 0.000000000000000000e+00 0.000000000000000000e+00 6.539823075573448818e+01 0.000000000000000000e+00 0.000000000000000000e+00 0.000000000000000000e+00 6.539823075573448818e+01 0.000000000000000000e+00 0.000000000000000000e+00 0.000000000000000000e+00 6.387197635913003779e+01 0.000000000000000000e+00 0.000000000000000000e+00 0.000000000000000000e+00
1.073133508044205428e+03 3.473133508051865192e+03 0.000000000000000000e+00 6.555319178596325003e+01 0.000000000000000000e+00 0.000000000000000000e+00 0.000000000000000000e+00 6.550086514536114635e+01 0.000000000000000000e+00 0.000000000000000000e+00 0.000000000000000000e+00 6.550086514536114635e+01 0.000000000000000000e+00 0.000000000000000000e+00 0.000000000000000000e+00 6.555319178596325003e+01 0.000000000000000000e+00 0.000000000000000000e+00 0.000000000000000000e+00
7.266824650309000617e+02 3.126682465040712486e+03 0.000000000000000000e+00 6.424207164461971331e+01 0.000000000000000000e+00 0.000000000000000000e+00 0.000000000000000000e+00 6.834989206749564516e+01 0.000000000000000000e+00 0.000000000000000000e+00 0.000000000000000000e+00 6.834989206749564516e+01 0.000000000000000000e+00 0.000000000000000000e+00 0.000000000000000000e+00 6.424207164461971331e+01 0.000000000000000000e+00 0.000000000000000000e+00 0.000000000000000000e+00
7.267276121140814666e+02 3.473137773637357895e+03 0.000000000000000000e+00 6.593467177038522209e+01 0.000000000000000000e+00 0.000000000000000000e+00 0.000000000000000000e+00 6.847216283562757155e+01 0.000000000000000000e+00 0.000000000000000000e+00 0.000000000000000000e+00 6.847216283562757155e+01 0.000000000000000000e+00 0.000000000000000000e+00 0.000000000000000000e+00 6.593467177038522209e+01 0.000000000000000000e+00 0.000000000000000000e+00 0.000000000000000000e+00
1.673146723971916117e+03 3.726736562461457197e+03 0.000000000000000000e+00 6.604695828786161371e+01 0.000000000000000000e+00 0.000000000000000000e+00 0.000000000000000000e+00 5.234590453788383257e+01 0.000000000000000000e+00 0.000000000000000000e+00 0.000000000000000000e+00 5.234590453788383257e+01 0.000000000000000000e+00 0.000000000000000000e+00 0.000000000000000000e+00 6.604695828786161371e+01 0.000000000000000000e+00 0.000000000000000000e+00 0.000000000000000000e+00
1.673185041440608074e+03 4.073185041442581223e+03 0.000000000000000000e+00 6.351025021296698014e+01 0.000000000000000000e+00 0.000000000000000000e+00 0.000000000000000000e+00 5.143775570973946287e+01 0.000000000000000000e+00 0.000000000000000000e+00 0.000000000000000000e+00 5.143775570973946287e+01 0.000000000000000000e+00 0.000000000000000000e+00 0.000000000000000000e+00 6.351025021296698014e+01 0.000000000000000000e+00 0.000000000000000000e+00 0.000000000000000000e+00
1.326755031113826590e+03 3.726755031119415889e+03 0.000000000000000000e+00 6.686428554810767366e+01 0.000000000000000000e+00 0.000000000000000000e+00 0.000000000000000000e+00 5.814522072611818260e+01 0.000000000000000000e+00 0.000000000000000000e+00 0.000000000000000000e+00 5.814522072611818260e+01 0.000000000000000000e+00 0.000000000000000000e+00 0.000000000000000000e+00 6.686428554810767366e+01 0.000000000000000000e+00 0.000000000000000000e+00 0.000000000000000000e+00
1.326773603489386687e+03 4.073183765007345755e+03 0.000000000000000000e+00 6.435176151930039623e+01 0.000000000000000000e+00 0.000000000000000000e+00 0.000000000000000000e+00 5.734953137024584890e+01 0.000000000000000000e+00 0.000000000000000000e+00 0.000000000000000000e+00 5.734953137024584890e+01 0.000000000000000000e+00 0.000000000000000000e+00 0.000000000000000000e+00 6.435176151930039623e+01 0.000000000000000000e+00 0.000000000000000000e+00 0.000000000000000000e+00
2.271973737616914605e+03 1.071973737621246300e+03 0.000000000000000000e+00 7.151924154640802556e+01 0.000000000000000000e+00 0.000000000000000000e+00 0.000000000000000000e+00 7.204944607398880407e+01 0.000000000000000000e+00 0.000000000000000000e+00 0.000000000000000000e+00 7.204944607398880407e+01 0.000000000000000000e+00 0.000000000000000000e+00 0.000000000000000000e+00 7.151924154640802556e+01 0.000000000000000000e+00 0.000000000000000000e+00 0.000000000000000000e+00
1.924681185878440374e+03 1.071091347395770526e+03 0.000000000000000000e+00 7.115290099390797707e+01 0.000000000000000000e+00 0.000000000000000000e+00 0.000000000000000000e+00 6.963845852693123106e+01 0.000000000000000000e+00 0.000000000000000000e+00 0.000000000000000000e+00 6.963845852693123106e+01 0.000000000000000000e+00 0.000000000000000000e+00 0.000000000000000000e+00 7.115290099390797707e+01 0.000000000000000000e+00 0.000000000000000000e+00 0.000000000000000000e+00
2.272177838050005903e+03 7.257676765416705393e+02 0.000000000000000000e+00 7.339220831192447747e+01 0.000000000000000000e+00 0.000000000000000000e+00 0.000000000000000000e+00 7.200867943728526654e+01 0.000000000000000000e+00 0.000000000000000000e+00 0.000000000000000000e+00 7.200867943728526654e+01 0.000000000000000000e+00 0.000000000000000000e+00 0.000000000000000000e+00 7.339220831192447747e+01 0.000000000000000000e+00 0.000000000000000000e+00 0.000000000000000000e+00
1.924482328208661102e+03 7.244823282129964355e+02 0.000000000000000000e+00 7.275491883933953829e+01 0.000000000000000000e+00 0.000000000000000000e+00 0.000000000000000000e+00 6.982312766400985993e+01 0.000000000000000000e+00 0.000000000000000000e+00 0.000000000000000000e+00 6.982312766400985993e+01 0.000000000000000000e+00 0.000000000000000000e+00 0.000000000000000000e+00 7.275491883933953829e+01 0.000000000000000000e+00 0.000000000000000000e+00 0.000000000000000000e+00
3.726794900064993726e+03 4.926794900058866915e+03 0.000000000000000000e+00 6.661098344910105595e+01 0.000000000000000000e+00 0.000000000000000000e+00 0.000000000000000000e+00 4.830372979882665874e+01 0.000000000000000000e+00 0.000000000000000000e+00 0.000000000000000000e+00 4.830372979882665163e+01 0.000000000000000000e+00 0.000000000000000000e+00 0.000000000000000000e+00 6.661098344910105595e+01 0.000000000000000000e+00 0.000000000000000000e+00 0.000000000000000000e+00
4.073205077701877599e+03 4.926794916183040186e+03 0.000000000000000000e+00 6.890012260552848034e+01 0.000000000000000000e+00 0.000000000000000000e+00 0.000000000000000000e+00 8.115064430393840667e+01 0.000000000000000000e+00 0.000000000000000000e+00 0.000000000000000000e+00 8.115064430393840667e+01 0.000000000000000000e+00 0.000000000000000000e+00 0.000000000000000000e+00 6.890012260552848034e+01 0.000000000000000000e+00 0.000000000000000000e+00 0.000000000000000000e+00
3.726794916850860773e+03 5.273205078356612830e+03 0.000000000000000000e+00 6.171434837910380367e+01 0.000000000000000000e+00 0.000000000000000000e+00 0.000000000000000000e+00 4.778244933331249911e+01 0.000000000000000000e+00 0.000000000000000000e+00 0.000000000000000000e+00 4.778244933331249200e+01 0.000000000000000000e+00 0.000000000000000000e+00 0.000000000000000000e+00 6.171434837910379656e+01 0.000000000000000000e+00 0.000000000000000000e+00 0.000000000000000000e+00
4.073205077205398084e+03 5.273205077198867912e+03 0.000000000000000000e+00 6.383048304410645102e+01 0.000000000000000000e+00 0.000000000000000000e+00 0.000000000000000000e+00 8.096252598717933324e+01 0.000000000000000000e+00 0.000000000000000000e+00 0.000000000000000000e+00 8.096252598717933324e+01 0.000000000000000000e+00 0.000000000000000000e+00 0.000000000000000000e+00 6.383048304410644391e+01 0.000000000000000000e+00 0.000000000000000000e+00 0.000000000000000000e+00
1.073170363219576302e+03 3.726760201712954768e+03 0.000000000000000000e+00 6.647123792185652746e+01 0.000000000000000000e+00 0.000000000000000000e+00 0.000000000000000000e+00 6.244341449618085704e+01 0.000000000000000000e+00 0.000000000000000000e+00 0.000000000000000000e+00 6.244341449618085704e+01 0.000000000000000000e+00 0.000000000000000000e+00 0.000000000000000000e+00 6.647123792185652746e+01 0.000000000000000000e+00 0.000000000000000000e+00 0.000000000000000000e+00
1.073190682085130447e+03 4.073190682090861173e+03 0.000000000000000000e+00 6.749219195115152559e+01 0.000000000000000000e+00 0.000000000000000000e+00 0.000000000000000000e+00 6.229291418518649692e+01 0.000000000000000000e+00 0.000000000000000000e+00 0.000000000000000000e+00 6.229291418518649692e+01 0.000000000000000000e+00 0.000000000000000000e+00 0.000000000000000000e+00 6.749219195115152559e+01 0.000000000000000000e+00 0.000000000000000000e+00 0.000000000000000000e+00
7.267712810985781289e+02 3.726771281107578034e+03 0.000000000000000000e+00 6.721237638804339554e+01 0.000000000000000000e+00 0.000000000000000000e+00 0.000000000000000000e+00 6.753418946652416821e+01 0.000000000000000000e+00 0.000000000000000000e+00 0.000000000000000000e+00 6.753418946652416821e+01 0.000000000000000000e+00 0.000000000000000000e+00 0.000000000000000000e+00 6.721237638804339554e+01 0.000000000000000000e+00 0.000000000000000000e+00 0.000000000000000000e+00
7.267852730996941091e+02 4.073195434621366985e+03 0.000000000000000000e+00 6.824046307370751663e+01 0.000000000000000000e+00 0.000000000000000000e+00 0.000000000000000000e+00 6.745481688394727371e+01 0.000000000000000000e+00 0.000000000000000000e+00 0.000000000000000000e+00 6.745481688394727371e+01 0.000000000000000000e+00 0.000000000000000000e+00 0.000000000000000000e+00 6.824046307370751663e+01 0.000000000000000000e+00 0.000000000000000000e+00 0.000000000000000000e+00
4.926794390871654286e+03 1.673204552382351039e+03 0.000000000000000000e+00 2.886557075753910340e+01 0.000000000000000000e+00 0.000000000000000000e+00 0.000000000000000000e+00 4.437203000107695772e+01 0.000000000000000000e+00 0.000000000000000000e+00 0.000000000000000000e+00 4.437203000107695772e+01 0.000000000000000000e+00 0.000000000000000000e+00 0.000000000000000000e+00 2.886557075753910340e+01 0.000000000000000000e+00 0.000000000000000000e+00 0.000000000000000000e+00
4.926794736726090377e+03 1.326794736724867562e+03 0.000000000000000000e+00 5.823152580092124708e+01 0.000000000000000000e+00 0.000000000000000000e+00 0.000000000000000000e+00 4.716881568577922934e+01 0.000000000000000000e+00 0.000000000000000000e+00 0.000000000000000000e+00 4.716881568577922934e+01 0.000000000000000000e+00 0.000000000000000000e+00 0.000000000000000000e+00 5.823152580092126129e+01 0.000000000000000000e+00 0.000000000000000000e+00 0.000000000000000000e+00
5.273204990679279945e+03 1.673204990674769078e+03 0.000000000000000000e+00 2.846962637075744595e+01 0.000000000000000000e+00 0.000000000000000000e+00 0.000000000000000000e+00 4.405085145707861471e+01 0.000000000000000000e+00 0.000000000000000000e+00 0.000000000000000000e+00 4.405085145707861471e+01 0.000000000000000000e+00 0.000000000000000000e+00 0.000000000000000000e+00 2.846962637075744595e+01 0.000000000000000000e+00 0.000000000000000000e+00 0.000000000000000000e+00
5.273204969284974140e+03 1.326794807768483224e+03 0.000000000000000000e+00 5.803946385028877586e+01 0.000000000000000000e+00 0.000000000000000000e+00 0.000000000000000000e+00 4.729355011486385507e+01 0.000000000000000000e+00 0.000000000000000000e+00 0.000000000000000000e+00 4.729355011486385507e+01 0.000000000000000000e+00 0.000000000000000000e+00 0.000000000000000000e+00 5.803946385028878296e+01 0.000000000000000000e+00 0.000000000000000000e+00 0.000000000000000000e+00
5.526794911553944075e+03 1.673205073062446672e+03 0.000000000000000000e+00 3.611847489439745118e+01 0.000000000000000000e+00 0.000000000000000000e+00 0.000000000000000000e+00 5.649249369944416799e+01 0.000000000000000000e+00 0.000000000000000000e+00 0.000000000000000000e+00 5.649249369944416799e+01 0.000000000000000000e+00 0.000000000000000000e+00 0.000000000000000000e+00 3.611847489439745829e+01 0.000000000000000000e+00 0.000000000000000000e+00 0.000000000000000000e+00
5.526794915008676981e+03 1.326794915005199982e+03 0.000000000000000000e+00 7.165005210543171188e+01 0.000000000000000000e+00 0.000000000000000000e+00 0.000000000000000000e+00 6.045107212276287356e+01 0.000000000000000000e+00 0.000000000000000000e+00 0.000000000000000000e+00 6.045107212276287356e+01 0.000000000000000000e+00 0.000000000000000000e+00 0.000000000000000000e+00 7.165005210543172609e+01 0.000000000000000000e+00 0.000000000000000000e+00 0.000000000000000000e+00
5.873205079283447049e+03 1.673205079277520554e+03 0.000000000000000000e+00 3.984310191841399984e+01 0.000000000000000000e+00 0.000000000000000000e+00 0.000000000000000000e+00 8.884022215270866241e+01 0.000000000000000000e+00 0.000000000000000000e+00 0.000000000000000000e+00 8.884022215270866241e+01 0.000000000000000000e+00 0.000000000000000000e+00 0.000000000000000000e+00 3.984310191841402826e+01 0.000000000000000000e+00 0.000000000000000000e+00 0.000000000000000000e+00
5.873205079035408744e+03 1.326794917517572458e+03 0.000000000000000000e+00 7.646593447749415873e+01 0.000000000000000000e+00 0.000000000000000000e+00 0.000000000000000000e+00 9.098740315587153304e+01 0.000000000000000000e+00 0.000000000000000000e+00 0.000000000000000000e+00 9.098740315587153304e+01 0.000000000000000000e+00 0.000000000000000000e+00 0.000000000000000000e+00 7.646593447749417294e+01 0.000000000000000000e+00 0.000000000000000000e+00 0.000000000000000000e+00
1.267914571121517895e+02 4.073201618636433977e+03 0.000000000000000000e+00 6.924609537420086269e+01 0.000000000000000000e+00 0.000000000000000000e+00 0.000000000000000000e+00 7.523359602481436070e+01 0.000000000000000000e+00 0.000000000000000000e+00 0.000000000000000000e+00 7.523359602481436070e+01 0.000000000000000000e+00 0.000000000000000000e+00 0.000000000000000000e+00 6.924609537420086269e+01 0.000000000000000000e+00 0.000000000000000000e+00 0.000000000000000000e+00
1.267925721797612368e+02 3.726792572191484396e+03 0.000000000000000000e+00 6.868129757341094432e+01 0.000000000000000000e+00 0.000000000000000000e+00 0.000000000000000000e+00 7.527060357647233957e+01 0.000000000000000000e+00 0.000000000000000000e+00 0.000000000000000000e+00 7.527060357647233957e+01 0.000000000000000000e+00 0.000000000000000000e+00 0.000000000000000000e+00 6.868129757341094432e+01 0.000000000000000000e+00 0.000000000000000000e+00 0.000000000000000000e+00
4.732020060968666257e+02 4.073202006106008866e+03 0.000000000000000000e+00 6.853951523696414938e+01 0.000000000000000000e+00 0.000000000000000000e+00 0.000000000000000000e+00 7.114129605040346860e+01 0.000000000000000000e+00 0.000000000000000000e+00 0.000000000000000000e+00 7.114129605040346860e+01 0.000000000000000000e+00 0.000000000000000000e+00 0.000000000000000000e+00 6.853951523696414938e+01 0.000000000000000000e+00 0.000000000000000000e+00 0.000000000000000000e+00
4.731864752085869554e+02 3.726776313705071061e+03 0.000000000000000000e+00 6.798118490943885206e+01 0.000000000000000000e+00 0.000000000000000000e+00 0.000000000000000000e+00 7.120390926493223560e+01 0.000000000000000000e+00 0.000000000000000000e+00 0.000000000000000000e+00 7.120390926493223560e+01 0.000000000000000000e+00 0.000000000000000000e+00 0.000000000000000000e+00 6.798118490943885206e+01 0.000000000000000000e+00 0.000000000000000000e+00 0.000000000000000000e+00
1.073197713253906841e+03 4.326787551744575467e+03 0.000000000000000000e+00 6.711671887931379388e+01 0.000000000000000000e+00 0.000000000000000000e+00 0.000000000000000000e+00 6.013487690241981909e+01 0.000000000000000000e+00 0.000000000000000000e+00 0.000000000000000000e+00 6.013487690241981909e+01 0.000000000000000000e+00 0.000000000000000000e+00 0.000000000000000000e+00 6.711671887931379388e+01 0.000000000000000000e+00 0.000000000000000000e+00 0.000000000000000000e+00
1.073203756132059198e+03 4.673203756134185824e+03 0.000000000000000000e+00 6.520447833415182970e+01 0.000000000000000000e+00 0.000000000000000000e+00 0.000000000000000000e+00 5.953271516793202522e+01 0.000000000000000000e+00 0.000000000000000000e+00 0.000000000000000000e+00 5.953271516793202522e+01 0.000000000000000000e+00 0.000000000000000000e+00 0.000000000000000000e+00 6.520447833415182970e+01 0.000000000000000000e+00 0.000000000000000000e+00 0.000000000000000000e+00
7.267931142492734580e+02 4.326793114255858200e+03 0.000000000000000000e+00 6.786829922883428878e+01 0.000000000000000000e+00 0.000000000000000000e+00 0.000000000000000000e+00 6.466098510732045668e+01 0.000000000000000000e+00 0.000000000000000000e+00 0.000000000000000000e+00 6.466098510732045668e+01 0.000000000000000000e+00 0.000000000000000000e+00 0.000000000000000000e+00 6.786829922883428878e+01 0.000000000000000000e+00 0.000000000000000000e+00 0.000000000000000000e+00
7.267933924338256020e+02 4.673203553951932008e+03 0.000000000000000000e+00 6.596954282246008461e+01 0.000000000000000000e+00 0.000000000000000000e+00 0.000000000000000000e+00 6.411232868002893781e+01 0.000000000000000000e+00 0.000000000000000000e+00 0.000000000000000000e+00 6.411232868002893781e+01 0.000000000000000000e+00 0.000000000000000000e+00 0.000000000000000000e+00 6.596954282246008461e+01 0.000000000000000000e+00 0.000000000000000000e+00 0.000000000000000000e+00
4.732041827314095599e+02 4.326794021225400684e+03 0.000000000000000000e+00 6.876023690347402351e+01 0.000000000000000000e+00 0.000000000000000000e+00 0.000000000000000000e+00 6.914402495524581127e+01 0.000000000000000000e+00 0.000000000000000000e+00 0.000000000000000000e+00 6.914402495524581127e+01 0.000000000000000000e+00 0.000000000000000000e+00 0.000000000000000000e+00 6.876023690347402351e+01 0.000000000000000000e+00 0.000000000000000000e+00 0.000000000000000000e+00
4.732048984645369956e+02 4.673204898470085936e+03 0.000000000000000000e+00 6.871226449797141811e+01 0.000000000000000000e+00 0.000000000000000000e+00 0.000000000000000000e+00 6.885026140683024209e+01 0.000000000000000000e+00 0.000000000000000000e+00 0.000000000000000000e+00 6.885026140683024209e+01 0.000000000000000000e+00 0.000000000000000000e+00 0.000000000000000000e+00 6.871226449797141811e+01 0.000000000000000000e+00 0.000000000000000000e+00 0.000000000000000000e+00
1.267948002016306930e+02 4.326794800210810536e+03 0.000000000000000000e+00 6.992958668632455499e+01 0.000000000000000000e+00 0.000000000000000000e+00 0.000000000000000000e+00 7.572243225887342533e+01 0.000000000000000000e+00 0.000000000000000000e+00 0.000000000000000000e+00 7.572243225887342533e+01 0.000000000000000000e+00 0.000000000000000000e+00 0.000000000000000000e+00 6.992958668632455499e+01 0.000000000000000000e+00 0.000000000000000000e+00 0.000000000000000000e+00
1.267947488143041426e+02 4.673204910334429769e+03 0.000000000000000000e+00 6.831063540115580679e+01 0.000000000000000000e+00 0.000000000000000000e+00 0.000000000000000000e+00 7.709088593916563070e+01 0.000000000000000000e+00 0.000000000000000000e+00 0.000000000000000000e+00 7.709088593916563070e+01 0.000000000000000000e+00 0.000000000000000000e+00 0.000000000000000000e+00 6.831063540115580679e+01 0.000000000000000000e+00 0.000000000000000000e+00 0.000000000000000000e+00
4.073205080767434083e+03 5.873205080757185897e+03 0.000000000000000000e+00 -1.190163860925333772e+00 0.000000000000000000e+00 0.000000000000000000e+00 0.000000000000000000e+00 1.599992261152567252e+01 0.000000000000000000e+00 0.000000000000000000e+00 0.000000000000000000e+00 1.599992261152568851e+01 0.000000000000000000e+00 0.000000000000000000e+00 0.000000000000000000e+00 -1.190163860925367079e+00 0.000000000000000000e+00 0.000000000000000000e+00 0.000000000000000000e+00
3.726794919254842625e+03 5.873205080757180440e+03 0.000000000000000000e+00 4.146920744882454990e+00 0.000000000000000000e+00 0.000000000000000000e+00 0.000000000000000000e+00 4.259724282013542052e+01 0.000000000000000000e+00 0.000000000000000000e+00 0.000000000000000000e+00 4.259724282013542052e+01 0.000000000000000000e+00 0.000000000000000000e+00 0.000000000000000000e+00 4.146920744882421239e+00 0.000000000000000000e+00 0.000000000000000000e+00 0.000000000000000000e+00
4.073205080765892944e+03 5.526794919244177436e+03 0.000000000000000000e+00 4.255364539217025310e+01 0.000000000000000000e+00 0.000000000000000000e+00 0.000000000000000000e+00 2.116754020277500814e+01 0.000000000000000000e+00 0.000000000000000000e+00 0.000000000000000000e+00 2.116754020277499748e+01 0.000000000000000000e+00 0.000000000000000000e+00 0.000000000000000000e+00 4.255364539217023889e+01 0.000000000000000000e+00 0.000000000000000000e+00 0.000000000000000000e+00
3.726794919253683474e+03 5.526794919244257471e+03 0.000000000000000000e+00 4.477498521581535584e+01 0.000000000000000000e+00 0.000000000000000000e+00 0.000000000000000000e+00 4.568369929944932295e+01 0.000000000000000000e+00 0.000000000000000000e+00 0.000000000000000000e+00 4.568369929944931584e+01 0.000000000000000000e+00 0.000000000000000000e+00 0.000000000000000000e+00 4.477498521581533453e+01 0.000000000000000000e+00 0.000000000000000000e+00 0.000000000000000000e+00
1.263900032328675422e+02 4.728001647501100138e+02 0.000000000000000000e+00 6.672159713903742784e+01 0.000000000000000000e+00 0.000000000000000000e+00 0.000000000000000000e+00 6.663868934886028228e+01 0.000000000000000000e+00 0.000000000000000000e+00 0.000000000000000000e+00 6.663868934886028228e+01 0.000000000000000000e+00 0.000000000000000000e+00 0.000000000000000000e+00 6.672159713903742784e+01 0.000000000000000000e+00 0.000000000000000000e+00 0.000000000000000000e+00
1.261730093971358428e+02 1.261730093980384027e+02 0.000000000000000000e+00 6.669413542652409888e+01 0.000000000000000000e+00 0.000000000000000000e+00 0.000000000000000000e+00 6.663437568269827693e+01 0.000000000000000000e+00 0.000000000000000000e+00 0.000000000000000000e+00 6.663437568269827693e+01 0.000000000000000000e+00 0.000000000000000000e+00 0.000000000000000000e+00 6.669413542652409888e+01 0.000000000000000000e+00 0.000000000000000000e+00 0.000000000000000000e+00
4.697778305020220841e+02 4.697778305048528864e+02 0.000000000000000000e+00 6.672291543633454580e+01 0.000000000000000000e+00 0.000000000000000000e+00 0.000000000000000000e+00 6.663720328806384430e+01 0.000000000000000000e+00 0.000000000000000000e+00 0.000000000000000000e+00 6.663720328806384430e+01 0.000000000000000000e+00 0.000000000000000000e+00 0.000000000000000000e+00 6.672291543633454580e+01 0.000000000000000000e+00 0.000000000000000000e+00 0.000000000000000000e+00
4.728001647458103776e+02 1.263900032338755750e+02 0.000000000000000000e+00 6.669531987036178577e+01 0.000000000000000000e+00 0.000000000000000000e+00 0.000000000000000000e+00 6.663287645563040940e+01 0.000000000000000000e+00 0.000000000000000000e+00 0.000000000000000000e+00 6.663287645563040940e+01 0.000000000000000000e+00 0.000000000000000000e+00 0.000000000000000000e+00 6.669531987036178577e+01 0.000000000000000000e+00 0.000000000000000000e+00 0.000000000000000000e+00
2.272803721498058167e+03 1.263935599920434640e+02 0.000000000000000000e+00 6.292951808832475535e+01 0.000000000000000000e+00 0.000000000000000000e+00 0.000000000000000000e+00 7.490826477003588479e+01 0.000000000000000000e+00 0.000000000000000000e+00 0.000000000000000000e+00 7.490826477003588479e+01 0.000000000000000000e+00 0.000000000000000000e+00 0.000000000000000000e+00 6.292951808832475535e+01 0.000000000000000000e+00 0.000000000000000000e+00 0.000000000000000000e+00
2.272566660255538409e+03 4.725666602618475736e+02 0.000000000000000000e+00 7.196185219669011701e+01 0.000000000000000000e+00 0.000000000000000000e+00 0.000000000000000000e+00 7.655327188917847536e+01 0.000000000000000000e+00 0.000000000000000000e+00 0.000000000000000000e+00 7.655327188917847536e+01 0.000000000000000000e+00 0.000000000000000000e+00 0.000000000000000000e+00 7.196185219669011701e+01 0.000000000000000000e+00 0.000000000000000000e+00 0.000000000000000000e+00
1.926490894102993025e+03 1.264908941096835520e+02 0.000000000000000000e+00 6.126434989978937296e+01 0.000000000000000000e+00 0.000000000000000000e+00 0.000000000000000000e+00 6.814973226802052864e+01 0.000000000000000000e+00 0.000000000000000000e+00 0.000000000000000000e+00 6.814973226802052864e+01 0.000000000000000000e+00 0.000000000000000000e+00 0.000000000000000000e+00 6.126434989978937296e+01 0.000000000000000000e+00 0.000000000000000000e+00 0.000000000000000000e+00
1.924800809371116657e+03 4.712109708901173235e+02 0.000000000000000000e+00 7.047626371706871851e+01 0.000000000000000000e+00 0.000000000000000000e+00 0.000000000000000000e+00 6.994215779354706797e+01 0.000000000000000000e+00 0.000000000000000000e+00 0.000000000000000000e+00 6.994215779354706797e+01 0.000000000000000000e+00 0.000000000000000000e+00 0.000000000000000000e+00 7.047626371706871851e+01 0.000000000000000000e+00 0.000000000000000000e+00 0.000000000000000000e+00
1.672237654317164470e+03 1.258274928092709217e+02 0.000000000000000000e+00 6.621733067585334709e+01 0.000000000000000000e+00 0.000000000000000000e+00 0.000000000000000000e+00 6.675579711006385253e+01 0.000000000000000000e+00 0.000000000000000000e+00 0.000000000000000000e+00 6.675579711006385253e+01 0.000000000000000000e+00 0.000000000000000000e+00 0.000000000000000000e+00 6.621733067585334709e+01 0.000000000000000000e+00 0.000000000000000000e+00 0.000000000000000000e+00
1.670779040422846265e+03 4.707790404271705711e+02 0.000000000000000000e+00 6.730790737730141871e+01 0.000000000000000000e+00 0.000000000000000000e+00 0.000000000000000000e+00 6.692885740893801483e+01 0.000000000000000000e+00 0.000000000000000000e+00 0.000000000000000000e+00 6.692885740893801483e+01 0.000000000000000000e+00 0.000000000000000000e+00 0.000000000000000000e+00 6.730790737730141871e+01 0.000000000000000000e+00 0.000000000000000000e+00 0.000000000000000000e+00
1.325961629525169428e+03 1.259616295290967969e+02 0.000000000000000000e+00 6.616802868291001971e+01 0.000000000000000000e+00 0.000000000000000000e+00 0.000000000000000000e+00 6.678931888661878702e+01 0.000000000000000000e+00 0.000000000000000000e+00 0.000000000000000000e+00 6.678931888661878702e+01 0.000000000000000000e+00 0.000000000000000000e+00 0.000000000000000000e+00 6.616802868291001971e+01 0.000000000000000000e+00 0.000000000000000000e+00 0.000000000000000000e+00
1.322500595415256612e+03 4.689107569327932197e+02 0.000000000000000000e+00 6.726469600249934899e+01 0.000000000000000000e+00 0.000000000000000000e+00 0.000000000000000000e+00 6.696306023330724599e+01 0.000000000000000000e+00 0.000000000000000000e+00 0.000000000000000000e+00 6.696306023330724599e+01 0.000000000000000000e+00 0.000000000000000000e+00 0.000000000000000000e+00 6.726469600249934899e+01 0.000000000000000000e+00 0.000000000000000000e+00 0.000000000000000000e+00
4.673205080762715625e+03 5.526794919243357072e+03 0.000000000000000000e+00 -3.668663576866259746e+01 0.000000000000000000e+00 0.000000000000000000e+00 0.000000000000000000e+00 5.583608052695499424e+00 0.000000000000000000e+00 0.000000000000000000e+00 0.000000000000000000e+00 5.583608052695510082e+00 0.000000000000000000e+00 0.000000000000000000e+00 0.000000000000000000e+00 -3.668663576866257614e+01 0.000000000000000000e+00 0.000000000000000000e+00 0.000000000000000000e+00
4.673205080763240403e+03 5.873205080757075848e+03 0.000000000000000000e+00 2.344772381635029745e+01 0.000000000000000000e+00 0.000000000000000000e+00 0.000000000000000000e+00 1.023551636887878757e+01 0.000000000000000000e+00 0.000000000000000000e+00 0.000000000000000000e+00 1.023551636887879823e+01 0.000000000000000000e+00 0.000000000000000000e+00 0.000000000000000000e+00 2.344772381635034719e+01 0.000000000000000000e+00 0.000000000000000000e+00 0.000000000000000000e+00
4.326794919250738531e+03 5.526794919244071934e+03 0.000000000000000000e+00 -4.690192535625533310e+01 0.000000000000000000e+00 0.000000000000000000e+00 0.000000000000000000e+00 -7.212559447727898698e-01 0.000000000000000000e+00 0.000000000000000000e+00 0.000000000000000000e+00 -7.212559447727954209e-01 0.000000000000000000e+00 0.000000000000000000e+00 0.000000000000000000e+00 -4.690192535625528336e+01 0.000000000000000000e+00 0.000000000000000000e+00 0.000000000000000000e+00
4.326794919252325599e+03 5.873205080757024007e+03 0.000000000000000000e+00 2.095625932716177076e+01 0.000000000000000000e+00 0.000000000000000000e+00 0.000000000000000000e+00 6.307226892001743579e+00 0.000000000000000000e+00 0.000000000000000000e+00 0.000000000000000000e+00 6.307226892001737362e+00 0.000000000000000000e+00 0.000000000000000000e+00 0.000000000000000000e+00 2.095625932716180984e+01 0.000000000000000000e+00 0.000000000000000000e+00 0.000000000000000000e+00
4.926794872060408125e+03 7.267948720628783121e+02 0.000000000000000000e+00 6.937714469500835435e+01 0.000000000000000000e+00 0.000000000000000000e+00 0.000000000000000000e+00 6.583075742088981031e+01 0.000000000000000000e+00 0.000000000000000000e+00 0.000000000000000000e+00 6.583075742088979609e+01 0.000000000000000000e+00 0.000000000000000000e+00 0.000000000000000000e+00 6.937714469500835435e+01 0.000000000000000000e+00 0.000000000000000000e+00 0.000000000000000000e+00
5.273205053725124344e+03 7.267948922121065607e+02 0.000000000000000000e+00 7.023113810081662223e+01 0.000000000000000000e+00 0.000000000000000000e+00 0.000000000000000000e+00 7.090731996465856923e+01 0.000000000000000000e+00 0.000000000000000000e+00 0.000000000000000000e+00 7.090731996465856923e+01 0.000000000000000000e+00 0.000000000000000000e+00 0.000000000000000000e+00 7.023113810081662223e+01 0.000000000000000000e+00 0.000000000000000000e+00 0.000000000000000000e+00
4.926794794629045100e+03 1.073204956143037634e+03 0.000000000000000000e+00 6.954119486298856145e+01 0.000000000000000000e+00 0.000000000000000000e+00 0.000000000000000000e+00 6.609119811977629411e+01 0.000000000000000000e+00 0.000000000000000000e+00 0.000000000000000000e+00 6.609119811977627990e+01 0.000000000000000000e+00 0.000000000000000000e+00 0.000000000000000000e+00 6.954119486298854724e+01 0.000000000000000000e+00 0.000000000000000000e+00 0.000000000000000000e+00
5.273205057209238475e+03 1.073205057207983600e+03 0.000000000000000000e+00 7.038645050052247143e+01 0.000000000000000000e+00 0.000000000000000000e+00 0.000000000000000000e+00 7.111415165402944183e+01 0.000000000000000000e+00 0.000000000000000000e+00 0.000000000000000000e+00 7.111415165402944183e+01 0.000000000000000000e+00 0.000000000000000000e+00 0.000000000000000000e+00 7.038645050052247143e+01 0.000000000000000000e+00 0.000000000000000000e+00 0.000000000000000000e+00
1.073204986122310402e+03 5.273204986119774730e+03 0.000000000000000000e+00 5.378961430768267604e+01 0.000000000000000000e+00 0.000000000000000000e+00 0.000000000000000000e+00 5.250051321232689361e+01 0.000000000000000000e+00 0.000000000000000000e+00 0.000000000000000000e+00 5.250051321232689361e+01 0.000000000000000000e+00 0.000000000000000000e+00 0.000000000000000000e+00 5.378961430768267604e+01 0.000000000000000000e+00 0.000000000000000000e+00 0.000000000000000000e+00
7.267948404756840546e+02 5.273205001989224911e+03 0.000000000000000000e+00 5.407676644021105972e+01 0.000000000000000000e+00 0.000000000000000000e+00 0.000000000000000000e+00 5.012099557600223676e+01 0.000000000000000000e+00 0.000000000000000000e+00 0.000000000000000000e+00 5.012099557600222255e+01 0.000000000000000000e+00 0.000000000000000000e+00 0.000000000000000000e+00 5.407676644021105261e+01 0.000000000000000000e+00 0.000000000000000000e+00 0.000000000000000000e+00
1.073204762666664237e+03 4.926794601153172152e+03 0.000000000000000000e+00 6.076355904780330519e+01 0.000000000000000000e+00 0.000000000000000000e+00 0.000000000000000000e+00 5.309076853664443263e+01 0.000000000000000000e+00 0.000000000000000000e+00 0.000000000000000000e+00 5.309076853664443263e+01 0.000000000000000000e+00 0.000000000000000000e+00 0.000000000000000000e+00 6.076355904780330519e+01 0.000000000000000000e+00 0.000000000000000000e+00 0.000000000000000000e+00
7.267947971994085492e+02 4.926794797201884649e+03 0.000000000000000000e+00 6.093502715599007047e+01 0.000000000000000000e+00 0.000000000000000000e+00 0.000000000000000000e+00 5.072032718949908059e+01 0.000000000000000000e+00 0.000000000000000000e+00 0.000000000000000000e+00 5.072032718949908059e+01 0.000000000000000000e+00 0.000000000000000000e+00 0.000000000000000000e+00 6.093502715599007047e+01 0.000000000000000000e+00 0.000000000000000000e+00 0.000000000000000000e+00
